p_name,s_name,info_type,info
set_66_1_010.txt,marginal_greedy,Median,35
set_66_1_010.txt,marginal_greedy,Q1,35
set_66_1_010.txt,marginal_greedy,Q3,40
set_66_1_010.txt,marginal_greedy,Best,40
set_66_1_010.txt,marginal_greedy,Worst,35
set_66_1_010.txt,marginal_greedy,Average,36.666
set_66_1_010.txt,marginal_greedy,RouteDiversity,0.9252601887603019
set_66_1_010.txt,marginal_greedy,LocalRouteDiversity,0.001066666666666667
set_66_1_010.txt,marginal_lazy,Median,20
set_66_1_010.txt,marginal_lazy,Q1,20
set_66_1_010.txt,marginal_lazy,Q3,20
set_66_1_010.txt,marginal_lazy,Best,20
set_66_1_010.txt,marginal_lazy,Worst,20
set_66_1_010.txt,marginal_lazy,Average,20
set_66_1_010.txt,marginal_lazy,RouteDiversity,0.5004824824824825
set_66_1_010.txt,marginal_lazy,LocalRouteDiversity,0
set_66_1_010.txt,marginal_smart,Median,40
set_66_1_010.txt,marginal_smart,Q1,40
set_66_1_010.txt,marginal_smart,Q3,40
set_66_1_010.txt,marginal_smart,Best,40
set_66_1_010.txt,marginal_smart,Worst,40
set_66_1_010.txt,marginal_smart,Average,40
set_66_1_010.txt,marginal_smart,RouteDiversity,0.7492732732732733
set_66_1_010.txt,marginal_smart,LocalRouteDiversity,0
set_66_1_010.txt,marginal_wise,Median,40
set_66_1_010.txt,marginal_wise,Q1,40
set_66_1_010.txt,marginal_wise,Q3,40
set_66_1_010.txt,marginal_wise,Best,40
set_66_1_010.txt,marginal_wise,Worst,40
set_66_1_010.txt,marginal_wise,Average,40
set_66_1_010.txt,marginal_wise,RouteDiversity,0.5002582582582582
set_66_1_010.txt,marginal_wise,LocalRouteDiversity,0
set_66_1_010.txt,marginal_envy,Median,40
set_66_1_010.txt,marginal_envy,Q1,40
set_66_1_010.txt,marginal_envy,Q3,40
set_66_1_010.txt,marginal_envy,Best,40
set_66_1_010.txt,marginal_envy,Worst,40
set_66_1_010.txt,marginal_envy,Average,40
set_66_1_010.txt,marginal_envy,RouteDiversity,0.7501201201201201
set_66_1_010.txt,marginal_envy,LocalRouteDiversity,0
set_66_1_010.txt,total_greedy,Median,35
set_66_1_010.txt,total_greedy,Q1,35
set_66_1_010.txt,total_greedy,Q3,40
set_66_1_010.txt,total_greedy,Best,40
set_66_1_010.txt,total_greedy,Worst,35
set_66_1_010.txt,total_greedy,Average,36.679
set_66_1_010.txt,total_greedy,RouteDiversity,0.9236263445986818
set_66_1_010.txt,total_greedy,LocalRouteDiversity,0
set_66_1_010.txt,total_lazy,Median,20
set_66_1_010.txt,total_lazy,Q1,20
set_66_1_010.txt,total_lazy,Q3,20
set_66_1_010.txt,total_lazy,Best,20
set_66_1_010.txt,total_lazy,Worst,20
set_66_1_010.txt,total_lazy,Average,20
set_66_1_010.txt,total_lazy,RouteDiversity,0.49893093093093094
set_66_1_010.txt,total_lazy,LocalRouteDiversity,0
set_66_1_010.txt,total_smart,Median,40
set_66_1_010.txt,total_smart,Q1,40
set_66_1_010.txt,total_smart,Q3,40
set_66_1_010.txt,total_smart,Best,40
set_66_1_010.txt,total_smart,Worst,40
set_66_1_010.txt,total_smart,Average,40
set_66_1_010.txt,total_smart,RouteDiversity,0.7505805805805805
set_66_1_010.txt,total_smart,LocalRouteDiversity,0
set_66_1_010.txt,total_wise,Median,40
set_66_1_010.txt,total_wise,Q1,40
set_66_1_010.txt,total_wise,Q3,40
set_66_1_010.txt,total_wise,Best,40
set_66_1_010.txt,total_wise,Worst,40
set_66_1_010.txt,total_wise,Average,40
set_66_1_010.txt,total_wise,RouteDiversity,0.4998518518518518
set_66_1_010.txt,total_wise,LocalRouteDiversity,0
set_66_1_010.txt,total_envy,Median,40
set_66_1_010.txt,total_envy,Q1,40
set_66_1_010.txt,total_envy,Q3,40
set_66_1_010.txt,total_envy,Best,40
set_66_1_010.txt,total_envy,Worst,40
set_66_1_010.txt,total_envy,Average,40
set_66_1_010.txt,total_envy,RouteDiversity,0.749961961961962
set_66_1_010.txt,total_envy,LocalRouteDiversity,0
set_66_1_010.txt,selected_random,Median,40
set_66_1_010.txt,selected_random,Q1,40
set_66_1_010.txt,selected_random,Q3,40
set_66_1_010.txt,selected_random,Best,40
set_66_1_010.txt,selected_random,Worst,40
set_66_1_010.txt,selected_random,Average,40
set_66_1_010.txt,selected_random,RouteDiversity,0.8086301857393965
set_66_1_010.txt,selected_random,LocalRouteDiversity,0
set_66_1_010.txt,selected_random_random_tie,Median,40
set_66_1_010.txt,selected_random_random_tie,Q1,40
set_66_1_010.txt,selected_random_random_tie,Q3,40
set_66_1_010.txt,selected_random_random_tie,Best,40
set_66_1_010.txt,selected_random_random_tie,Worst,40
set_66_1_010.txt,selected_random_random_tie,Average,40
set_66_1_010.txt,selected_random_random_tie,RouteDiversity,0.8087503058595708
set_66_1_010.txt,selected_random_random_tie,LocalRouteDiversity,0
set_66_1_010.txt,selected_random_tie_marginal_envy,Median,40
set_66_1_010.txt,selected_random_tie_marginal_envy,Q1,40
set_66_1_010.txt,selected_random_tie_marginal_envy,Q3,40
set_66_1_010.txt,selected_random_tie_marginal_envy,Best,40
set_66_1_010.txt,selected_random_tie_marginal_envy,Worst,40
set_66_1_010.txt,selected_random_tie_marginal_envy,Average,40
set_66_1_010.txt,selected_random_tie_marginal_envy,RouteDiversity,0.8095335335317879
set_66_1_010.txt,selected_random_tie_marginal_envy,LocalRouteDiversity,0
set_66_1_010.txt,selected_random_tie_total_envy,Median,40
set_66_1_010.txt,selected_random_tie_total_envy,Q1,40
set_66_1_010.txt,selected_random_tie_total_envy,Q3,40
set_66_1_010.txt,selected_random_tie_total_envy,Best,40
set_66_1_010.txt,selected_random_tie_total_envy,Worst,40
set_66_1_010.txt,selected_random_tie_total_envy,Average,40
set_66_1_010.txt,selected_random_tie_total_envy,RouteDiversity,0.8089500611704786
set_66_1_010.txt,selected_random_tie_total_envy,LocalRouteDiversity,0
set_66_1_010.txt,selected_random_tie_marginal_wise,Median,40
set_66_1_010.txt,selected_random_tie_marginal_wise,Q1,40
set_66_1_010.txt,selected_random_tie_marginal_wise,Q3,40
set_66_1_010.txt,selected_random_tie_marginal_wise,Best,40
set_66_1_010.txt,selected_random_tie_marginal_wise,Worst,40
set_66_1_010.txt,selected_random_tie_marginal_wise,Average,40
set_66_1_010.txt,selected_random_tie_marginal_wise,RouteDiversity,0.8086286286268267
set_66_1_010.txt,selected_random_tie_marginal_wise,LocalRouteDiversity,0
tsiligirides_problem_2_budget_15.txt,marginal_greedy,Median,95
tsiligirides_problem_2_budget_15.txt,marginal_greedy,Q1,90
tsiligirides_problem_2_budget_15.txt,marginal_greedy,Q3,115
tsiligirides_problem_2_budget_15.txt,marginal_greedy,Best,120
tsiligirides_problem_2_budget_15.txt,marginal_greedy,Worst,80
tsiligirides_problem_2_budget_15.txt,marginal_greedy,Average,101.631
tsiligirides_problem_2_budget_15.txt,marginal_greedy,RouteDiversity,0.7400352549910356
tsiligirides_problem_2_budget_15.txt,marginal_greedy,LocalRouteDiversity,0
tsiligirides_problem_2_budget_15.txt,marginal_lazy,Median,120
tsiligirides_problem_2_budget_15.txt,marginal_lazy,Q1,120
tsiligirides_problem_2_budget_15.txt,marginal_lazy,Q3,120
tsiligirides_problem_2_budget_15.txt,marginal_lazy,Best,120
tsiligirides_problem_2_budget_15.txt,marginal_lazy,Worst,120
tsiligirides_problem_2_budget_15.txt,marginal_lazy,Average,120
tsiligirides_problem_2_budget_15.txt,marginal_lazy,RouteDiversity,0
tsiligirides_problem_2_budget_15.txt,marginal_lazy,LocalRouteDiversity,0
tsiligirides_problem_2_budget_15.txt,marginal_smart,Median,110
tsiligirides_problem_2_budget_15.txt,marginal_smart,Q1,110
tsiligirides_problem_2_budget_15.txt,marginal_smart,Q3,110
tsiligirides_problem_2_budget_15.txt,marginal_smart,Best,110
tsiligirides_problem_2_budget_15.txt,marginal_smart,Worst,110
tsiligirides_problem_2_budget_15.txt,marginal_smart,Average,110
tsiligirides_problem_2_budget_15.txt,marginal_smart,RouteDiversity,0
tsiligirides_problem_2_budget_15.txt,marginal_smart,LocalRouteDiversity,0
tsiligirides_problem_2_budget_15.txt,marginal_wise,Median,120
tsiligirides_problem_2_budget_15.txt,marginal_wise,Q1,120
tsiligirides_problem_2_budget_15.txt,marginal_wise,Q3,120
tsiligirides_problem_2_budget_15.txt,marginal_wise,Best,120
tsiligirides_problem_2_budget_15.txt,marginal_wise,Worst,120
tsiligirides_problem_2_budget_15.txt,marginal_wise,Average,120
tsiligirides_problem_2_budget_15.txt,marginal_wise,RouteDiversity,0
tsiligirides_problem_2_budget_15.txt,marginal_wise,LocalRouteDiversity,0
tsiligirides_problem_2_budget_15.txt,marginal_envy,Median,120
tsiligirides_problem_2_budget_15.txt,marginal_envy,Q1,120
tsiligirides_problem_2_budget_15.txt,marginal_envy,Q3,120
tsiligirides_problem_2_budget_15.txt,marginal_envy,Best,120
tsiligirides_problem_2_budget_15.txt,marginal_envy,Worst,120
tsiligirides_problem_2_budget_15.txt,marginal_envy,Average,120
tsiligirides_problem_2_budget_15.txt,marginal_envy,RouteDiversity,0
tsiligirides_problem_2_budget_15.txt,marginal_envy,LocalRouteDiversity,0
tsiligirides_problem_2_budget_15.txt,total_greedy,Median,95
tsiligirides_problem_2_budget_15.txt,total_greedy,Q1,90
tsiligirides_problem_2_budget_15.txt,total_greedy,Q3,115
tsiligirides_problem_2_budget_15.txt,total_greedy,Best,120
tsiligirides_problem_2_budget_15.txt,total_greedy,Worst,80
tsiligirides_problem_2_budget_15.txt,total_greedy,Average,101.459
tsiligirides_problem_2_budget_15.txt,total_greedy,RouteDiversity,0.7458521281635755
tsiligirides_problem_2_budget_15.txt,total_greedy,LocalRouteDiversity,0
tsiligirides_problem_2_budget_15.txt,total_lazy,Median,120
tsiligirides_problem_2_budget_15.txt,total_lazy,Q1,120
tsiligirides_problem_2_budget_15.txt,total_lazy,Q3,120
tsiligirides_problem_2_budget_15.txt,total_lazy,Best,120
tsiligirides_problem_2_budget_15.txt,total_lazy,Worst,120
tsiligirides_problem_2_budget_15.txt,total_lazy,Average,120
tsiligirides_problem_2_budget_15.txt,total_lazy,RouteDiversity,0
tsiligirides_problem_2_budget_15.txt,total_lazy,LocalRouteDiversity,0
tsiligirides_problem_2_budget_15.txt,total_smart,Median,110
tsiligirides_problem_2_budget_15.txt,total_smart,Q1,110
tsiligirides_problem_2_budget_15.txt,total_smart,Q3,110
tsiligirides_problem_2_budget_15.txt,total_smart,Best,110
tsiligirides_problem_2_budget_15.txt,total_smart,Worst,110
tsiligirides_problem_2_budget_15.txt,total_smart,Average,110
tsiligirides_problem_2_budget_15.txt,total_smart,RouteDiversity,0
tsiligirides_problem_2_budget_15.txt,total_smart,LocalRouteDiversity,0
tsiligirides_problem_2_budget_15.txt,total_wise,Median,120
tsiligirides_problem_2_budget_15.txt,total_wise,Q1,120
tsiligirides_problem_2_budget_15.txt,total_wise,Q3,120
tsiligirides_problem_2_budget_15.txt,total_wise,Best,120
tsiligirides_problem_2_budget_15.txt,total_wise,Worst,120
tsiligirides_problem_2_budget_15.txt,total_wise,Average,120
tsiligirides_problem_2_budget_15.txt,total_wise,RouteDiversity,0
tsiligirides_problem_2_budget_15.txt,total_wise,LocalRouteDiversity,0
tsiligirides_problem_2_budget_15.txt,total_envy,Median,110
tsiligirides_problem_2_budget_15.txt,total_envy,Q1,110
tsiligirides_problem_2_budget_15.txt,total_envy,Q3,110
tsiligirides_problem_2_budget_15.txt,total_envy,Best,110
tsiligirides_problem_2_budget_15.txt,total_envy,Worst,110
tsiligirides_problem_2_budget_15.txt,total_envy,Average,110
tsiligirides_problem_2_budget_15.txt,total_envy,RouteDiversity,0
tsiligirides_problem_2_budget_15.txt,total_envy,LocalRouteDiversity,0
tsiligirides_problem_2_budget_15.txt,selected_random,Median,110
tsiligirides_problem_2_budget_15.txt,selected_random,Q1,110
tsiligirides_problem_2_budget_15.txt,selected_random,Q3,120
tsiligirides_problem_2_budget_15.txt,selected_random,Best,120
tsiligirides_problem_2_budget_15.txt,selected_random,Worst,110
tsiligirides_problem_2_budget_15.txt,selected_random,Average,114.132
tsiligirides_problem_2_budget_15.txt,selected_random,RouteDiversity,0.32883160083157653
tsiligirides_problem_2_budget_15.txt,selected_random,LocalRouteDiversity,0
tsiligirides_problem_2_budget_15.txt,selected_random_random_tie,Median,110
tsiligirides_problem_2_budget_15.txt,selected_random_random_tie,Q1,110
tsiligirides_problem_2_budget_15.txt,selected_random_random_tie,Q3,120
tsiligirides_problem_2_budget_15.txt,selected_random_random_tie,Best,120
tsiligirides_problem_2_budget_15.txt,selected_random_random_tie,Worst,110
tsiligirides_problem_2_budget_15.txt,selected_random_random_tie,Average,114.176
tsiligirides_problem_2_budget_15.txt,selected_random_random_tie,RouteDiversity,0.3349654269654286
tsiligirides_problem_2_budget_15.txt,selected_random_random_tie,LocalRouteDiversity,0
tsiligirides_problem_2_budget_15.txt,selected_random_tie_marginal_envy,Median,110
tsiligirides_problem_2_budget_15.txt,selected_random_tie_marginal_envy,Q1,110
tsiligirides_problem_2_budget_15.txt,selected_random_tie_marginal_envy,Q3,120
tsiligirides_problem_2_budget_15.txt,selected_random_tie_marginal_envy,Best,120
tsiligirides_problem_2_budget_15.txt,selected_random_tie_marginal_envy,Worst,110
tsiligirides_problem_2_budget_15.txt,selected_random_tie_marginal_envy,Average,114.206
tsiligirides_problem_2_budget_15.txt,selected_random_tie_marginal_envy,RouteDiversity,0.3338002384667796
tsiligirides_problem_2_budget_15.txt,selected_random_tie_marginal_envy,LocalRouteDiversity,0
tsiligirides_problem_2_budget_15.txt,selected_random_tie_total_envy,Median,110
tsiligirides_problem_2_budget_15.txt,selected_random_tie_total_envy,Q1,110
tsiligirides_problem_2_budget_15.txt,selected_random_tie_total_envy,Q3,120
tsiligirides_problem_2_budget_15.txt,selected_random_tie_total_envy,Best,120
tsiligirides_problem_2_budget_15.txt,selected_random_tie_total_envy,Worst,110
tsiligirides_problem_2_budget_15.txt,selected_random_tie_total_envy,Average,114.26
tsiligirides_problem_2_budget_15.txt,selected_random_tie_total_envy,RouteDiversity,0.3422059787060227
tsiligirides_problem_2_budget_15.txt,selected_random_tie_total_envy,LocalRouteDiversity,0
tsiligirides_problem_2_budget_15.txt,selected_random_tie_marginal_wise,Median,110
tsiligirides_problem_2_budget_15.txt,selected_random_tie_marginal_wise,Q1,110
tsiligirides_problem_2_budget_15.txt,selected_random_tie_marginal_wise,Q3,120
tsiligirides_problem_2_budget_15.txt,selected_random_tie_marginal_wise,Best,120
tsiligirides_problem_2_budget_15.txt,selected_random_tie_marginal_wise,Worst,110
tsiligirides_problem_2_budget_15.txt,selected_random_tie_marginal_wise,Average,114.22
tsiligirides_problem_2_budget_15.txt,selected_random_tie_marginal_wise,RouteDiversity,0.3423521925188018
tsiligirides_problem_2_budget_15.txt,selected_random_tie_marginal_wise,LocalRouteDiversity,0
tsiligirides_problem_2_budget_32.txt,marginal_greedy,Median,170
tsiligirides_problem_2_budget_32.txt,marginal_greedy,Q1,170
tsiligirides_problem_2_budget_32.txt,marginal_greedy,Q3,170
tsiligirides_problem_2_budget_32.txt,marginal_greedy,Best,170
tsiligirides_problem_2_budget_32.txt,marginal_greedy,Worst,170
tsiligirides_problem_2_budget_32.txt,marginal_greedy,Average,170
tsiligirides_problem_2_budget_32.txt,marginal_greedy,RouteDiversity,0
tsiligirides_problem_2_budget_32.txt,marginal_greedy,LocalRouteDiversity,0
tsiligirides_problem_2_budget_32.txt,marginal_lazy,Median,230
tsiligirides_problem_2_budget_32.txt,marginal_lazy,Q1,230
tsiligirides_problem_2_budget_32.txt,marginal_lazy,Q3,230
tsiligirides_problem_2_budget_32.txt,marginal_lazy,Best,230
tsiligirides_problem_2_budget_32.txt,marginal_lazy,Worst,230
tsiligirides_problem_2_budget_32.txt,marginal_lazy,Average,230
tsiligirides_problem_2_budget_32.txt,marginal_lazy,RouteDiversity,0
tsiligirides_problem_2_budget_32.txt,marginal_lazy,LocalRouteDiversity,0
tsiligirides_problem_2_budget_32.txt,marginal_smart,Median,260
tsiligirides_problem_2_budget_32.txt,marginal_smart,Q1,260
tsiligirides_problem_2_budget_32.txt,marginal_smart,Q3,260
tsiligirides_problem_2_budget_32.txt,marginal_smart,Best,260
tsiligirides_problem_2_budget_32.txt,marginal_smart,Worst,260
tsiligirides_problem_2_budget_32.txt,marginal_smart,Average,260
tsiligirides_problem_2_budget_32.txt,marginal_smart,RouteDiversity,0
tsiligirides_problem_2_budget_32.txt,marginal_smart,LocalRouteDiversity,0
tsiligirides_problem_2_budget_32.txt,marginal_wise,Median,230
tsiligirides_problem_2_budget_32.txt,marginal_wise,Q1,230
tsiligirides_problem_2_budget_32.txt,marginal_wise,Q3,230
tsiligirides_problem_2_budget_32.txt,marginal_wise,Best,230
tsiligirides_problem_2_budget_32.txt,marginal_wise,Worst,230
tsiligirides_problem_2_budget_32.txt,marginal_wise,Average,230
tsiligirides_problem_2_budget_32.txt,marginal_wise,RouteDiversity,0
tsiligirides_problem_2_budget_32.txt,marginal_wise,LocalRouteDiversity,0
tsiligirides_problem_2_budget_32.txt,marginal_envy,Median,220
tsiligirides_problem_2_budget_32.txt,marginal_envy,Q1,220
tsiligirides_problem_2_budget_32.txt,marginal_envy,Q3,220
tsiligirides_problem_2_budget_32.txt,marginal_envy,Best,220
tsiligirides_problem_2_budget_32.txt,marginal_envy,Worst,220
tsiligirides_problem_2_budget_32.txt,marginal_envy,Average,220
tsiligirides_problem_2_budget_32.txt,marginal_envy,RouteDiversity,0
tsiligirides_problem_2_budget_32.txt,marginal_envy,LocalRouteDiversity,0
tsiligirides_problem_2_budget_32.txt,total_greedy,Median,170
tsiligirides_problem_2_budget_32.txt,total_greedy,Q1,170
tsiligirides_problem_2_budget_32.txt,total_greedy,Q3,170
tsiligirides_problem_2_budget_32.txt,total_greedy,Best,170
tsiligirides_problem_2_budget_32.txt,total_greedy,Worst,170
tsiligirides_problem_2_budget_32.txt,total_greedy,Average,170
tsiligirides_problem_2_budget_32.txt,total_greedy,RouteDiversity,0
tsiligirides_problem_2_budget_32.txt,total_greedy,LocalRouteDiversity,0
tsiligirides_problem_2_budget_32.txt,total_lazy,Median,230
tsiligirides_problem_2_budget_32.txt,total_lazy,Q1,230
tsiligirides_problem_2_budget_32.txt,total_lazy,Q3,230
tsiligirides_problem_2_budget_32.txt,total_lazy,Best,230
tsiligirides_problem_2_budget_32.txt,total_lazy,Worst,230
tsiligirides_problem_2_budget_32.txt,total_lazy,Average,230
tsiligirides_problem_2_budget_32.txt,total_lazy,RouteDiversity,0
tsiligirides_problem_2_budget_32.txt,total_lazy,LocalRouteDiversity,0
tsiligirides_problem_2_budget_32.txt,total_smart,Median,260
tsiligirides_problem_2_budget_32.txt,total_smart,Q1,260
tsiligirides_problem_2_budget_32.txt,total_smart,Q3,260
tsiligirides_problem_2_budget_32.txt,total_smart,Best,260
tsiligirides_problem_2_budget_32.txt,total_smart,Worst,260
tsiligirides_problem_2_budget_32.txt,total_smart,Average,260
tsiligirides_problem_2_budget_32.txt,total_smart,RouteDiversity,0
tsiligirides_problem_2_budget_32.txt,total_smart,LocalRouteDiversity,0
tsiligirides_problem_2_budget_32.txt,total_wise,Median,230
tsiligirides_problem_2_budget_32.txt,total_wise,Q1,230
tsiligirides_problem_2_budget_32.txt,total_wise,Q3,230
tsiligirides_problem_2_budget_32.txt,total_wise,Best,230
tsiligirides_problem_2_budget_32.txt,total_wise,Worst,230
tsiligirides_problem_2_budget_32.txt,total_wise,Average,230
tsiligirides_problem_2_budget_32.txt,total_wise,RouteDiversity,0
tsiligirides_problem_2_budget_32.txt,total_wise,LocalRouteDiversity,0
tsiligirides_problem_2_budget_32.txt,total_envy,Median,260
tsiligirides_problem_2_budget_32.txt,total_envy,Q1,260
tsiligirides_problem_2_budget_32.txt,total_envy,Q3,260
tsiligirides_problem_2_budget_32.txt,total_envy,Best,260
tsiligirides_problem_2_budget_32.txt,total_envy,Worst,260
tsiligirides_problem_2_budget_32.txt,total_envy,Average,260
tsiligirides_problem_2_budget_32.txt,total_envy,RouteDiversity,0
tsiligirides_problem_2_budget_32.txt,total_envy,LocalRouteDiversity,0
tsiligirides_problem_2_budget_32.txt,selected_random,Median,230
tsiligirides_problem_2_budget_32.txt,selected_random,Q1,210
tsiligirides_problem_2_budget_32.txt,selected_random,Q3,240
tsiligirides_problem_2_budget_32.txt,selected_random,Best,260
tsiligirides_problem_2_budget_32.txt,selected_random,Worst,210
tsiligirides_problem_2_budget_32.txt,selected_random,Average,231.638
tsiligirides_problem_2_budget_32.txt,selected_random,RouteDiversity,0.5632447741871928
tsiligirides_problem_2_budget_32.txt,selected_random,LocalRouteDiversity,0
tsiligirides_problem_2_budget_32.txt,selected_random_random_tie,Median,230
tsiligirides_problem_2_budget_32.txt,selected_random_random_tie,Q1,220
tsiligirides_problem_2_budget_32.txt,selected_random_random_tie,Q3,240
tsiligirides_problem_2_budget_32.txt,selected_random_random_tie,Best,260
tsiligirides_problem_2_budget_32.txt,selected_random_random_tie,Worst,210
tsiligirides_problem_2_budget_32.txt,selected_random_random_tie,Average,231.942
tsiligirides_problem_2_budget_32.txt,selected_random_random_tie,RouteDiversity,0.5610492999049517
tsiligirides_problem_2_budget_32.txt,selected_random_random_tie,LocalRouteDiversity,0
tsiligirides_problem_2_budget_32.txt,selected_random_tie_marginal_envy,Median,230
tsiligirides_problem_2_budget_32.txt,selected_random_tie_marginal_envy,Q1,210
tsiligirides_problem_2_budget_32.txt,selected_random_tie_marginal_envy,Q3,240
tsiligirides_problem_2_budget_32.txt,selected_random_tie_marginal_envy,Best,260
tsiligirides_problem_2_budget_32.txt,selected_random_tie_marginal_envy,Worst,210
tsiligirides_problem_2_budget_32.txt,selected_random_tie_marginal_envy,Average,231.442
tsiligirides_problem_2_budget_32.txt,selected_random_tie_marginal_envy,RouteDiversity,0.5657895196067144
tsiligirides_problem_2_budget_32.txt,selected_random_tie_marginal_envy,LocalRouteDiversity,0
tsiligirides_problem_2_budget_32.txt,selected_random_tie_total_envy,Median,230
tsiligirides_problem_2_budget_32.txt,selected_random_tie_total_envy,Q1,220
tsiligirides_problem_2_budget_32.txt,selected_random_tie_total_envy,Q3,240
tsiligirides_problem_2_budget_32.txt,selected_random_tie_total_envy,Best,260
tsiligirides_problem_2_budget_32.txt,selected_random_tie_total_envy,Worst,210
tsiligirides_problem_2_budget_32.txt,selected_random_tie_total_envy,Average,231.748
tsiligirides_problem_2_budget_32.txt,selected_random_tie_total_envy,RouteDiversity,0.5667642028273273
tsiligirides_problem_2_budget_32.txt,selected_random_tie_total_envy,LocalRouteDiversity,0
tsiligirides_problem_2_budget_32.txt,selected_random_tie_marginal_wise,Median,230
tsiligirides_problem_2_budget_32.txt,selected_random_tie_marginal_wise,Q1,220
tsiligirides_problem_2_budget_32.txt,selected_random_tie_marginal_wise,Q3,240
tsiligirides_problem_2_budget_32.txt,selected_random_tie_marginal_wise,Best,260
tsiligirides_problem_2_budget_32.txt,selected_random_tie_marginal_wise,Worst,210
tsiligirides_problem_2_budget_32.txt,selected_random_tie_marginal_wise,Average,231.716
tsiligirides_problem_2_budget_32.txt,selected_random_tie_marginal_wise,RouteDiversity,0.5651873012695907
tsiligirides_problem_2_budget_32.txt,selected_random_tie_marginal_wise,LocalRouteDiversity,0
tsiligirides_problem_2_budget_25.txt,marginal_greedy,Median,150
tsiligirides_problem_2_budget_25.txt,marginal_greedy,Q1,145
tsiligirides_problem_2_budget_25.txt,marginal_greedy,Q3,150
tsiligirides_problem_2_budget_25.txt,marginal_greedy,Best,150
tsiligirides_problem_2_budget_25.txt,marginal_greedy,Worst,145
tsiligirides_problem_2_budget_25.txt,marginal_greedy,Average,147.608
tsiligirides_problem_2_budget_25.txt,marginal_greedy,RouteDiversity,0.49422222222222223
tsiligirides_problem_2_budget_25.txt,marginal_greedy,LocalRouteDiversity,0
tsiligirides_problem_2_budget_25.txt,marginal_lazy,Median,200
tsiligirides_problem_2_budget_25.txt,marginal_lazy,Q1,200
tsiligirides_problem_2_budget_25.txt,marginal_lazy,Q3,200
tsiligirides_problem_2_budget_25.txt,marginal_lazy,Best,200
tsiligirides_problem_2_budget_25.txt,marginal_lazy,Worst,200
tsiligirides_problem_2_budget_25.txt,marginal_lazy,Average,200
tsiligirides_problem_2_budget_25.txt,marginal_lazy,RouteDiversity,0
tsiligirides_problem_2_budget_25.txt,marginal_lazy,LocalRouteDiversity,0
tsiligirides_problem_2_budget_25.txt,marginal_smart,Median,200
tsiligirides_problem_2_budget_25.txt,marginal_smart,Q1,200
tsiligirides_problem_2_budget_25.txt,marginal_smart,Q3,200
tsiligirides_problem_2_budget_25.txt,marginal_smart,Best,200
tsiligirides_problem_2_budget_25.txt,marginal_smart,Worst,200
tsiligirides_problem_2_budget_25.txt,marginal_smart,Average,200
tsiligirides_problem_2_budget_25.txt,marginal_smart,RouteDiversity,0
tsiligirides_problem_2_budget_25.txt,marginal_smart,LocalRouteDiversity,0
tsiligirides_problem_2_budget_25.txt,marginal_wise,Median,200
tsiligirides_problem_2_budget_25.txt,marginal_wise,Q1,200
tsiligirides_problem_2_budget_25.txt,marginal_wise,Q3,200
tsiligirides_problem_2_budget_25.txt,marginal_wise,Best,200
tsiligirides_problem_2_budget_25.txt,marginal_wise,Worst,200
tsiligirides_problem_2_budget_25.txt,marginal_wise,Average,200
tsiligirides_problem_2_budget_25.txt,marginal_wise,RouteDiversity,0
tsiligirides_problem_2_budget_25.txt,marginal_wise,LocalRouteDiversity,0
tsiligirides_problem_2_budget_25.txt,marginal_envy,Median,200
tsiligirides_problem_2_budget_25.txt,marginal_envy,Q1,200
tsiligirides_problem_2_budget_25.txt,marginal_envy,Q3,200
tsiligirides_problem_2_budget_25.txt,marginal_envy,Best,200
tsiligirides_problem_2_budget_25.txt,marginal_envy,Worst,200
tsiligirides_problem_2_budget_25.txt,marginal_envy,Average,200
tsiligirides_problem_2_budget_25.txt,marginal_envy,RouteDiversity,0
tsiligirides_problem_2_budget_25.txt,marginal_envy,LocalRouteDiversity,0
tsiligirides_problem_2_budget_25.txt,total_greedy,Median,150
tsiligirides_problem_2_budget_25.txt,total_greedy,Q1,145
tsiligirides_problem_2_budget_25.txt,total_greedy,Q3,150
tsiligirides_problem_2_budget_25.txt,total_greedy,Best,150
tsiligirides_problem_2_budget_25.txt,total_greedy,Worst,145
tsiligirides_problem_2_budget_25.txt,total_greedy,Average,147.588
tsiligirides_problem_2_budget_25.txt,total_greedy,RouteDiversity,0.49977777777777777
tsiligirides_problem_2_budget_25.txt,total_greedy,LocalRouteDiversity,0
tsiligirides_problem_2_budget_25.txt,total_lazy,Median,200
tsiligirides_problem_2_budget_25.txt,total_lazy,Q1,200
tsiligirides_problem_2_budget_25.txt,total_lazy,Q3,200
tsiligirides_problem_2_budget_25.txt,total_lazy,Best,200
tsiligirides_problem_2_budget_25.txt,total_lazy,Worst,200
tsiligirides_problem_2_budget_25.txt,total_lazy,Average,200
tsiligirides_problem_2_budget_25.txt,total_lazy,RouteDiversity,0
tsiligirides_problem_2_budget_25.txt,total_lazy,LocalRouteDiversity,0
tsiligirides_problem_2_budget_25.txt,total_smart,Median,200
tsiligirides_problem_2_budget_25.txt,total_smart,Q1,200
tsiligirides_problem_2_budget_25.txt,total_smart,Q3,200
tsiligirides_problem_2_budget_25.txt,total_smart,Best,200
tsiligirides_problem_2_budget_25.txt,total_smart,Worst,200
tsiligirides_problem_2_budget_25.txt,total_smart,Average,200
tsiligirides_problem_2_budget_25.txt,total_smart,RouteDiversity,0
tsiligirides_problem_2_budget_25.txt,total_smart,LocalRouteDiversity,0
tsiligirides_problem_2_budget_25.txt,total_wise,Median,200
tsiligirides_problem_2_budget_25.txt,total_wise,Q1,200
tsiligirides_problem_2_budget_25.txt,total_wise,Q3,200
tsiligirides_problem_2_budget_25.txt,total_wise,Best,200
tsiligirides_problem_2_budget_25.txt,total_wise,Worst,200
tsiligirides_problem_2_budget_25.txt,total_wise,Average,200
tsiligirides_problem_2_budget_25.txt,total_wise,RouteDiversity,0
tsiligirides_problem_2_budget_25.txt,total_wise,LocalRouteDiversity,0
tsiligirides_problem_2_budget_25.txt,total_envy,Median,200
tsiligirides_problem_2_budget_25.txt,total_envy,Q1,200
tsiligirides_problem_2_budget_25.txt,total_envy,Q3,200
tsiligirides_problem_2_budget_25.txt,total_envy,Best,200
tsiligirides_problem_2_budget_25.txt,total_envy,Worst,200
tsiligirides_problem_2_budget_25.txt,total_envy,Average,200
tsiligirides_problem_2_budget_25.txt,total_envy,RouteDiversity,0
tsiligirides_problem_2_budget_25.txt,total_envy,LocalRouteDiversity,0
tsiligirides_problem_2_budget_25.txt,selected_random,Median,200
tsiligirides_problem_2_budget_25.txt,selected_random,Q1,200
tsiligirides_problem_2_budget_25.txt,selected_random,Q3,200
tsiligirides_problem_2_budget_25.txt,selected_random,Best,200
tsiligirides_problem_2_budget_25.txt,selected_random,Worst,190
tsiligirides_problem_2_budget_25.txt,selected_random,Average,198.442
tsiligirides_problem_2_budget_25.txt,selected_random,RouteDiversity,0.22660185185154308
tsiligirides_problem_2_budget_25.txt,selected_random,LocalRouteDiversity,0
tsiligirides_problem_2_budget_25.txt,selected_random_random_tie,Median,200
tsiligirides_problem_2_budget_25.txt,selected_random_random_tie,Q1,200
tsiligirides_problem_2_budget_25.txt,selected_random_random_tie,Q3,200
tsiligirides_problem_2_budget_25.txt,selected_random_random_tie,Best,200
tsiligirides_problem_2_budget_25.txt,selected_random_random_tie,Worst,190
tsiligirides_problem_2_budget_25.txt,selected_random_random_tie,Average,198.308
tsiligirides_problem_2_budget_25.txt,selected_random_random_tie,RouteDiversity,0.2511366366362487
tsiligirides_problem_2_budget_25.txt,selected_random_random_tie,LocalRouteDiversity,0
tsiligirides_problem_2_budget_25.txt,selected_random_tie_marginal_envy,Median,200
tsiligirides_problem_2_budget_25.txt,selected_random_tie_marginal_envy,Q1,200
tsiligirides_problem_2_budget_25.txt,selected_random_tie_marginal_envy,Q3,200
tsiligirides_problem_2_budget_25.txt,selected_random_tie_marginal_envy,Best,200
tsiligirides_problem_2_budget_25.txt,selected_random_tie_marginal_envy,Worst,190
tsiligirides_problem_2_budget_25.txt,selected_random_tie_marginal_envy,Average,198.352
tsiligirides_problem_2_budget_25.txt,selected_random_tie_marginal_envy,RouteDiversity,0.23664723056355041
tsiligirides_problem_2_budget_25.txt,selected_random_tie_marginal_envy,LocalRouteDiversity,0
tsiligirides_problem_2_budget_25.txt,selected_random_tie_total_envy,Median,200
tsiligirides_problem_2_budget_25.txt,selected_random_tie_total_envy,Q1,200
tsiligirides_problem_2_budget_25.txt,selected_random_tie_total_envy,Q3,200
tsiligirides_problem_2_budget_25.txt,selected_random_tie_total_envy,Best,200
tsiligirides_problem_2_budget_25.txt,selected_random_tie_total_envy,Worst,190
tsiligirides_problem_2_budget_25.txt,selected_random_tie_total_envy,Average,198.226
tsiligirides_problem_2_budget_25.txt,selected_random_tie_total_envy,RouteDiversity,0.24867881770621614
tsiligirides_problem_2_budget_25.txt,selected_random_tie_total_envy,LocalRouteDiversity,0
tsiligirides_problem_2_budget_25.txt,selected_random_tie_marginal_wise,Median,200
tsiligirides_problem_2_budget_25.txt,selected_random_tie_marginal_wise,Q1,200
tsiligirides_problem_2_budget_25.txt,selected_random_tie_marginal_wise,Q3,200
tsiligirides_problem_2_budget_25.txt,selected_random_tie_marginal_wise,Best,200
tsiligirides_problem_2_budget_25.txt,selected_random_tie_marginal_wise,Worst,190
tsiligirides_problem_2_budget_25.txt,selected_random_tie_marginal_wise,Average,198.316
tsiligirides_problem_2_budget_25.txt,selected_random_tie_marginal_wise,RouteDiversity,0.24458516850148235
tsiligirides_problem_2_budget_25.txt,selected_random_tie_marginal_wise,LocalRouteDiversity,0
set_66_1_020.txt,marginal_greedy,Median,170
set_66_1_020.txt,marginal_greedy,Q1,170
set_66_1_020.txt,marginal_greedy,Q3,175
set_66_1_020.txt,marginal_greedy,Best,205
set_66_1_020.txt,marginal_greedy,Worst,80
set_66_1_020.txt,marginal_greedy,Average,159.406
set_66_1_020.txt,marginal_greedy,RouteDiversity,0.9646176884798761
set_66_1_020.txt,marginal_greedy,LocalRouteDiversity,0.042896989676989676
set_66_1_020.txt,marginal_lazy,Median,95
set_66_1_020.txt,marginal_lazy,Q1,95
set_66_1_020.txt,marginal_lazy,Q3,95
set_66_1_020.txt,marginal_lazy,Best,95
set_66_1_020.txt,marginal_lazy,Worst,95
set_66_1_020.txt,marginal_lazy,Average,95
set_66_1_020.txt,marginal_lazy,RouteDiversity,0.5004684684684685
set_66_1_020.txt,marginal_lazy,LocalRouteDiversity,0
set_66_1_020.txt,marginal_smart,Median,195
set_66_1_020.txt,marginal_smart,Q1,195
set_66_1_020.txt,marginal_smart,Q3,195
set_66_1_020.txt,marginal_smart,Best,195
set_66_1_020.txt,marginal_smart,Worst,195
set_66_1_020.txt,marginal_smart,Average,195
set_66_1_020.txt,marginal_smart,RouteDiversity,0.7490930930930931
set_66_1_020.txt,marginal_smart,LocalRouteDiversity,0
set_66_1_020.txt,marginal_wise,Median,195
set_66_1_020.txt,marginal_wise,Q1,195
set_66_1_020.txt,marginal_wise,Q3,195
set_66_1_020.txt,marginal_wise,Best,195
set_66_1_020.txt,marginal_wise,Worst,195
set_66_1_020.txt,marginal_wise,Average,195
set_66_1_020.txt,marginal_wise,RouteDiversity,0.5000500500500501
set_66_1_020.txt,marginal_wise,LocalRouteDiversity,0
set_66_1_020.txt,marginal_envy,Median,195
set_66_1_020.txt,marginal_envy,Q1,195
set_66_1_020.txt,marginal_envy,Q3,195
set_66_1_020.txt,marginal_envy,Best,195
set_66_1_020.txt,marginal_envy,Worst,195
set_66_1_020.txt,marginal_envy,Average,195
set_66_1_020.txt,marginal_envy,RouteDiversity,0.7501561561561562
set_66_1_020.txt,marginal_envy,LocalRouteDiversity,0
set_66_1_020.txt,total_greedy,Median,170
set_66_1_020.txt,total_greedy,Q1,170
set_66_1_020.txt,total_greedy,Q3,175
set_66_1_020.txt,total_greedy,Best,205
set_66_1_020.txt,total_greedy,Worst,80
set_66_1_020.txt,total_greedy,Average,159.311
set_66_1_020.txt,total_greedy,RouteDiversity,0.9653007691380319
set_66_1_020.txt,total_greedy,LocalRouteDiversity,0.041059640359640326
set_66_1_020.txt,total_lazy,Median,95
set_66_1_020.txt,total_lazy,Q1,95
set_66_1_020.txt,total_lazy,Q3,95
set_66_1_020.txt,total_lazy,Best,95
set_66_1_020.txt,total_lazy,Worst,95
set_66_1_020.txt,total_lazy,Average,95
set_66_1_020.txt,total_lazy,RouteDiversity,0.5002582582582582
set_66_1_020.txt,total_lazy,LocalRouteDiversity,0
set_66_1_020.txt,total_smart,Median,195
set_66_1_020.txt,total_smart,Q1,195
set_66_1_020.txt,total_smart,Q3,195
set_66_1_020.txt,total_smart,Best,195
set_66_1_020.txt,total_smart,Worst,195
set_66_1_020.txt,total_smart,Average,195
set_66_1_020.txt,total_smart,RouteDiversity,0.749947947947948
set_66_1_020.txt,total_smart,LocalRouteDiversity,0
set_66_1_020.txt,total_wise,Median,195
set_66_1_020.txt,total_wise,Q1,195
set_66_1_020.txt,total_wise,Q3,195
set_66_1_020.txt,total_wise,Best,195
set_66_1_020.txt,total_wise,Worst,195
set_66_1_020.txt,total_wise,Average,195
set_66_1_020.txt,total_wise,RouteDiversity,0.5004684684684685
set_66_1_020.txt,total_wise,LocalRouteDiversity,0
set_66_1_020.txt,total_envy,Median,195
set_66_1_020.txt,total_envy,Q1,195
set_66_1_020.txt,total_envy,Q3,195
set_66_1_020.txt,total_envy,Best,195
set_66_1_020.txt,total_envy,Worst,195
set_66_1_020.txt,total_envy,Average,195
set_66_1_020.txt,total_envy,RouteDiversity,0.7503263263263263
set_66_1_020.txt,total_envy,LocalRouteDiversity,0
set_66_1_020.txt,selected_random,Median,195
set_66_1_020.txt,selected_random,Q1,195
set_66_1_020.txt,selected_random,Q3,195
set_66_1_020.txt,selected_random,Best,195
set_66_1_020.txt,selected_random,Worst,195
set_66_1_020.txt,selected_random,Average,195
set_66_1_020.txt,selected_random,RouteDiversity,0.853838512306793
set_66_1_020.txt,selected_random,LocalRouteDiversity,0.004333333333333334
set_66_1_020.txt,selected_random_random_tie,Median,195
set_66_1_020.txt,selected_random_random_tie,Q1,195
set_66_1_020.txt,selected_random_random_tie,Q3,195
set_66_1_020.txt,selected_random_random_tie,Best,195
set_66_1_020.txt,selected_random_random_tie,Worst,195
set_66_1_020.txt,selected_random_random_tie,Average,195
set_66_1_020.txt,selected_random_random_tie,RouteDiversity,0.872744641601869
set_66_1_020.txt,selected_random_random_tie,LocalRouteDiversity,0.0029333333333333334
set_66_1_020.txt,selected_random_tie_marginal_envy,Median,195
set_66_1_020.txt,selected_random_tie_marginal_envy,Q1,195
set_66_1_020.txt,selected_random_tie_marginal_envy,Q3,195
set_66_1_020.txt,selected_random_tie_marginal_envy,Best,195
set_66_1_020.txt,selected_random_tie_marginal_envy,Worst,195
set_66_1_020.txt,selected_random_tie_marginal_envy,Average,195
set_66_1_020.txt,selected_random_tie_marginal_envy,RouteDiversity,0.8730343783043949
set_66_1_020.txt,selected_random_tie_marginal_envy,LocalRouteDiversity,0.0022666666666666673
set_66_1_020.txt,selected_random_tie_total_envy,Median,195
set_66_1_020.txt,selected_random_tie_total_envy,Q1,195
set_66_1_020.txt,selected_random_tie_total_envy,Q3,195
set_66_1_020.txt,selected_random_tie_total_envy,Best,195
set_66_1_020.txt,selected_random_tie_total_envy,Worst,195
set_66_1_020.txt,selected_random_tie_total_envy,Average,195
set_66_1_020.txt,selected_random_tie_total_envy,RouteDiversity,0.8735756360082422
set_66_1_020.txt,selected_random_tie_total_envy,LocalRouteDiversity,0.0022666666666666673
set_66_1_020.txt,selected_random_tie_marginal_wise,Median,195
set_66_1_020.txt,selected_random_tie_marginal_wise,Q1,195
set_66_1_020.txt,selected_random_tie_marginal_wise,Q3,195
set_66_1_020.txt,selected_random_tie_marginal_wise,Best,195
set_66_1_020.txt,selected_random_tie_marginal_wise,Worst,195
set_66_1_020.txt,selected_random_tie_marginal_wise,Average,195
set_66_1_020.txt,selected_random_tie_marginal_wise,RouteDiversity,0.8744432370548634
set_66_1_020.txt,selected_random_tie_marginal_wise,LocalRouteDiversity,0.0025333333333333336
tsiligirides_problem_1_budget_05.txt,marginal_greedy,Median,10
tsiligirides_problem_1_budget_05.txt,marginal_greedy,Q1,10
tsiligirides_problem_1_budget_05.txt,marginal_greedy,Q3,10
tsiligirides_problem_1_budget_05.txt,marginal_greedy,Best,10
tsiligirides_problem_1_budget_05.txt,marginal_greedy,Worst,10
tsiligirides_problem_1_budget_05.txt,marginal_greedy,Average,10
tsiligirides_problem_1_budget_05.txt,marginal_greedy,RouteDiversity,0
tsiligirides_problem_1_budget_05.txt,marginal_greedy,LocalRouteDiversity,0
tsiligirides_problem_1_budget_05.txt,marginal_lazy,Median,10
tsiligirides_problem_1_budget_05.txt,marginal_lazy,Q1,10
tsiligirides_problem_1_budget_05.txt,marginal_lazy,Q3,10
tsiligirides_problem_1_budget_05.txt,marginal_lazy,Best,10
tsiligirides_problem_1_budget_05.txt,marginal_lazy,Worst,10
tsiligirides_problem_1_budget_05.txt,marginal_lazy,Average,10
tsiligirides_problem_1_budget_05.txt,marginal_lazy,RouteDiversity,0
tsiligirides_problem_1_budget_05.txt,marginal_lazy,LocalRouteDiversity,0
tsiligirides_problem_1_budget_05.txt,marginal_smart,Median,10
tsiligirides_problem_1_budget_05.txt,marginal_smart,Q1,10
tsiligirides_problem_1_budget_05.txt,marginal_smart,Q3,10
tsiligirides_problem_1_budget_05.txt,marginal_smart,Best,10
tsiligirides_problem_1_budget_05.txt,marginal_smart,Worst,10
tsiligirides_problem_1_budget_05.txt,marginal_smart,Average,10
tsiligirides_problem_1_budget_05.txt,marginal_smart,RouteDiversity,0
tsiligirides_problem_1_budget_05.txt,marginal_smart,LocalRouteDiversity,0
tsiligirides_problem_1_budget_05.txt,marginal_wise,Median,10
tsiligirides_problem_1_budget_05.txt,marginal_wise,Q1,10
tsiligirides_problem_1_budget_05.txt,marginal_wise,Q3,10
tsiligirides_problem_1_budget_05.txt,marginal_wise,Best,10
tsiligirides_problem_1_budget_05.txt,marginal_wise,Worst,10
tsiligirides_problem_1_budget_05.txt,marginal_wise,Average,10
tsiligirides_problem_1_budget_05.txt,marginal_wise,RouteDiversity,0
tsiligirides_problem_1_budget_05.txt,marginal_wise,LocalRouteDiversity,0
tsiligirides_problem_1_budget_05.txt,marginal_envy,Median,10
tsiligirides_problem_1_budget_05.txt,marginal_envy,Q1,10
tsiligirides_problem_1_budget_05.txt,marginal_envy,Q3,10
tsiligirides_problem_1_budget_05.txt,marginal_envy,Best,10
tsiligirides_problem_1_budget_05.txt,marginal_envy,Worst,10
tsiligirides_problem_1_budget_05.txt,marginal_envy,Average,10
tsiligirides_problem_1_budget_05.txt,marginal_envy,RouteDiversity,0
tsiligirides_problem_1_budget_05.txt,marginal_envy,LocalRouteDiversity,0
tsiligirides_problem_1_budget_05.txt,total_greedy,Median,10
tsiligirides_problem_1_budget_05.txt,total_greedy,Q1,10
tsiligirides_problem_1_budget_05.txt,total_greedy,Q3,10
tsiligirides_problem_1_budget_05.txt,total_greedy,Best,10
tsiligirides_problem_1_budget_05.txt,total_greedy,Worst,10
tsiligirides_problem_1_budget_05.txt,total_greedy,Average,10
tsiligirides_problem_1_budget_05.txt,total_greedy,RouteDiversity,0
tsiligirides_problem_1_budget_05.txt,total_greedy,LocalRouteDiversity,0
tsiligirides_problem_1_budget_05.txt,total_lazy,Median,10
tsiligirides_problem_1_budget_05.txt,total_lazy,Q1,10
tsiligirides_problem_1_budget_05.txt,total_lazy,Q3,10
tsiligirides_problem_1_budget_05.txt,total_lazy,Best,10
tsiligirides_problem_1_budget_05.txt,total_lazy,Worst,10
tsiligirides_problem_1_budget_05.txt,total_lazy,Average,10
tsiligirides_problem_1_budget_05.txt,total_lazy,RouteDiversity,0
tsiligirides_problem_1_budget_05.txt,total_lazy,LocalRouteDiversity,0
tsiligirides_problem_1_budget_05.txt,total_smart,Median,10
tsiligirides_problem_1_budget_05.txt,total_smart,Q1,10
tsiligirides_problem_1_budget_05.txt,total_smart,Q3,10
tsiligirides_problem_1_budget_05.txt,total_smart,Best,10
tsiligirides_problem_1_budget_05.txt,total_smart,Worst,10
tsiligirides_problem_1_budget_05.txt,total_smart,Average,10
tsiligirides_problem_1_budget_05.txt,total_smart,RouteDiversity,0
tsiligirides_problem_1_budget_05.txt,total_smart,LocalRouteDiversity,0
tsiligirides_problem_1_budget_05.txt,total_wise,Median,10
tsiligirides_problem_1_budget_05.txt,total_wise,Q1,10
tsiligirides_problem_1_budget_05.txt,total_wise,Q3,10
tsiligirides_problem_1_budget_05.txt,total_wise,Best,10
tsiligirides_problem_1_budget_05.txt,total_wise,Worst,10
tsiligirides_problem_1_budget_05.txt,total_wise,Average,10
tsiligirides_problem_1_budget_05.txt,total_wise,RouteDiversity,0
tsiligirides_problem_1_budget_05.txt,total_wise,LocalRouteDiversity,0
tsiligirides_problem_1_budget_05.txt,total_envy,Median,10
tsiligirides_problem_1_budget_05.txt,total_envy,Q1,10
tsiligirides_problem_1_budget_05.txt,total_envy,Q3,10
tsiligirides_problem_1_budget_05.txt,total_envy,Best,10
tsiligirides_problem_1_budget_05.txt,total_envy,Worst,10
tsiligirides_problem_1_budget_05.txt,total_envy,Average,10
tsiligirides_problem_1_budget_05.txt,total_envy,RouteDiversity,0
tsiligirides_problem_1_budget_05.txt,total_envy,LocalRouteDiversity,0
tsiligirides_problem_1_budget_05.txt,selected_random,Median,10
tsiligirides_problem_1_budget_05.txt,selected_random,Q1,10
tsiligirides_problem_1_budget_05.txt,selected_random,Q3,10
tsiligirides_problem_1_budget_05.txt,selected_random,Best,10
tsiligirides_problem_1_budget_05.txt,selected_random,Worst,10
tsiligirides_problem_1_budget_05.txt,selected_random,Average,10
tsiligirides_problem_1_budget_05.txt,selected_random,RouteDiversity,0
tsiligirides_problem_1_budget_05.txt,selected_random,LocalRouteDiversity,0
tsiligirides_problem_1_budget_05.txt,selected_random_random_tie,Median,10
tsiligirides_problem_1_budget_05.txt,selected_random_random_tie,Q1,10
tsiligirides_problem_1_budget_05.txt,selected_random_random_tie,Q3,10
tsiligirides_problem_1_budget_05.txt,selected_random_random_tie,Best,10
tsiligirides_problem_1_budget_05.txt,selected_random_random_tie,Worst,10
tsiligirides_problem_1_budget_05.txt,selected_random_random_tie,Average,10
tsiligirides_problem_1_budget_05.txt,selected_random_random_tie,RouteDiversity,0
tsiligirides_problem_1_budget_05.txt,selected_random_random_tie,LocalRouteDiversity,0
tsiligirides_problem_1_budget_05.txt,selected_random_tie_marginal_envy,Median,10
tsiligirides_problem_1_budget_05.txt,selected_random_tie_marginal_envy,Q1,10
tsiligirides_problem_1_budget_05.txt,selected_random_tie_marginal_envy,Q3,10
tsiligirides_problem_1_budget_05.txt,selected_random_tie_marginal_envy,Best,10
tsiligirides_problem_1_budget_05.txt,selected_random_tie_marginal_envy,Worst,10
tsiligirides_problem_1_budget_05.txt,selected_random_tie_marginal_envy,Average,10
tsiligirides_problem_1_budget_05.txt,selected_random_tie_marginal_envy,RouteDiversity,0
tsiligirides_problem_1_budget_05.txt,selected_random_tie_marginal_envy,LocalRouteDiversity,0
tsiligirides_problem_1_budget_05.txt,selected_random_tie_total_envy,Median,10
tsiligirides_problem_1_budget_05.txt,selected_random_tie_total_envy,Q1,10
tsiligirides_problem_1_budget_05.txt,selected_random_tie_total_envy,Q3,10
tsiligirides_problem_1_budget_05.txt,selected_random_tie_total_envy,Best,10
tsiligirides_problem_1_budget_05.txt,selected_random_tie_total_envy,Worst,10
tsiligirides_problem_1_budget_05.txt,selected_random_tie_total_envy,Average,10
tsiligirides_problem_1_budget_05.txt,selected_random_tie_total_envy,RouteDiversity,0
tsiligirides_problem_1_budget_05.txt,selected_random_tie_total_envy,LocalRouteDiversity,0
tsiligirides_problem_1_budget_05.txt,selected_random_tie_marginal_wise,Median,10
tsiligirides_problem_1_budget_05.txt,selected_random_tie_marginal_wise,Q1,10
tsiligirides_problem_1_budget_05.txt,selected_random_tie_marginal_wise,Q3,10
tsiligirides_problem_1_budget_05.txt,selected_random_tie_marginal_wise,Best,10
tsiligirides_problem_1_budget_05.txt,selected_random_tie_marginal_wise,Worst,10
tsiligirides_problem_1_budget_05.txt,selected_random_tie_marginal_wise,Average,10
tsiligirides_problem_1_budget_05.txt,selected_random_tie_marginal_wise,RouteDiversity,0
tsiligirides_problem_1_budget_05.txt,selected_random_tie_marginal_wise,LocalRouteDiversity,0
tsiligirides_problem_1_budget_46.txt,marginal_greedy,Median,110
tsiligirides_problem_1_budget_46.txt,marginal_greedy,Q1,100
tsiligirides_problem_1_budget_46.txt,marginal_greedy,Q3,115
tsiligirides_problem_1_budget_46.txt,marginal_greedy,Best,140
tsiligirides_problem_1_budget_46.txt,marginal_greedy,Worst,70
tsiligirides_problem_1_budget_46.txt,marginal_greedy,Average,107.324
tsiligirides_problem_1_budget_46.txt,marginal_greedy,RouteDiversity,0.8814782210263754
tsiligirides_problem_1_budget_46.txt,marginal_greedy,LocalRouteDiversity,0.0551086146017725
tsiligirides_problem_1_budget_46.txt,marginal_lazy,Median,130
tsiligirides_problem_1_budget_46.txt,marginal_lazy,Q1,130
tsiligirides_problem_1_budget_46.txt,marginal_lazy,Q3,130
tsiligirides_problem_1_budget_46.txt,marginal_lazy,Best,130
tsiligirides_problem_1_budget_46.txt,marginal_lazy,Worst,130
tsiligirides_problem_1_budget_46.txt,marginal_lazy,Average,130
tsiligirides_problem_1_budget_46.txt,marginal_lazy,RouteDiversity,0
tsiligirides_problem_1_budget_46.txt,marginal_lazy,LocalRouteDiversity,0
tsiligirides_problem_1_budget_46.txt,marginal_smart,Median,125
tsiligirides_problem_1_budget_46.txt,marginal_smart,Q1,125
tsiligirides_problem_1_budget_46.txt,marginal_smart,Q3,125
tsiligirides_problem_1_budget_46.txt,marginal_smart,Best,125
tsiligirides_problem_1_budget_46.txt,marginal_smart,Worst,125
tsiligirides_problem_1_budget_46.txt,marginal_smart,Average,125
tsiligirides_problem_1_budget_46.txt,marginal_smart,RouteDiversity,0
tsiligirides_problem_1_budget_46.txt,marginal_smart,LocalRouteDiversity,0
tsiligirides_problem_1_budget_46.txt,marginal_wise,Median,125
tsiligirides_problem_1_budget_46.txt,marginal_wise,Q1,125
tsiligirides_problem_1_budget_46.txt,marginal_wise,Q3,125
tsiligirides_problem_1_budget_46.txt,marginal_wise,Best,125
tsiligirides_problem_1_budget_46.txt,marginal_wise,Worst,125
tsiligirides_problem_1_budget_46.txt,marginal_wise,Average,125
tsiligirides_problem_1_budget_46.txt,marginal_wise,RouteDiversity,0
tsiligirides_problem_1_budget_46.txt,marginal_wise,LocalRouteDiversity,0
tsiligirides_problem_1_budget_46.txt,marginal_envy,Median,150
tsiligirides_problem_1_budget_46.txt,marginal_envy,Q1,150
tsiligirides_problem_1_budget_46.txt,marginal_envy,Q3,150
tsiligirides_problem_1_budget_46.txt,marginal_envy,Best,150
tsiligirides_problem_1_budget_46.txt,marginal_envy,Worst,150
tsiligirides_problem_1_budget_46.txt,marginal_envy,Average,150
tsiligirides_problem_1_budget_46.txt,marginal_envy,RouteDiversity,0
tsiligirides_problem_1_budget_46.txt,marginal_envy,LocalRouteDiversity,0
tsiligirides_problem_1_budget_46.txt,total_greedy,Median,110
tsiligirides_problem_1_budget_46.txt,total_greedy,Q1,100
tsiligirides_problem_1_budget_46.txt,total_greedy,Q3,115
tsiligirides_problem_1_budget_46.txt,total_greedy,Best,140
tsiligirides_problem_1_budget_46.txt,total_greedy,Worst,70
tsiligirides_problem_1_budget_46.txt,total_greedy,Average,107.375
tsiligirides_problem_1_budget_46.txt,total_greedy,RouteDiversity,0.8827037934251886
tsiligirides_problem_1_budget_46.txt,total_greedy,LocalRouteDiversity,0.05164372792068615
tsiligirides_problem_1_budget_46.txt,total_lazy,Median,130
tsiligirides_problem_1_budget_46.txt,total_lazy,Q1,130
tsiligirides_problem_1_budget_46.txt,total_lazy,Q3,130
tsiligirides_problem_1_budget_46.txt,total_lazy,Best,130
tsiligirides_problem_1_budget_46.txt,total_lazy,Worst,130
tsiligirides_problem_1_budget_46.txt,total_lazy,Average,130
tsiligirides_problem_1_budget_46.txt,total_lazy,RouteDiversity,0
tsiligirides_problem_1_budget_46.txt,total_lazy,LocalRouteDiversity,0
tsiligirides_problem_1_budget_46.txt,total_smart,Median,125
tsiligirides_problem_1_budget_46.txt,total_smart,Q1,125
tsiligirides_problem_1_budget_46.txt,total_smart,Q3,125
tsiligirides_problem_1_budget_46.txt,total_smart,Best,125
tsiligirides_problem_1_budget_46.txt,total_smart,Worst,125
tsiligirides_problem_1_budget_46.txt,total_smart,Average,125
tsiligirides_problem_1_budget_46.txt,total_smart,RouteDiversity,0
tsiligirides_problem_1_budget_46.txt,total_smart,LocalRouteDiversity,0
tsiligirides_problem_1_budget_46.txt,total_wise,Median,125
tsiligirides_problem_1_budget_46.txt,total_wise,Q1,125
tsiligirides_problem_1_budget_46.txt,total_wise,Q3,125
tsiligirides_problem_1_budget_46.txt,total_wise,Best,125
tsiligirides_problem_1_budget_46.txt,total_wise,Worst,125
tsiligirides_problem_1_budget_46.txt,total_wise,Average,125
tsiligirides_problem_1_budget_46.txt,total_wise,RouteDiversity,0
tsiligirides_problem_1_budget_46.txt,total_wise,LocalRouteDiversity,0
tsiligirides_problem_1_budget_46.txt,total_envy,Median,140
tsiligirides_problem_1_budget_46.txt,total_envy,Q1,140
tsiligirides_problem_1_budget_46.txt,total_envy,Q3,140
tsiligirides_problem_1_budget_46.txt,total_envy,Best,140
tsiligirides_problem_1_budget_46.txt,total_envy,Worst,140
tsiligirides_problem_1_budget_46.txt,total_envy,Average,140
tsiligirides_problem_1_budget_46.txt,total_envy,RouteDiversity,0
tsiligirides_problem_1_budget_46.txt,total_envy,LocalRouteDiversity,0
tsiligirides_problem_1_budget_46.txt,selected_random,Median,140
tsiligirides_problem_1_budget_46.txt,selected_random,Q1,130
tsiligirides_problem_1_budget_46.txt,selected_random,Q3,140
tsiligirides_problem_1_budget_46.txt,selected_random,Best,155
tsiligirides_problem_1_budget_46.txt,selected_random,Worst,120
tsiligirides_problem_1_budget_46.txt,selected_random,Average,137.668
tsiligirides_problem_1_budget_46.txt,selected_random,RouteDiversity,0.7559456518622857
tsiligirides_problem_1_budget_46.txt,selected_random,LocalRouteDiversity,0.0023609649122807016
tsiligirides_problem_1_budget_46.txt,selected_random_random_tie,Median,140
tsiligirides_problem_1_budget_46.txt,selected_random_random_tie,Q1,130
tsiligirides_problem_1_budget_46.txt,selected_random_random_tie,Q3,140
tsiligirides_problem_1_budget_46.txt,selected_random_random_tie,Best,155
tsiligirides_problem_1_budget_46.txt,selected_random_random_tie,Worst,120
tsiligirides_problem_1_budget_46.txt,selected_random_random_tie,Average,137.425
tsiligirides_problem_1_budget_46.txt,selected_random_random_tie,RouteDiversity,0.7581336378072314
tsiligirides_problem_1_budget_46.txt,selected_random_random_tie,LocalRouteDiversity,0.0031709064327485373
tsiligirides_problem_1_budget_46.txt,selected_random_tie_marginal_envy,Median,140
tsiligirides_problem_1_budget_46.txt,selected_random_tie_marginal_envy,Q1,130
tsiligirides_problem_1_budget_46.txt,selected_random_tie_marginal_envy,Q3,140
tsiligirides_problem_1_budget_46.txt,selected_random_tie_marginal_envy,Best,155
tsiligirides_problem_1_budget_46.txt,selected_random_tie_marginal_envy,Worst,120
tsiligirides_problem_1_budget_46.txt,selected_random_tie_marginal_envy,Average,137.681
tsiligirides_problem_1_budget_46.txt,selected_random_tie_marginal_envy,RouteDiversity,0.7606004955555059
tsiligirides_problem_1_budget_46.txt,selected_random_tie_marginal_envy,LocalRouteDiversity,0.0018328947368421054
tsiligirides_problem_1_budget_46.txt,selected_random_tie_total_envy,Median,140
tsiligirides_problem_1_budget_46.txt,selected_random_tie_total_envy,Q1,130
tsiligirides_problem_1_budget_46.txt,selected_random_tie_total_envy,Q3,140
tsiligirides_problem_1_budget_46.txt,selected_random_tie_total_envy,Best,155
tsiligirides_problem_1_budget_46.txt,selected_random_tie_total_envy,Worst,120
tsiligirides_problem_1_budget_46.txt,selected_random_tie_total_envy,Average,137.633
tsiligirides_problem_1_budget_46.txt,selected_random_tie_total_envy,RouteDiversity,0.7557594371581658
tsiligirides_problem_1_budget_46.txt,selected_random_tie_total_envy,LocalRouteDiversity,0.0027416666666666666
tsiligirides_problem_1_budget_46.txt,selected_random_tie_marginal_wise,Median,140
tsiligirides_problem_1_budget_46.txt,selected_random_tie_marginal_wise,Q1,130
tsiligirides_problem_1_budget_46.txt,selected_random_tie_marginal_wise,Q3,140
tsiligirides_problem_1_budget_46.txt,selected_random_tie_marginal_wise,Best,155
tsiligirides_problem_1_budget_46.txt,selected_random_tie_marginal_wise,Worst,120
tsiligirides_problem_1_budget_46.txt,selected_random_tie_marginal_wise,Average,137.558
tsiligirides_problem_1_budget_46.txt,selected_random_tie_marginal_wise,RouteDiversity,0.7541670353161536
tsiligirides_problem_1_budget_46.txt,selected_random_tie_marginal_wise,LocalRouteDiversity,0.0013638888888888887
tsiligirides_problem_2_budget_40.txt,marginal_greedy,Median,270
tsiligirides_problem_2_budget_40.txt,marginal_greedy,Q1,250
tsiligirides_problem_2_budget_40.txt,marginal_greedy,Q3,280
tsiligirides_problem_2_budget_40.txt,marginal_greedy,Best,290
tsiligirides_problem_2_budget_40.txt,marginal_greedy,Worst,240
tsiligirides_problem_2_budget_40.txt,marginal_greedy,Average,266.081
tsiligirides_problem_2_budget_40.txt,marginal_greedy,RouteDiversity,0.7573755088908133
tsiligirides_problem_2_budget_40.txt,marginal_greedy,LocalRouteDiversity,0
tsiligirides_problem_2_budget_40.txt,marginal_lazy,Median,290
tsiligirides_problem_2_budget_40.txt,marginal_lazy,Q1,290
tsiligirides_problem_2_budget_40.txt,marginal_lazy,Q3,290
tsiligirides_problem_2_budget_40.txt,marginal_lazy,Best,290
tsiligirides_problem_2_budget_40.txt,marginal_lazy,Worst,290
tsiligirides_problem_2_budget_40.txt,marginal_lazy,Average,290
tsiligirides_problem_2_budget_40.txt,marginal_lazy,RouteDiversity,0
tsiligirides_problem_2_budget_40.txt,marginal_lazy,LocalRouteDiversity,0
tsiligirides_problem_2_budget_40.txt,marginal_smart,Median,290
tsiligirides_problem_2_budget_40.txt,marginal_smart,Q1,290
tsiligirides_problem_2_budget_40.txt,marginal_smart,Q3,290
tsiligirides_problem_2_budget_40.txt,marginal_smart,Best,290
tsiligirides_problem_2_budget_40.txt,marginal_smart,Worst,290
tsiligirides_problem_2_budget_40.txt,marginal_smart,Average,290
tsiligirides_problem_2_budget_40.txt,marginal_smart,RouteDiversity,0
tsiligirides_problem_2_budget_40.txt,marginal_smart,LocalRouteDiversity,0
tsiligirides_problem_2_budget_40.txt,marginal_wise,Median,290
tsiligirides_problem_2_budget_40.txt,marginal_wise,Q1,290
tsiligirides_problem_2_budget_40.txt,marginal_wise,Q3,290
tsiligirides_problem_2_budget_40.txt,marginal_wise,Best,290
tsiligirides_problem_2_budget_40.txt,marginal_wise,Worst,290
tsiligirides_problem_2_budget_40.txt,marginal_wise,Average,290
tsiligirides_problem_2_budget_40.txt,marginal_wise,RouteDiversity,0
tsiligirides_problem_2_budget_40.txt,marginal_wise,LocalRouteDiversity,0
tsiligirides_problem_2_budget_40.txt,marginal_envy,Median,340
tsiligirides_problem_2_budget_40.txt,marginal_envy,Q1,340
tsiligirides_problem_2_budget_40.txt,marginal_envy,Q3,340
tsiligirides_problem_2_budget_40.txt,marginal_envy,Best,340
tsiligirides_problem_2_budget_40.txt,marginal_envy,Worst,340
tsiligirides_problem_2_budget_40.txt,marginal_envy,Average,340
tsiligirides_problem_2_budget_40.txt,marginal_envy,RouteDiversity,0
tsiligirides_problem_2_budget_40.txt,marginal_envy,LocalRouteDiversity,0
tsiligirides_problem_2_budget_40.txt,total_greedy,Median,270
tsiligirides_problem_2_budget_40.txt,total_greedy,Q1,255
tsiligirides_problem_2_budget_40.txt,total_greedy,Q3,280
tsiligirides_problem_2_budget_40.txt,total_greedy,Best,290
tsiligirides_problem_2_budget_40.txt,total_greedy,Worst,240
tsiligirides_problem_2_budget_40.txt,total_greedy,Average,266.306
tsiligirides_problem_2_budget_40.txt,total_greedy,RouteDiversity,0.7586244777082698
tsiligirides_problem_2_budget_40.txt,total_greedy,LocalRouteDiversity,0
tsiligirides_problem_2_budget_40.txt,total_lazy,Median,290
tsiligirides_problem_2_budget_40.txt,total_lazy,Q1,290
tsiligirides_problem_2_budget_40.txt,total_lazy,Q3,290
tsiligirides_problem_2_budget_40.txt,total_lazy,Best,290
tsiligirides_problem_2_budget_40.txt,total_lazy,Worst,290
tsiligirides_problem_2_budget_40.txt,total_lazy,Average,290
tsiligirides_problem_2_budget_40.txt,total_lazy,RouteDiversity,0
tsiligirides_problem_2_budget_40.txt,total_lazy,LocalRouteDiversity,0
tsiligirides_problem_2_budget_40.txt,total_smart,Median,290
tsiligirides_problem_2_budget_40.txt,total_smart,Q1,290
tsiligirides_problem_2_budget_40.txt,total_smart,Q3,290
tsiligirides_problem_2_budget_40.txt,total_smart,Best,290
tsiligirides_problem_2_budget_40.txt,total_smart,Worst,290
tsiligirides_problem_2_budget_40.txt,total_smart,Average,290
tsiligirides_problem_2_budget_40.txt,total_smart,RouteDiversity,0
tsiligirides_problem_2_budget_40.txt,total_smart,LocalRouteDiversity,0
tsiligirides_problem_2_budget_40.txt,total_wise,Median,290
tsiligirides_problem_2_budget_40.txt,total_wise,Q1,290
tsiligirides_problem_2_budget_40.txt,total_wise,Q3,290
tsiligirides_problem_2_budget_40.txt,total_wise,Best,290
tsiligirides_problem_2_budget_40.txt,total_wise,Worst,290
tsiligirides_problem_2_budget_40.txt,total_wise,Average,290
tsiligirides_problem_2_budget_40.txt,total_wise,RouteDiversity,0
tsiligirides_problem_2_budget_40.txt,total_wise,LocalRouteDiversity,0
tsiligirides_problem_2_budget_40.txt,total_envy,Median,290
tsiligirides_problem_2_budget_40.txt,total_envy,Q1,290
tsiligirides_problem_2_budget_40.txt,total_envy,Q3,290
tsiligirides_problem_2_budget_40.txt,total_envy,Best,290
tsiligirides_problem_2_budget_40.txt,total_envy,Worst,290
tsiligirides_problem_2_budget_40.txt,total_envy,Average,290
tsiligirides_problem_2_budget_40.txt,total_envy,RouteDiversity,0
tsiligirides_problem_2_budget_40.txt,total_envy,LocalRouteDiversity,0
tsiligirides_problem_2_budget_40.txt,selected_random,Median,320
tsiligirides_problem_2_budget_40.txt,selected_random,Q1,290
tsiligirides_problem_2_budget_40.txt,selected_random,Q3,340
tsiligirides_problem_2_budget_40.txt,selected_random,Best,340
tsiligirides_problem_2_budget_40.txt,selected_random,Worst,280
tsiligirides_problem_2_budget_40.txt,selected_random,Average,317.114
tsiligirides_problem_2_budget_40.txt,selected_random,RouteDiversity,0.5340874898687241
tsiligirides_problem_2_budget_40.txt,selected_random,LocalRouteDiversity,0
tsiligirides_problem_2_budget_40.txt,selected_random_random_tie,Median,320
tsiligirides_problem_2_budget_40.txt,selected_random_random_tie,Q1,290
tsiligirides_problem_2_budget_40.txt,selected_random_random_tie,Q3,340
tsiligirides_problem_2_budget_40.txt,selected_random_random_tie,Best,340
tsiligirides_problem_2_budget_40.txt,selected_random_random_tie,Worst,280
tsiligirides_problem_2_budget_40.txt,selected_random_random_tie,Average,317.264
tsiligirides_problem_2_budget_40.txt,selected_random_random_tie,RouteDiversity,0.5383381602671079
tsiligirides_problem_2_budget_40.txt,selected_random_random_tie,LocalRouteDiversity,0
tsiligirides_problem_2_budget_40.txt,selected_random_tie_marginal_envy,Median,330
tsiligirides_problem_2_budget_40.txt,selected_random_tie_marginal_envy,Q1,290
tsiligirides_problem_2_budget_40.txt,selected_random_tie_marginal_envy,Q3,340
tsiligirides_problem_2_budget_40.txt,selected_random_tie_marginal_envy,Best,340
tsiligirides_problem_2_budget_40.txt,selected_random_tie_marginal_envy,Worst,280
tsiligirides_problem_2_budget_40.txt,selected_random_tie_marginal_envy,Average,318.094
tsiligirides_problem_2_budget_40.txt,selected_random_tie_marginal_envy,RouteDiversity,0.5342990932643883
tsiligirides_problem_2_budget_40.txt,selected_random_tie_marginal_envy,LocalRouteDiversity,0
tsiligirides_problem_2_budget_40.txt,selected_random_tie_total_envy,Median,320
tsiligirides_problem_2_budget_40.txt,selected_random_tie_total_envy,Q1,290
tsiligirides_problem_2_budget_40.txt,selected_random_tie_total_envy,Q3,340
tsiligirides_problem_2_budget_40.txt,selected_random_tie_total_envy,Best,340
tsiligirides_problem_2_budget_40.txt,selected_random_tie_total_envy,Worst,280
tsiligirides_problem_2_budget_40.txt,selected_random_tie_total_envy,Average,317.18
tsiligirides_problem_2_budget_40.txt,selected_random_tie_total_envy,RouteDiversity,0.5375448045209374
tsiligirides_problem_2_budget_40.txt,selected_random_tie_total_envy,LocalRouteDiversity,0.0003529411764705882
tsiligirides_problem_2_budget_40.txt,selected_random_tie_marginal_wise,Median,320
tsiligirides_problem_2_budget_40.txt,selected_random_tie_marginal_wise,Q1,290
tsiligirides_problem_2_budget_40.txt,selected_random_tie_marginal_wise,Q3,340
tsiligirides_problem_2_budget_40.txt,selected_random_tie_marginal_wise,Best,340
tsiligirides_problem_2_budget_40.txt,selected_random_tie_marginal_wise,Worst,280
tsiligirides_problem_2_budget_40.txt,selected_random_tie_marginal_wise,Average,317.086
tsiligirides_problem_2_budget_40.txt,selected_random_tie_marginal_wise,RouteDiversity,0.5377816822236237
tsiligirides_problem_2_budget_40.txt,selected_random_tie_marginal_wise,LocalRouteDiversity,0.0003529411764705882
tsiligirides_problem_1_budget_55.txt,marginal_greedy,Median,125
tsiligirides_problem_1_budget_55.txt,marginal_greedy,Q1,105
tsiligirides_problem_1_budget_55.txt,marginal_greedy,Q3,135
tsiligirides_problem_1_budget_55.txt,marginal_greedy,Best,175
tsiligirides_problem_1_budget_55.txt,marginal_greedy,Worst,75
tsiligirides_problem_1_budget_55.txt,marginal_greedy,Average,121.276
tsiligirides_problem_1_budget_55.txt,marginal_greedy,RouteDiversity,0.8938026347455248
tsiligirides_problem_1_budget_55.txt,marginal_greedy,LocalRouteDiversity,0.17283582040728895
tsiligirides_problem_1_budget_55.txt,marginal_lazy,Median,175
tsiligirides_problem_1_budget_55.txt,marginal_lazy,Q1,175
tsiligirides_problem_1_budget_55.txt,marginal_lazy,Q3,175
tsiligirides_problem_1_budget_55.txt,marginal_lazy,Best,175
tsiligirides_problem_1_budget_55.txt,marginal_lazy,Worst,175
tsiligirides_problem_1_budget_55.txt,marginal_lazy,Average,175
tsiligirides_problem_1_budget_55.txt,marginal_lazy,RouteDiversity,0
tsiligirides_problem_1_budget_55.txt,marginal_lazy,LocalRouteDiversity,0
tsiligirides_problem_1_budget_55.txt,marginal_smart,Median,145
tsiligirides_problem_1_budget_55.txt,marginal_smart,Q1,145
tsiligirides_problem_1_budget_55.txt,marginal_smart,Q3,145
tsiligirides_problem_1_budget_55.txt,marginal_smart,Best,145
tsiligirides_problem_1_budget_55.txt,marginal_smart,Worst,145
tsiligirides_problem_1_budget_55.txt,marginal_smart,Average,145
tsiligirides_problem_1_budget_55.txt,marginal_smart,RouteDiversity,0
tsiligirides_problem_1_budget_55.txt,marginal_smart,LocalRouteDiversity,0
tsiligirides_problem_1_budget_55.txt,marginal_wise,Median,150
tsiligirides_problem_1_budget_55.txt,marginal_wise,Q1,150
tsiligirides_problem_1_budget_55.txt,marginal_wise,Q3,150
tsiligirides_problem_1_budget_55.txt,marginal_wise,Best,150
tsiligirides_problem_1_budget_55.txt,marginal_wise,Worst,150
tsiligirides_problem_1_budget_55.txt,marginal_wise,Average,150
tsiligirides_problem_1_budget_55.txt,marginal_wise,RouteDiversity,0
tsiligirides_problem_1_budget_55.txt,marginal_wise,LocalRouteDiversity,0
tsiligirides_problem_1_budget_55.txt,marginal_envy,Median,165
tsiligirides_problem_1_budget_55.txt,marginal_envy,Q1,165
tsiligirides_problem_1_budget_55.txt,marginal_envy,Q3,165
tsiligirides_problem_1_budget_55.txt,marginal_envy,Best,165
tsiligirides_problem_1_budget_55.txt,marginal_envy,Worst,165
tsiligirides_problem_1_budget_55.txt,marginal_envy,Average,165
tsiligirides_problem_1_budget_55.txt,marginal_envy,RouteDiversity,0
tsiligirides_problem_1_budget_55.txt,marginal_envy,LocalRouteDiversity,0
tsiligirides_problem_1_budget_55.txt,total_greedy,Median,125
tsiligirides_problem_1_budget_55.txt,total_greedy,Q1,105
tsiligirides_problem_1_budget_55.txt,total_greedy,Q3,135
tsiligirides_problem_1_budget_55.txt,total_greedy,Best,175
tsiligirides_problem_1_budget_55.txt,total_greedy,Worst,75
tsiligirides_problem_1_budget_55.txt,total_greedy,Average,121.967
tsiligirides_problem_1_budget_55.txt,total_greedy,RouteDiversity,0.8933473909600677
tsiligirides_problem_1_budget_55.txt,total_greedy,LocalRouteDiversity,0.1545732665090327
tsiligirides_problem_1_budget_55.txt,total_lazy,Median,175
tsiligirides_problem_1_budget_55.txt,total_lazy,Q1,175
tsiligirides_problem_1_budget_55.txt,total_lazy,Q3,175
tsiligirides_problem_1_budget_55.txt,total_lazy,Best,175
tsiligirides_problem_1_budget_55.txt,total_lazy,Worst,175
tsiligirides_problem_1_budget_55.txt,total_lazy,Average,175
tsiligirides_problem_1_budget_55.txt,total_lazy,RouteDiversity,0
tsiligirides_problem_1_budget_55.txt,total_lazy,LocalRouteDiversity,0
tsiligirides_problem_1_budget_55.txt,total_smart,Median,145
tsiligirides_problem_1_budget_55.txt,total_smart,Q1,145
tsiligirides_problem_1_budget_55.txt,total_smart,Q3,145
tsiligirides_problem_1_budget_55.txt,total_smart,Best,145
tsiligirides_problem_1_budget_55.txt,total_smart,Worst,145
tsiligirides_problem_1_budget_55.txt,total_smart,Average,145
tsiligirides_problem_1_budget_55.txt,total_smart,RouteDiversity,0
tsiligirides_problem_1_budget_55.txt,total_smart,LocalRouteDiversity,0
tsiligirides_problem_1_budget_55.txt,total_wise,Median,150
tsiligirides_problem_1_budget_55.txt,total_wise,Q1,150
tsiligirides_problem_1_budget_55.txt,total_wise,Q3,150
tsiligirides_problem_1_budget_55.txt,total_wise,Best,150
tsiligirides_problem_1_budget_55.txt,total_wise,Worst,150
tsiligirides_problem_1_budget_55.txt,total_wise,Average,150
tsiligirides_problem_1_budget_55.txt,total_wise,RouteDiversity,0
tsiligirides_problem_1_budget_55.txt,total_wise,LocalRouteDiversity,0
tsiligirides_problem_1_budget_55.txt,total_envy,Median,165
tsiligirides_problem_1_budget_55.txt,total_envy,Q1,165
tsiligirides_problem_1_budget_55.txt,total_envy,Q3,165
tsiligirides_problem_1_budget_55.txt,total_envy,Best,165
tsiligirides_problem_1_budget_55.txt,total_envy,Worst,165
tsiligirides_problem_1_budget_55.txt,total_envy,Average,165
tsiligirides_problem_1_budget_55.txt,total_envy,RouteDiversity,0
tsiligirides_problem_1_budget_55.txt,total_envy,LocalRouteDiversity,0
tsiligirides_problem_1_budget_55.txt,selected_random,Median,170
tsiligirides_problem_1_budget_55.txt,selected_random,Q1,160
tsiligirides_problem_1_budget_55.txt,selected_random,Q3,175
tsiligirides_problem_1_budget_55.txt,selected_random,Best,180
tsiligirides_problem_1_budget_55.txt,selected_random,Worst,145
tsiligirides_problem_1_budget_55.txt,selected_random,Average,166.687
tsiligirides_problem_1_budget_55.txt,selected_random,RouteDiversity,0.7704173643135667
tsiligirides_problem_1_budget_55.txt,selected_random,LocalRouteDiversity,0.012862063062795335
tsiligirides_problem_1_budget_55.txt,selected_random_random_tie,Median,165
tsiligirides_problem_1_budget_55.txt,selected_random_random_tie,Q1,160
tsiligirides_problem_1_budget_55.txt,selected_random_random_tie,Q3,175
tsiligirides_problem_1_budget_55.txt,selected_random_random_tie,Best,180
tsiligirides_problem_1_budget_55.txt,selected_random_random_tie,Worst,145
tsiligirides_problem_1_budget_55.txt,selected_random_random_tie,Average,166.444
tsiligirides_problem_1_budget_55.txt,selected_random_random_tie,RouteDiversity,0.7688484841677081
tsiligirides_problem_1_budget_55.txt,selected_random_random_tie,LocalRouteDiversity,0.013625497934559718
tsiligirides_problem_1_budget_55.txt,selected_random_tie_marginal_envy,Median,170
tsiligirides_problem_1_budget_55.txt,selected_random_tie_marginal_envy,Q1,160
tsiligirides_problem_1_budget_55.txt,selected_random_tie_marginal_envy,Q3,175
tsiligirides_problem_1_budget_55.txt,selected_random_tie_marginal_envy,Best,180
tsiligirides_problem_1_budget_55.txt,selected_random_tie_marginal_envy,Worst,145
tsiligirides_problem_1_budget_55.txt,selected_random_tie_marginal_envy,Average,166.71
tsiligirides_problem_1_budget_55.txt,selected_random_tie_marginal_envy,RouteDiversity,0.7723685330250718
tsiligirides_problem_1_budget_55.txt,selected_random_tie_marginal_envy,LocalRouteDiversity,0.012156015433841514
tsiligirides_problem_1_budget_55.txt,selected_random_tie_total_envy,Median,170
tsiligirides_problem_1_budget_55.txt,selected_random_tie_total_envy,Q1,160
tsiligirides_problem_1_budget_55.txt,selected_random_tie_total_envy,Q3,175
tsiligirides_problem_1_budget_55.txt,selected_random_tie_total_envy,Best,180
tsiligirides_problem_1_budget_55.txt,selected_random_tie_total_envy,Worst,145
tsiligirides_problem_1_budget_55.txt,selected_random_tie_total_envy,Average,166.624
tsiligirides_problem_1_budget_55.txt,selected_random_tie_total_envy,RouteDiversity,0.7704938258481716
tsiligirides_problem_1_budget_55.txt,selected_random_tie_total_envy,LocalRouteDiversity,0.012431740517301155
tsiligirides_problem_1_budget_55.txt,selected_random_tie_marginal_wise,Median,170
tsiligirides_problem_1_budget_55.txt,selected_random_tie_marginal_wise,Q1,160
tsiligirides_problem_1_budget_55.txt,selected_random_tie_marginal_wise,Q3,175
tsiligirides_problem_1_budget_55.txt,selected_random_tie_marginal_wise,Best,180
tsiligirides_problem_1_budget_55.txt,selected_random_tie_marginal_wise,Worst,145
tsiligirides_problem_1_budget_55.txt,selected_random_tie_marginal_wise,Average,166.725
tsiligirides_problem_1_budget_55.txt,selected_random_tie_marginal_wise,RouteDiversity,0.7658340614439919
tsiligirides_problem_1_budget_55.txt,selected_random_tie_marginal_wise,LocalRouteDiversity,0.013739746599700831
tsiligirides_problem_1_budget_65.txt,marginal_greedy,Median,140
tsiligirides_problem_1_budget_65.txt,marginal_greedy,Q1,125
tsiligirides_problem_1_budget_65.txt,marginal_greedy,Q3,150
tsiligirides_problem_1_budget_65.txt,marginal_greedy,Best,200
tsiligirides_problem_1_budget_65.txt,marginal_greedy,Worst,80
tsiligirides_problem_1_budget_65.txt,marginal_greedy,Average,135.748
tsiligirides_problem_1_budget_65.txt,marginal_greedy,RouteDiversity,0.9062214722876752
tsiligirides_problem_1_budget_65.txt,marginal_greedy,LocalRouteDiversity,0.299038316393191
tsiligirides_problem_1_budget_65.txt,marginal_lazy,Median,195
tsiligirides_problem_1_budget_65.txt,marginal_lazy,Q1,195
tsiligirides_problem_1_budget_65.txt,marginal_lazy,Q3,195
tsiligirides_problem_1_budget_65.txt,marginal_lazy,Best,195
tsiligirides_problem_1_budget_65.txt,marginal_lazy,Worst,195
tsiligirides_problem_1_budget_65.txt,marginal_lazy,Average,195
tsiligirides_problem_1_budget_65.txt,marginal_lazy,RouteDiversity,0
tsiligirides_problem_1_budget_65.txt,marginal_lazy,LocalRouteDiversity,0
tsiligirides_problem_1_budget_65.txt,marginal_smart,Median,185
tsiligirides_problem_1_budget_65.txt,marginal_smart,Q1,185
tsiligirides_problem_1_budget_65.txt,marginal_smart,Q3,185
tsiligirides_problem_1_budget_65.txt,marginal_smart,Best,185
tsiligirides_problem_1_budget_65.txt,marginal_smart,Worst,185
tsiligirides_problem_1_budget_65.txt,marginal_smart,Average,185
tsiligirides_problem_1_budget_65.txt,marginal_smart,RouteDiversity,0
tsiligirides_problem_1_budget_65.txt,marginal_smart,LocalRouteDiversity,0
tsiligirides_problem_1_budget_65.txt,marginal_wise,Median,185
tsiligirides_problem_1_budget_65.txt,marginal_wise,Q1,185
tsiligirides_problem_1_budget_65.txt,marginal_wise,Q3,185
tsiligirides_problem_1_budget_65.txt,marginal_wise,Best,185
tsiligirides_problem_1_budget_65.txt,marginal_wise,Worst,185
tsiligirides_problem_1_budget_65.txt,marginal_wise,Average,185
tsiligirides_problem_1_budget_65.txt,marginal_wise,RouteDiversity,0
tsiligirides_problem_1_budget_65.txt,marginal_wise,LocalRouteDiversity,0
tsiligirides_problem_1_budget_65.txt,marginal_envy,Median,195
tsiligirides_problem_1_budget_65.txt,marginal_envy,Q1,195
tsiligirides_problem_1_budget_65.txt,marginal_envy,Q3,195
tsiligirides_problem_1_budget_65.txt,marginal_envy,Best,195
tsiligirides_problem_1_budget_65.txt,marginal_envy,Worst,195
tsiligirides_problem_1_budget_65.txt,marginal_envy,Average,195
tsiligirides_problem_1_budget_65.txt,marginal_envy,RouteDiversity,0
tsiligirides_problem_1_budget_65.txt,marginal_envy,LocalRouteDiversity,0
tsiligirides_problem_1_budget_65.txt,total_greedy,Median,140
tsiligirides_problem_1_budget_65.txt,total_greedy,Q1,125
tsiligirides_problem_1_budget_65.txt,total_greedy,Q3,150
tsiligirides_problem_1_budget_65.txt,total_greedy,Best,205
tsiligirides_problem_1_budget_65.txt,total_greedy,Worst,80
tsiligirides_problem_1_budget_65.txt,total_greedy,Average,135.869
tsiligirides_problem_1_budget_65.txt,total_greedy,RouteDiversity,0.9072166943591644
tsiligirides_problem_1_budget_65.txt,total_greedy,LocalRouteDiversity,0.30727196076234226
tsiligirides_problem_1_budget_65.txt,total_lazy,Median,195
tsiligirides_problem_1_budget_65.txt,total_lazy,Q1,195
tsiligirides_problem_1_budget_65.txt,total_lazy,Q3,195
tsiligirides_problem_1_budget_65.txt,total_lazy,Best,195
tsiligirides_problem_1_budget_65.txt,total_lazy,Worst,195
tsiligirides_problem_1_budget_65.txt,total_lazy,Average,195
tsiligirides_problem_1_budget_65.txt,total_lazy,RouteDiversity,0
tsiligirides_problem_1_budget_65.txt,total_lazy,LocalRouteDiversity,0
tsiligirides_problem_1_budget_65.txt,total_smart,Median,180
tsiligirides_problem_1_budget_65.txt,total_smart,Q1,180
tsiligirides_problem_1_budget_65.txt,total_smart,Q3,180
tsiligirides_problem_1_budget_65.txt,total_smart,Best,180
tsiligirides_problem_1_budget_65.txt,total_smart,Worst,180
tsiligirides_problem_1_budget_65.txt,total_smart,Average,180
tsiligirides_problem_1_budget_65.txt,total_smart,RouteDiversity,0
tsiligirides_problem_1_budget_65.txt,total_smart,LocalRouteDiversity,0
tsiligirides_problem_1_budget_65.txt,total_wise,Median,185
tsiligirides_problem_1_budget_65.txt,total_wise,Q1,185
tsiligirides_problem_1_budget_65.txt,total_wise,Q3,185
tsiligirides_problem_1_budget_65.txt,total_wise,Best,185
tsiligirides_problem_1_budget_65.txt,total_wise,Worst,185
tsiligirides_problem_1_budget_65.txt,total_wise,Average,185
tsiligirides_problem_1_budget_65.txt,total_wise,RouteDiversity,0
tsiligirides_problem_1_budget_65.txt,total_wise,LocalRouteDiversity,0
tsiligirides_problem_1_budget_65.txt,total_envy,Median,200
tsiligirides_problem_1_budget_65.txt,total_envy,Q1,200
tsiligirides_problem_1_budget_65.txt,total_envy,Q3,200
tsiligirides_problem_1_budget_65.txt,total_envy,Best,200
tsiligirides_problem_1_budget_65.txt,total_envy,Worst,200
tsiligirides_problem_1_budget_65.txt,total_envy,Average,200
tsiligirides_problem_1_budget_65.txt,total_envy,RouteDiversity,0
tsiligirides_problem_1_budget_65.txt,total_envy,LocalRouteDiversity,0
tsiligirides_problem_1_budget_65.txt,selected_random,Median,195
tsiligirides_problem_1_budget_65.txt,selected_random,Q1,190
tsiligirides_problem_1_budget_65.txt,selected_random,Q3,205
tsiligirides_problem_1_budget_65.txt,selected_random,Best,215
tsiligirides_problem_1_budget_65.txt,selected_random,Worst,175
tsiligirides_problem_1_budget_65.txt,selected_random,Average,197.172
tsiligirides_problem_1_budget_65.txt,selected_random,RouteDiversity,0.7469356984091857
tsiligirides_problem_1_budget_65.txt,selected_random,LocalRouteDiversity,0.02829522927763558
tsiligirides_problem_1_budget_65.txt,selected_random_random_tie,Median,195
tsiligirides_problem_1_budget_65.txt,selected_random_random_tie,Q1,190
tsiligirides_problem_1_budget_65.txt,selected_random_random_tie,Q3,205
tsiligirides_problem_1_budget_65.txt,selected_random_random_tie,Best,215
tsiligirides_problem_1_budget_65.txt,selected_random_random_tie,Worst,175
tsiligirides_problem_1_budget_65.txt,selected_random_random_tie,Average,197.085
tsiligirides_problem_1_budget_65.txt,selected_random_random_tie,RouteDiversity,0.7464128795852617
tsiligirides_problem_1_budget_65.txt,selected_random_random_tie,LocalRouteDiversity,0.027596029789966815
tsiligirides_problem_1_budget_65.txt,selected_random_tie_marginal_envy,Median,195
tsiligirides_problem_1_budget_65.txt,selected_random_tie_marginal_envy,Q1,190
tsiligirides_problem_1_budget_65.txt,selected_random_tie_marginal_envy,Q3,205
tsiligirides_problem_1_budget_65.txt,selected_random_tie_marginal_envy,Best,215
tsiligirides_problem_1_budget_65.txt,selected_random_tie_marginal_envy,Worst,175
tsiligirides_problem_1_budget_65.txt,selected_random_tie_marginal_envy,Average,196.949
tsiligirides_problem_1_budget_65.txt,selected_random_tie_marginal_envy,RouteDiversity,0.7481427985370073
tsiligirides_problem_1_budget_65.txt,selected_random_tie_marginal_envy,LocalRouteDiversity,0.026790705358942242
tsiligirides_problem_1_budget_65.txt,selected_random_tie_total_envy,Median,195
tsiligirides_problem_1_budget_65.txt,selected_random_tie_total_envy,Q1,190
tsiligirides_problem_1_budget_65.txt,selected_random_tie_total_envy,Q3,205
tsiligirides_problem_1_budget_65.txt,selected_random_tie_total_envy,Best,215
tsiligirides_problem_1_budget_65.txt,selected_random_tie_total_envy,Worst,175
tsiligirides_problem_1_budget_65.txt,selected_random_tie_total_envy,Average,196.957
tsiligirides_problem_1_budget_65.txt,selected_random_tie_total_envy,RouteDiversity,0.7473670770390705
tsiligirides_problem_1_budget_65.txt,selected_random_tie_total_envy,LocalRouteDiversity,0.031014590682902524
tsiligirides_problem_1_budget_65.txt,selected_random_tie_marginal_wise,Median,195
tsiligirides_problem_1_budget_65.txt,selected_random_tie_marginal_wise,Q1,190
tsiligirides_problem_1_budget_65.txt,selected_random_tie_marginal_wise,Q3,200
tsiligirides_problem_1_budget_65.txt,selected_random_tie_marginal_wise,Best,215
tsiligirides_problem_1_budget_65.txt,selected_random_tie_marginal_wise,Worst,175
tsiligirides_problem_1_budget_65.txt,selected_random_tie_marginal_wise,Average,197.069
tsiligirides_problem_1_budget_65.txt,selected_random_tie_marginal_wise,RouteDiversity,0.746637302654757
tsiligirides_problem_1_budget_65.txt,selected_random_tie_marginal_wise,LocalRouteDiversity,0.02659556129599757
tsiligirides_problem_2_budget_35.txt,marginal_greedy,Median,190
tsiligirides_problem_2_budget_35.txt,marginal_greedy,Q1,190
tsiligirides_problem_2_budget_35.txt,marginal_greedy,Q3,275
tsiligirides_problem_2_budget_35.txt,marginal_greedy,Best,275
tsiligirides_problem_2_budget_35.txt,marginal_greedy,Worst,190
tsiligirides_problem_2_budget_35.txt,marginal_greedy,Average,227.224
tsiligirides_problem_2_budget_35.txt,marginal_greedy,RouteDiversity,0.5565739072395665
tsiligirides_problem_2_budget_35.txt,marginal_greedy,LocalRouteDiversity,0
tsiligirides_problem_2_budget_35.txt,marginal_lazy,Median,260
tsiligirides_problem_2_budget_35.txt,marginal_lazy,Q1,260
tsiligirides_problem_2_budget_35.txt,marginal_lazy,Q3,260
tsiligirides_problem_2_budget_35.txt,marginal_lazy,Best,260
tsiligirides_problem_2_budget_35.txt,marginal_lazy,Worst,260
tsiligirides_problem_2_budget_35.txt,marginal_lazy,Average,260
tsiligirides_problem_2_budget_35.txt,marginal_lazy,RouteDiversity,0
tsiligirides_problem_2_budget_35.txt,marginal_lazy,LocalRouteDiversity,0
tsiligirides_problem_2_budget_35.txt,marginal_smart,Median,260
tsiligirides_problem_2_budget_35.txt,marginal_smart,Q1,260
tsiligirides_problem_2_budget_35.txt,marginal_smart,Q3,260
tsiligirides_problem_2_budget_35.txt,marginal_smart,Best,260
tsiligirides_problem_2_budget_35.txt,marginal_smart,Worst,260
tsiligirides_problem_2_budget_35.txt,marginal_smart,Average,260
tsiligirides_problem_2_budget_35.txt,marginal_smart,RouteDiversity,0
tsiligirides_problem_2_budget_35.txt,marginal_smart,LocalRouteDiversity,0
tsiligirides_problem_2_budget_35.txt,marginal_wise,Median,260
tsiligirides_problem_2_budget_35.txt,marginal_wise,Q1,260
tsiligirides_problem_2_budget_35.txt,marginal_wise,Q3,260
tsiligirides_problem_2_budget_35.txt,marginal_wise,Best,260
tsiligirides_problem_2_budget_35.txt,marginal_wise,Worst,260
tsiligirides_problem_2_budget_35.txt,marginal_wise,Average,260
tsiligirides_problem_2_budget_35.txt,marginal_wise,RouteDiversity,0
tsiligirides_problem_2_budget_35.txt,marginal_wise,LocalRouteDiversity,0
tsiligirides_problem_2_budget_35.txt,marginal_envy,Median,270
tsiligirides_problem_2_budget_35.txt,marginal_envy,Q1,270
tsiligirides_problem_2_budget_35.txt,marginal_envy,Q3,270
tsiligirides_problem_2_budget_35.txt,marginal_envy,Best,270
tsiligirides_problem_2_budget_35.txt,marginal_envy,Worst,270
tsiligirides_problem_2_budget_35.txt,marginal_envy,Average,270
tsiligirides_problem_2_budget_35.txt,marginal_envy,RouteDiversity,0
tsiligirides_problem_2_budget_35.txt,marginal_envy,LocalRouteDiversity,0
tsiligirides_problem_2_budget_35.txt,total_greedy,Median,190
tsiligirides_problem_2_budget_35.txt,total_greedy,Q1,190
tsiligirides_problem_2_budget_35.txt,total_greedy,Q3,275
tsiligirides_problem_2_budget_35.txt,total_greedy,Best,275
tsiligirides_problem_2_budget_35.txt,total_greedy,Worst,190
tsiligirides_problem_2_budget_35.txt,total_greedy,Average,227.751
tsiligirides_problem_2_budget_35.txt,total_greedy,RouteDiversity,0.5439316566557114
tsiligirides_problem_2_budget_35.txt,total_greedy,LocalRouteDiversity,0
tsiligirides_problem_2_budget_35.txt,total_lazy,Median,260
tsiligirides_problem_2_budget_35.txt,total_lazy,Q1,260
tsiligirides_problem_2_budget_35.txt,total_lazy,Q3,260
tsiligirides_problem_2_budget_35.txt,total_lazy,Best,260
tsiligirides_problem_2_budget_35.txt,total_lazy,Worst,260
tsiligirides_problem_2_budget_35.txt,total_lazy,Average,260
tsiligirides_problem_2_budget_35.txt,total_lazy,RouteDiversity,0
tsiligirides_problem_2_budget_35.txt,total_lazy,LocalRouteDiversity,0
tsiligirides_problem_2_budget_35.txt,total_smart,Median,260
tsiligirides_problem_2_budget_35.txt,total_smart,Q1,260
tsiligirides_problem_2_budget_35.txt,total_smart,Q3,260
tsiligirides_problem_2_budget_35.txt,total_smart,Best,260
tsiligirides_problem_2_budget_35.txt,total_smart,Worst,260
tsiligirides_problem_2_budget_35.txt,total_smart,Average,260
tsiligirides_problem_2_budget_35.txt,total_smart,RouteDiversity,0
tsiligirides_problem_2_budget_35.txt,total_smart,LocalRouteDiversity,0
tsiligirides_problem_2_budget_35.txt,total_wise,Median,260
tsiligirides_problem_2_budget_35.txt,total_wise,Q1,260
tsiligirides_problem_2_budget_35.txt,total_wise,Q3,260
tsiligirides_problem_2_budget_35.txt,total_wise,Best,260
tsiligirides_problem_2_budget_35.txt,total_wise,Worst,260
tsiligirides_problem_2_budget_35.txt,total_wise,Average,260
tsiligirides_problem_2_budget_35.txt,total_wise,RouteDiversity,0
tsiligirides_problem_2_budget_35.txt,total_wise,LocalRouteDiversity,0
tsiligirides_problem_2_budget_35.txt,total_envy,Median,260
tsiligirides_problem_2_budget_35.txt,total_envy,Q1,260
tsiligirides_problem_2_budget_35.txt,total_envy,Q3,260
tsiligirides_problem_2_budget_35.txt,total_envy,Best,260
tsiligirides_problem_2_budget_35.txt,total_envy,Worst,260
tsiligirides_problem_2_budget_35.txt,total_envy,Average,260
tsiligirides_problem_2_budget_35.txt,total_envy,RouteDiversity,0
tsiligirides_problem_2_budget_35.txt,total_envy,LocalRouteDiversity,0
tsiligirides_problem_2_budget_35.txt,selected_random,Median,260
tsiligirides_problem_2_budget_35.txt,selected_random,Q1,260
tsiligirides_problem_2_budget_35.txt,selected_random,Q3,260
tsiligirides_problem_2_budget_35.txt,selected_random,Best,280
tsiligirides_problem_2_budget_35.txt,selected_random,Worst,240
tsiligirides_problem_2_budget_35.txt,selected_random,Average,258.932
tsiligirides_problem_2_budget_35.txt,selected_random,RouteDiversity,0.5173519035059081
tsiligirides_problem_2_budget_35.txt,selected_random,LocalRouteDiversity,0
tsiligirides_problem_2_budget_35.txt,selected_random_random_tie,Median,260
tsiligirides_problem_2_budget_35.txt,selected_random_random_tie,Q1,260
tsiligirides_problem_2_budget_35.txt,selected_random_random_tie,Q3,260
tsiligirides_problem_2_budget_35.txt,selected_random_random_tie,Best,280
tsiligirides_problem_2_budget_35.txt,selected_random_random_tie,Worst,240
tsiligirides_problem_2_budget_35.txt,selected_random_random_tie,Average,258.912
tsiligirides_problem_2_budget_35.txt,selected_random_random_tie,RouteDiversity,0.5169985307087714
tsiligirides_problem_2_budget_35.txt,selected_random_random_tie,LocalRouteDiversity,0
tsiligirides_problem_2_budget_35.txt,selected_random_tie_marginal_envy,Median,260
tsiligirides_problem_2_budget_35.txt,selected_random_tie_marginal_envy,Q1,260
tsiligirides_problem_2_budget_35.txt,selected_random_tie_marginal_envy,Q3,260
tsiligirides_problem_2_budget_35.txt,selected_random_tie_marginal_envy,Best,280
tsiligirides_problem_2_budget_35.txt,selected_random_tie_marginal_envy,Worst,240
tsiligirides_problem_2_budget_35.txt,selected_random_tie_marginal_envy,Average,258.874
tsiligirides_problem_2_budget_35.txt,selected_random_tie_marginal_envy,RouteDiversity,0.5202823624972558
tsiligirides_problem_2_budget_35.txt,selected_random_tie_marginal_envy,LocalRouteDiversity,0
tsiligirides_problem_2_budget_35.txt,selected_random_tie_total_envy,Median,260
tsiligirides_problem_2_budget_35.txt,selected_random_tie_total_envy,Q1,260
tsiligirides_problem_2_budget_35.txt,selected_random_tie_total_envy,Q3,260
tsiligirides_problem_2_budget_35.txt,selected_random_tie_total_envy,Best,280
tsiligirides_problem_2_budget_35.txt,selected_random_tie_total_envy,Worst,240
tsiligirides_problem_2_budget_35.txt,selected_random_tie_total_envy,Average,258.942
tsiligirides_problem_2_budget_35.txt,selected_random_tie_total_envy,RouteDiversity,0.5156065136128486
tsiligirides_problem_2_budget_35.txt,selected_random_tie_total_envy,LocalRouteDiversity,0
tsiligirides_problem_2_budget_35.txt,selected_random_tie_marginal_wise,Median,260
tsiligirides_problem_2_budget_35.txt,selected_random_tie_marginal_wise,Q1,260
tsiligirides_problem_2_budget_35.txt,selected_random_tie_marginal_wise,Q3,260
tsiligirides_problem_2_budget_35.txt,selected_random_tie_marginal_wise,Best,280
tsiligirides_problem_2_budget_35.txt,selected_random_tie_marginal_wise,Worst,240
tsiligirides_problem_2_budget_35.txt,selected_random_tie_marginal_wise,Average,258.928
tsiligirides_problem_2_budget_35.txt,selected_random_tie_marginal_wise,RouteDiversity,0.5215176537364145
tsiligirides_problem_2_budget_35.txt,selected_random_tie_marginal_wise,LocalRouteDiversity,0
set_66_1_040.txt,marginal_greedy,Median,330
set_66_1_040.txt,marginal_greedy,Q1,280
set_66_1_040.txt,marginal_greedy,Q3,375
set_66_1_040.txt,marginal_greedy,Best,545
set_66_1_040.txt,marginal_greedy,Worst,105
set_66_1_040.txt,marginal_greedy,Average,331.747
set_66_1_040.txt,marginal_greedy,RouteDiversity,0.9781224446204222
set_66_1_040.txt,marginal_greedy,LocalRouteDiversity,0.709728162498079
set_66_1_040.txt,marginal_lazy,Median,290
set_66_1_040.txt,marginal_lazy,Q1,290
set_66_1_040.txt,marginal_lazy,Q3,290
set_66_1_040.txt,marginal_lazy,Best,290
set_66_1_040.txt,marginal_lazy,Worst,290
set_66_1_040.txt,marginal_lazy,Average,290
set_66_1_040.txt,marginal_lazy,RouteDiversity,0.5004984984984985
set_66_1_040.txt,marginal_lazy,LocalRouteDiversity,0
set_66_1_040.txt,marginal_smart,Median,505
set_66_1_040.txt,marginal_smart,Q1,505
set_66_1_040.txt,marginal_smart,Q3,505
set_66_1_040.txt,marginal_smart,Best,505
set_66_1_040.txt,marginal_smart,Worst,505
set_66_1_040.txt,marginal_smart,Average,505
set_66_1_040.txt,marginal_smart,RouteDiversity,0.7501481481481481
set_66_1_040.txt,marginal_smart,LocalRouteDiversity,0
set_66_1_040.txt,marginal_wise,Median,505
set_66_1_040.txt,marginal_wise,Q1,505
set_66_1_040.txt,marginal_wise,Q3,505
set_66_1_040.txt,marginal_wise,Best,505
set_66_1_040.txt,marginal_wise,Worst,505
set_66_1_040.txt,marginal_wise,Average,505
set_66_1_040.txt,marginal_wise,RouteDiversity,0.4972972972972973
set_66_1_040.txt,marginal_wise,LocalRouteDiversity,0
set_66_1_040.txt,marginal_envy,Median,505
set_66_1_040.txt,marginal_envy,Q1,505
set_66_1_040.txt,marginal_envy,Q3,505
set_66_1_040.txt,marginal_envy,Best,505
set_66_1_040.txt,marginal_envy,Worst,505
set_66_1_040.txt,marginal_envy,Average,505
set_66_1_040.txt,marginal_envy,RouteDiversity,0.7504964964964965
set_66_1_040.txt,marginal_envy,LocalRouteDiversity,0
set_66_1_040.txt,total_greedy,Median,325
set_66_1_040.txt,total_greedy,Q1,280
set_66_1_040.txt,total_greedy,Q3,375
set_66_1_040.txt,total_greedy,Best,545
set_66_1_040.txt,total_greedy,Worst,105
set_66_1_040.txt,total_greedy,Average,331.6
set_66_1_040.txt,total_greedy,RouteDiversity,0.9776560079104634
set_66_1_040.txt,total_greedy,LocalRouteDiversity,0.7005594416731015
set_66_1_040.txt,total_lazy,Median,320
set_66_1_040.txt,total_lazy,Q1,320
set_66_1_040.txt,total_lazy,Q3,320
set_66_1_040.txt,total_lazy,Best,320
set_66_1_040.txt,total_lazy,Worst,320
set_66_1_040.txt,total_lazy,Average,320
set_66_1_040.txt,total_lazy,RouteDiversity,0.5004284284284284
set_66_1_040.txt,total_lazy,LocalRouteDiversity,0
set_66_1_040.txt,total_smart,Median,505
set_66_1_040.txt,total_smart,Q1,505
set_66_1_040.txt,total_smart,Q3,505
set_66_1_040.txt,total_smart,Best,505
set_66_1_040.txt,total_smart,Worst,505
set_66_1_040.txt,total_smart,Average,505
set_66_1_040.txt,total_smart,RouteDiversity,0.761374283374553
set_66_1_040.txt,total_smart,LocalRouteDiversity,0
set_66_1_040.txt,total_wise,Median,505
set_66_1_040.txt,total_wise,Q1,505
set_66_1_040.txt,total_wise,Q3,505
set_66_1_040.txt,total_wise,Best,505
set_66_1_040.txt,total_wise,Worst,505
set_66_1_040.txt,total_wise,Average,505
set_66_1_040.txt,total_wise,RouteDiversity,0.5002582582582582
set_66_1_040.txt,total_wise,LocalRouteDiversity,0
set_66_1_040.txt,total_envy,Median,485
set_66_1_040.txt,total_envy,Q1,485
set_66_1_040.txt,total_envy,Q3,485
set_66_1_040.txt,total_envy,Best,485
set_66_1_040.txt,total_envy,Worst,485
set_66_1_040.txt,total_envy,Average,485
set_66_1_040.txt,total_envy,RouteDiversity,0.7505565565565565
set_66_1_040.txt,total_envy,LocalRouteDiversity,0
set_66_1_040.txt,selected_random,Median,505
set_66_1_040.txt,selected_random,Q1,505
set_66_1_040.txt,selected_random,Q3,505
set_66_1_040.txt,selected_random,Best,515
set_66_1_040.txt,selected_random,Worst,485
set_66_1_040.txt,selected_random,Average,504.632
set_66_1_040.txt,selected_random,RouteDiversity,0.8598703082873497
set_66_1_040.txt,selected_random,LocalRouteDiversity,0.015515082598560858
set_66_1_040.txt,selected_random_random_tie,Median,505
set_66_1_040.txt,selected_random_random_tie,Q1,505
set_66_1_040.txt,selected_random_random_tie,Q3,505
set_66_1_040.txt,selected_random_random_tie,Best,515
set_66_1_040.txt,selected_random_random_tie,Worst,485
set_66_1_040.txt,selected_random_random_tie,Average,504.686
set_66_1_040.txt,selected_random_random_tie,RouteDiversity,0.8751249953875393
set_66_1_040.txt,selected_random_random_tie,LocalRouteDiversity,0.019671134083307992
set_66_1_040.txt,selected_random_tie_marginal_envy,Median,505
set_66_1_040.txt,selected_random_tie_marginal_envy,Q1,505
set_66_1_040.txt,selected_random_tie_marginal_envy,Q3,505
set_66_1_040.txt,selected_random_tie_marginal_envy,Best,515
set_66_1_040.txt,selected_random_tie_marginal_envy,Worst,485
set_66_1_040.txt,selected_random_tie_marginal_envy,Average,504.678
set_66_1_040.txt,selected_random_tie_marginal_envy,RouteDiversity,0.8758423832316568
set_66_1_040.txt,selected_random_tie_marginal_envy,LocalRouteDiversity,0.022959055437316307
set_66_1_040.txt,selected_random_tie_total_envy,Median,505
set_66_1_040.txt,selected_random_tie_total_envy,Q1,505
set_66_1_040.txt,selected_random_tie_total_envy,Q3,505
set_66_1_040.txt,selected_random_tie_total_envy,Best,515
set_66_1_040.txt,selected_random_tie_total_envy,Worst,485
set_66_1_040.txt,selected_random_tie_total_envy,Average,504.748
set_66_1_040.txt,selected_random_tie_total_envy,RouteDiversity,0.8744433187573531
set_66_1_040.txt,selected_random_tie_total_envy,LocalRouteDiversity,0.020198707250881177
set_66_1_040.txt,selected_random_tie_marginal_wise,Median,505
set_66_1_040.txt,selected_random_tie_marginal_wise,Q1,505
set_66_1_040.txt,selected_random_tie_marginal_wise,Q3,505
set_66_1_040.txt,selected_random_tie_marginal_wise,Best,515
set_66_1_040.txt,selected_random_tie_marginal_wise,Worst,485
set_66_1_040.txt,selected_random_tie_marginal_wise,Average,504.654
set_66_1_040.txt,selected_random_tie_marginal_wise,RouteDiversity,0.8754070310774457
set_66_1_040.txt,selected_random_tie_marginal_wise,LocalRouteDiversity,0.01845889530759096
set_66_1_025.txt,marginal_greedy,Median,225
set_66_1_025.txt,marginal_greedy,Q1,205
set_66_1_025.txt,marginal_greedy,Q3,255
set_66_1_025.txt,marginal_greedy,Best,290
set_66_1_025.txt,marginal_greedy,Worst,135
set_66_1_025.txt,marginal_greedy,Average,223.082
set_66_1_025.txt,marginal_greedy,RouteDiversity,0.9739227244181888
set_66_1_025.txt,marginal_greedy,LocalRouteDiversity,0.25819081647282904
set_66_1_025.txt,marginal_lazy,Median,145
set_66_1_025.txt,marginal_lazy,Q1,145
set_66_1_025.txt,marginal_lazy,Q3,145
set_66_1_025.txt,marginal_lazy,Best,145
set_66_1_025.txt,marginal_lazy,Worst,145
set_66_1_025.txt,marginal_lazy,Average,145
set_66_1_025.txt,marginal_lazy,RouteDiversity,0.5004824824824825
set_66_1_025.txt,marginal_lazy,LocalRouteDiversity,0
set_66_1_025.txt,marginal_smart,Median,280
set_66_1_025.txt,marginal_smart,Q1,280
set_66_1_025.txt,marginal_smart,Q3,280
set_66_1_025.txt,marginal_smart,Best,280
set_66_1_025.txt,marginal_smart,Worst,280
set_66_1_025.txt,marginal_smart,Average,280
set_66_1_025.txt,marginal_smart,RouteDiversity,0.7501361361361362
set_66_1_025.txt,marginal_smart,LocalRouteDiversity,0
set_66_1_025.txt,marginal_wise,Median,280
set_66_1_025.txt,marginal_wise,Q1,280
set_66_1_025.txt,marginal_wise,Q3,280
set_66_1_025.txt,marginal_wise,Best,280
set_66_1_025.txt,marginal_wise,Worst,280
set_66_1_025.txt,marginal_wise,Average,280
set_66_1_025.txt,marginal_wise,RouteDiversity,0.5004284284284284
set_66_1_025.txt,marginal_wise,LocalRouteDiversity,0
set_66_1_025.txt,marginal_envy,Median,280
set_66_1_025.txt,marginal_envy,Q1,280
set_66_1_025.txt,marginal_envy,Q3,280
set_66_1_025.txt,marginal_envy,Best,280
set_66_1_025.txt,marginal_envy,Worst,280
set_66_1_025.txt,marginal_envy,Average,280
set_66_1_025.txt,marginal_envy,RouteDiversity,0.7506006006006006
set_66_1_025.txt,marginal_envy,LocalRouteDiversity,0
set_66_1_025.txt,total_greedy,Median,225
set_66_1_025.txt,total_greedy,Q1,200
set_66_1_025.txt,total_greedy,Q3,255
set_66_1_025.txt,total_greedy,Best,290
set_66_1_025.txt,total_greedy,Worst,135
set_66_1_025.txt,total_greedy,Average,222.652
set_66_1_025.txt,total_greedy,RouteDiversity,0.9745166108183094
set_66_1_025.txt,total_greedy,LocalRouteDiversity,0.2610621111276065
set_66_1_025.txt,total_lazy,Median,145
set_66_1_025.txt,total_lazy,Q1,145
set_66_1_025.txt,total_lazy,Q3,145
set_66_1_025.txt,total_lazy,Best,145
set_66_1_025.txt,total_lazy,Worst,145
set_66_1_025.txt,total_lazy,Average,145
set_66_1_025.txt,total_lazy,RouteDiversity,0.49857657657657656
set_66_1_025.txt,total_lazy,LocalRouteDiversity,0
set_66_1_025.txt,total_smart,Median,280
set_66_1_025.txt,total_smart,Q1,280
set_66_1_025.txt,total_smart,Q3,280
set_66_1_025.txt,total_smart,Best,280
set_66_1_025.txt,total_smart,Worst,280
set_66_1_025.txt,total_smart,Average,280
set_66_1_025.txt,total_smart,RouteDiversity,0.7484524524524524
set_66_1_025.txt,total_smart,LocalRouteDiversity,0
set_66_1_025.txt,total_wise,Median,280
set_66_1_025.txt,total_wise,Q1,280
set_66_1_025.txt,total_wise,Q3,280
set_66_1_025.txt,total_wise,Best,280
set_66_1_025.txt,total_wise,Worst,280
set_66_1_025.txt,total_wise,Average,280
set_66_1_025.txt,total_wise,RouteDiversity,0.5004684684684685
set_66_1_025.txt,total_wise,LocalRouteDiversity,0
set_66_1_025.txt,total_envy,Median,260
set_66_1_025.txt,total_envy,Q1,260
set_66_1_025.txt,total_envy,Q3,260
set_66_1_025.txt,total_envy,Best,260
set_66_1_025.txt,total_envy,Worst,260
set_66_1_025.txt,total_envy,Average,260
set_66_1_025.txt,total_envy,RouteDiversity,0.7504724724724725
set_66_1_025.txt,total_envy,LocalRouteDiversity,0
set_66_1_025.txt,selected_random,Median,280
set_66_1_025.txt,selected_random,Q1,280
set_66_1_025.txt,selected_random,Q3,280
set_66_1_025.txt,selected_random,Best,280
set_66_1_025.txt,selected_random,Worst,260
set_66_1_025.txt,selected_random,Average,278.119
set_66_1_025.txt,selected_random,RouteDiversity,0.87691156965378
set_66_1_025.txt,selected_random,LocalRouteDiversity,0.021155541909071318
set_66_1_025.txt,selected_random_random_tie,Median,280
set_66_1_025.txt,selected_random_random_tie,Q1,280
set_66_1_025.txt,selected_random_random_tie,Q3,280
set_66_1_025.txt,selected_random_random_tie,Best,280
set_66_1_025.txt,selected_random_random_tie,Worst,260
set_66_1_025.txt,selected_random_random_tie,Average,278.123
set_66_1_025.txt,selected_random_random_tie,RouteDiversity,0.8735252067031839
set_66_1_025.txt,selected_random_random_tie,LocalRouteDiversity,0.02094140271493211
set_66_1_025.txt,selected_random_tie_marginal_envy,Median,280
set_66_1_025.txt,selected_random_tie_marginal_envy,Q1,280
set_66_1_025.txt,selected_random_tie_marginal_envy,Q3,280
set_66_1_025.txt,selected_random_tie_marginal_envy,Best,280
set_66_1_025.txt,selected_random_tie_marginal_envy,Worst,260
set_66_1_025.txt,selected_random_tie_marginal_envy,Average,278.224
set_66_1_025.txt,selected_random_tie_marginal_envy,RouteDiversity,0.8728099139252162
set_66_1_025.txt,selected_random_tie_marginal_envy,LocalRouteDiversity,0.017107685843568185
set_66_1_025.txt,selected_random_tie_total_envy,Median,280
set_66_1_025.txt,selected_random_tie_total_envy,Q1,280
set_66_1_025.txt,selected_random_tie_total_envy,Q3,280
set_66_1_025.txt,selected_random_tie_total_envy,Best,280
set_66_1_025.txt,selected_random_tie_total_envy,Worst,260
set_66_1_025.txt,selected_random_tie_total_envy,Average,278.026
set_66_1_025.txt,selected_random_tie_total_envy,RouteDiversity,0.8776904553519567
set_66_1_025.txt,selected_random_tie_total_envy,LocalRouteDiversity,0.020191523378582196
set_66_1_025.txt,selected_random_tie_marginal_wise,Median,280
set_66_1_025.txt,selected_random_tie_marginal_wise,Q1,280
set_66_1_025.txt,selected_random_tie_marginal_wise,Q3,280
set_66_1_025.txt,selected_random_tie_marginal_wise,Best,280
set_66_1_025.txt,selected_random_tie_marginal_wise,Worst,260
set_66_1_025.txt,selected_random_tie_marginal_wise,Average,278.143
set_66_1_025.txt,selected_random_tie_marginal_wise,RouteDiversity,0.8760333336663476
set_66_1_025.txt,selected_random_tie_marginal_wise,LocalRouteDiversity,0.0188717797888386
tsiligirides_problem_3_budget_085.txt,marginal_greedy,Median,450
tsiligirides_problem_3_budget_085.txt,marginal_greedy,Q1,420
tsiligirides_problem_3_budget_085.txt,marginal_greedy,Q3,510
tsiligirides_problem_3_budget_085.txt,marginal_greedy,Best,660
tsiligirides_problem_3_budget_085.txt,marginal_greedy,Worst,310
tsiligirides_problem_3_budget_085.txt,marginal_greedy,Average,460.78
tsiligirides_problem_3_budget_085.txt,marginal_greedy,RouteDiversity,0.8956297136579564
tsiligirides_problem_3_budget_085.txt,marginal_greedy,LocalRouteDiversity,0.17042078546591857
tsiligirides_problem_3_budget_085.txt,marginal_lazy,Median,670
tsiligirides_problem_3_budget_085.txt,marginal_lazy,Q1,670
tsiligirides_problem_3_budget_085.txt,marginal_lazy,Q3,670
tsiligirides_problem_3_budget_085.txt,marginal_lazy,Best,670
tsiligirides_problem_3_budget_085.txt,marginal_lazy,Worst,670
tsiligirides_problem_3_budget_085.txt,marginal_lazy,Average,670
tsiligirides_problem_3_budget_085.txt,marginal_lazy,RouteDiversity,0
tsiligirides_problem_3_budget_085.txt,marginal_lazy,LocalRouteDiversity,0
tsiligirides_problem_3_budget_085.txt,marginal_smart,Median,680
tsiligirides_problem_3_budget_085.txt,marginal_smart,Q1,680
tsiligirides_problem_3_budget_085.txt,marginal_smart,Q3,680
tsiligirides_problem_3_budget_085.txt,marginal_smart,Best,680
tsiligirides_problem_3_budget_085.txt,marginal_smart,Worst,680
tsiligirides_problem_3_budget_085.txt,marginal_smart,Average,680
tsiligirides_problem_3_budget_085.txt,marginal_smart,RouteDiversity,0
tsiligirides_problem_3_budget_085.txt,marginal_smart,LocalRouteDiversity,0
tsiligirides_problem_3_budget_085.txt,marginal_wise,Median,710
tsiligirides_problem_3_budget_085.txt,marginal_wise,Q1,710
tsiligirides_problem_3_budget_085.txt,marginal_wise,Q3,710
tsiligirides_problem_3_budget_085.txt,marginal_wise,Best,710
tsiligirides_problem_3_budget_085.txt,marginal_wise,Worst,710
tsiligirides_problem_3_budget_085.txt,marginal_wise,Average,710
tsiligirides_problem_3_budget_085.txt,marginal_wise,RouteDiversity,0
tsiligirides_problem_3_budget_085.txt,marginal_wise,LocalRouteDiversity,0
tsiligirides_problem_3_budget_085.txt,marginal_envy,Median,670
tsiligirides_problem_3_budget_085.txt,marginal_envy,Q1,670
tsiligirides_problem_3_budget_085.txt,marginal_envy,Q3,670
tsiligirides_problem_3_budget_085.txt,marginal_envy,Best,670
tsiligirides_problem_3_budget_085.txt,marginal_envy,Worst,670
tsiligirides_problem_3_budget_085.txt,marginal_envy,Average,670
tsiligirides_problem_3_budget_085.txt,marginal_envy,RouteDiversity,0
tsiligirides_problem_3_budget_085.txt,marginal_envy,LocalRouteDiversity,0
tsiligirides_problem_3_budget_085.txt,total_greedy,Median,450
tsiligirides_problem_3_budget_085.txt,total_greedy,Q1,420
tsiligirides_problem_3_budget_085.txt,total_greedy,Q3,510
tsiligirides_problem_3_budget_085.txt,total_greedy,Best,650
tsiligirides_problem_3_budget_085.txt,total_greedy,Worst,310
tsiligirides_problem_3_budget_085.txt,total_greedy,Average,459.71
tsiligirides_problem_3_budget_085.txt,total_greedy,RouteDiversity,0.8927462621721965
tsiligirides_problem_3_budget_085.txt,total_greedy,LocalRouteDiversity,0.1889360149147651
tsiligirides_problem_3_budget_085.txt,total_lazy,Median,670
tsiligirides_problem_3_budget_085.txt,total_lazy,Q1,670
tsiligirides_problem_3_budget_085.txt,total_lazy,Q3,670
tsiligirides_problem_3_budget_085.txt,total_lazy,Best,670
tsiligirides_problem_3_budget_085.txt,total_lazy,Worst,670
tsiligirides_problem_3_budget_085.txt,total_lazy,Average,670
tsiligirides_problem_3_budget_085.txt,total_lazy,RouteDiversity,0
tsiligirides_problem_3_budget_085.txt,total_lazy,LocalRouteDiversity,0
tsiligirides_problem_3_budget_085.txt,total_smart,Median,650
tsiligirides_problem_3_budget_085.txt,total_smart,Q1,650
tsiligirides_problem_3_budget_085.txt,total_smart,Q3,650
tsiligirides_problem_3_budget_085.txt,total_smart,Best,650
tsiligirides_problem_3_budget_085.txt,total_smart,Worst,650
tsiligirides_problem_3_budget_085.txt,total_smart,Average,650
tsiligirides_problem_3_budget_085.txt,total_smart,RouteDiversity,0
tsiligirides_problem_3_budget_085.txt,total_smart,LocalRouteDiversity,0
tsiligirides_problem_3_budget_085.txt,total_wise,Median,610
tsiligirides_problem_3_budget_085.txt,total_wise,Q1,610
tsiligirides_problem_3_budget_085.txt,total_wise,Q3,610
tsiligirides_problem_3_budget_085.txt,total_wise,Best,610
tsiligirides_problem_3_budget_085.txt,total_wise,Worst,610
tsiligirides_problem_3_budget_085.txt,total_wise,Average,610
tsiligirides_problem_3_budget_085.txt,total_wise,RouteDiversity,0
tsiligirides_problem_3_budget_085.txt,total_wise,LocalRouteDiversity,0
tsiligirides_problem_3_budget_085.txt,total_envy,Median,670
tsiligirides_problem_3_budget_085.txt,total_envy,Q1,670
tsiligirides_problem_3_budget_085.txt,total_envy,Q3,670
tsiligirides_problem_3_budget_085.txt,total_envy,Best,670
tsiligirides_problem_3_budget_085.txt,total_envy,Worst,670
tsiligirides_problem_3_budget_085.txt,total_envy,Average,670
tsiligirides_problem_3_budget_085.txt,total_envy,RouteDiversity,0
tsiligirides_problem_3_budget_085.txt,total_envy,LocalRouteDiversity,0
tsiligirides_problem_3_budget_085.txt,selected_random,Median,670
tsiligirides_problem_3_budget_085.txt,selected_random,Q1,650
tsiligirides_problem_3_budget_085.txt,selected_random,Q3,680
tsiligirides_problem_3_budget_085.txt,selected_random,Best,710
tsiligirides_problem_3_budget_085.txt,selected_random,Worst,620
tsiligirides_problem_3_budget_085.txt,selected_random,Average,664.11
tsiligirides_problem_3_budget_085.txt,selected_random,RouteDiversity,0.6961560085379078
tsiligirides_problem_3_budget_085.txt,selected_random,LocalRouteDiversity,0.027535980300216614
tsiligirides_problem_3_budget_085.txt,selected_random_random_tie,Median,670
tsiligirides_problem_3_budget_085.txt,selected_random_random_tie,Q1,650
tsiligirides_problem_3_budget_085.txt,selected_random_random_tie,Q3,680
tsiligirides_problem_3_budget_085.txt,selected_random_random_tie,Best,710
tsiligirides_problem_3_budget_085.txt,selected_random_random_tie,Worst,620
tsiligirides_problem_3_budget_085.txt,selected_random_random_tie,Average,664.202
tsiligirides_problem_3_budget_085.txt,selected_random_random_tie,RouteDiversity,0.6913560138575854
tsiligirides_problem_3_budget_085.txt,selected_random_random_tie,LocalRouteDiversity,0.0260122125434667
tsiligirides_problem_3_budget_085.txt,selected_random_tie_marginal_envy,Median,670
tsiligirides_problem_3_budget_085.txt,selected_random_tie_marginal_envy,Q1,650
tsiligirides_problem_3_budget_085.txt,selected_random_tie_marginal_envy,Q3,680
tsiligirides_problem_3_budget_085.txt,selected_random_tie_marginal_envy,Best,710
tsiligirides_problem_3_budget_085.txt,selected_random_tie_marginal_envy,Worst,620
tsiligirides_problem_3_budget_085.txt,selected_random_tie_marginal_envy,Average,663.886
tsiligirides_problem_3_budget_085.txt,selected_random_tie_marginal_envy,RouteDiversity,0.6802336899733056
tsiligirides_problem_3_budget_085.txt,selected_random_tie_marginal_envy,LocalRouteDiversity,0.028248976277907935
tsiligirides_problem_3_budget_085.txt,selected_random_tie_total_envy,Median,670
tsiligirides_problem_3_budget_085.txt,selected_random_tie_total_envy,Q1,650
tsiligirides_problem_3_budget_085.txt,selected_random_tie_total_envy,Q3,680
tsiligirides_problem_3_budget_085.txt,selected_random_tie_total_envy,Best,710
tsiligirides_problem_3_budget_085.txt,selected_random_tie_total_envy,Worst,620
tsiligirides_problem_3_budget_085.txt,selected_random_tie_total_envy,Average,663.912
tsiligirides_problem_3_budget_085.txt,selected_random_tie_total_envy,RouteDiversity,0.6915385906158515
tsiligirides_problem_3_budget_085.txt,selected_random_tie_total_envy,LocalRouteDiversity,0.027834111774000105
tsiligirides_problem_3_budget_085.txt,selected_random_tie_marginal_wise,Median,670
tsiligirides_problem_3_budget_085.txt,selected_random_tie_marginal_wise,Q1,650
tsiligirides_problem_3_budget_085.txt,selected_random_tie_marginal_wise,Q3,680
tsiligirides_problem_3_budget_085.txt,selected_random_tie_marginal_wise,Best,710
tsiligirides_problem_3_budget_085.txt,selected_random_tie_marginal_wise,Worst,620
tsiligirides_problem_3_budget_085.txt,selected_random_tie_marginal_wise,Average,664.036
tsiligirides_problem_3_budget_085.txt,selected_random_tie_marginal_wise,RouteDiversity,0.6869518312792632
tsiligirides_problem_3_budget_085.txt,selected_random_tie_marginal_wise,LocalRouteDiversity,0.027405216879220283
tsiligirides_problem_1_budget_73.txt,marginal_greedy,Median,145
tsiligirides_problem_1_budget_73.txt,marginal_greedy,Q1,135
tsiligirides_problem_1_budget_73.txt,marginal_greedy,Q3,155
tsiligirides_problem_1_budget_73.txt,marginal_greedy,Best,210
tsiligirides_problem_1_budget_73.txt,marginal_greedy,Worst,95
tsiligirides_problem_1_budget_73.txt,marginal_greedy,Average,143.676
tsiligirides_problem_1_budget_73.txt,marginal_greedy,RouteDiversity,0.9163167285674291
tsiligirides_problem_1_budget_73.txt,marginal_greedy,LocalRouteDiversity,0.41046399383692844
tsiligirides_problem_1_budget_73.txt,marginal_lazy,Median,220
tsiligirides_problem_1_budget_73.txt,marginal_lazy,Q1,220
tsiligirides_problem_1_budget_73.txt,marginal_lazy,Q3,220
tsiligirides_problem_1_budget_73.txt,marginal_lazy,Best,220
tsiligirides_problem_1_budget_73.txt,marginal_lazy,Worst,220
tsiligirides_problem_1_budget_73.txt,marginal_lazy,Average,220
tsiligirides_problem_1_budget_73.txt,marginal_lazy,RouteDiversity,0
tsiligirides_problem_1_budget_73.txt,marginal_lazy,LocalRouteDiversity,0
tsiligirides_problem_1_budget_73.txt,marginal_smart,Median,215
tsiligirides_problem_1_budget_73.txt,marginal_smart,Q1,215
tsiligirides_problem_1_budget_73.txt,marginal_smart,Q3,215
tsiligirides_problem_1_budget_73.txt,marginal_smart,Best,215
tsiligirides_problem_1_budget_73.txt,marginal_smart,Worst,215
tsiligirides_problem_1_budget_73.txt,marginal_smart,Average,215
tsiligirides_problem_1_budget_73.txt,marginal_smart,RouteDiversity,0
tsiligirides_problem_1_budget_73.txt,marginal_smart,LocalRouteDiversity,0
tsiligirides_problem_1_budget_73.txt,marginal_wise,Median,225
tsiligirides_problem_1_budget_73.txt,marginal_wise,Q1,225
tsiligirides_problem_1_budget_73.txt,marginal_wise,Q3,225
tsiligirides_problem_1_budget_73.txt,marginal_wise,Best,225
tsiligirides_problem_1_budget_73.txt,marginal_wise,Worst,225
tsiligirides_problem_1_budget_73.txt,marginal_wise,Average,225
tsiligirides_problem_1_budget_73.txt,marginal_wise,RouteDiversity,0
tsiligirides_problem_1_budget_73.txt,marginal_wise,LocalRouteDiversity,0
tsiligirides_problem_1_budget_73.txt,marginal_envy,Median,225
tsiligirides_problem_1_budget_73.txt,marginal_envy,Q1,225
tsiligirides_problem_1_budget_73.txt,marginal_envy,Q3,225
tsiligirides_problem_1_budget_73.txt,marginal_envy,Best,225
tsiligirides_problem_1_budget_73.txt,marginal_envy,Worst,225
tsiligirides_problem_1_budget_73.txt,marginal_envy,Average,225
tsiligirides_problem_1_budget_73.txt,marginal_envy,RouteDiversity,0
tsiligirides_problem_1_budget_73.txt,marginal_envy,LocalRouteDiversity,0
tsiligirides_problem_1_budget_73.txt,total_greedy,Median,145
tsiligirides_problem_1_budget_73.txt,total_greedy,Q1,130
tsiligirides_problem_1_budget_73.txt,total_greedy,Q3,155
tsiligirides_problem_1_budget_73.txt,total_greedy,Best,205
tsiligirides_problem_1_budget_73.txt,total_greedy,Worst,95
tsiligirides_problem_1_budget_73.txt,total_greedy,Average,143.547
tsiligirides_problem_1_budget_73.txt,total_greedy,RouteDiversity,0.9177415614895444
tsiligirides_problem_1_budget_73.txt,total_greedy,LocalRouteDiversity,0.40812629127037736
tsiligirides_problem_1_budget_73.txt,total_lazy,Median,220
tsiligirides_problem_1_budget_73.txt,total_lazy,Q1,220
tsiligirides_problem_1_budget_73.txt,total_lazy,Q3,220
tsiligirides_problem_1_budget_73.txt,total_lazy,Best,220
tsiligirides_problem_1_budget_73.txt,total_lazy,Worst,220
tsiligirides_problem_1_budget_73.txt,total_lazy,Average,220
tsiligirides_problem_1_budget_73.txt,total_lazy,RouteDiversity,0
tsiligirides_problem_1_budget_73.txt,total_lazy,LocalRouteDiversity,0
tsiligirides_problem_1_budget_73.txt,total_smart,Median,225
tsiligirides_problem_1_budget_73.txt,total_smart,Q1,225
tsiligirides_problem_1_budget_73.txt,total_smart,Q3,225
tsiligirides_problem_1_budget_73.txt,total_smart,Best,225
tsiligirides_problem_1_budget_73.txt,total_smart,Worst,225
tsiligirides_problem_1_budget_73.txt,total_smart,Average,225
tsiligirides_problem_1_budget_73.txt,total_smart,RouteDiversity,0
tsiligirides_problem_1_budget_73.txt,total_smart,LocalRouteDiversity,0
tsiligirides_problem_1_budget_73.txt,total_wise,Median,225
tsiligirides_problem_1_budget_73.txt,total_wise,Q1,225
tsiligirides_problem_1_budget_73.txt,total_wise,Q3,225
tsiligirides_problem_1_budget_73.txt,total_wise,Best,225
tsiligirides_problem_1_budget_73.txt,total_wise,Worst,225
tsiligirides_problem_1_budget_73.txt,total_wise,Average,225
tsiligirides_problem_1_budget_73.txt,total_wise,RouteDiversity,0
tsiligirides_problem_1_budget_73.txt,total_wise,LocalRouteDiversity,0
tsiligirides_problem_1_budget_73.txt,total_envy,Median,220
tsiligirides_problem_1_budget_73.txt,total_envy,Q1,220
tsiligirides_problem_1_budget_73.txt,total_envy,Q3,220
tsiligirides_problem_1_budget_73.txt,total_envy,Best,220
tsiligirides_problem_1_budget_73.txt,total_envy,Worst,220
tsiligirides_problem_1_budget_73.txt,total_envy,Average,220
tsiligirides_problem_1_budget_73.txt,total_envy,RouteDiversity,0
tsiligirides_problem_1_budget_73.txt,total_envy,LocalRouteDiversity,0
tsiligirides_problem_1_budget_73.txt,selected_random,Median,225
tsiligirides_problem_1_budget_73.txt,selected_random,Q1,220
tsiligirides_problem_1_budget_73.txt,selected_random,Q3,225
tsiligirides_problem_1_budget_73.txt,selected_random,Best,235
tsiligirides_problem_1_budget_73.txt,selected_random,Worst,205
tsiligirides_problem_1_budget_73.txt,selected_random,Average,222.974
tsiligirides_problem_1_budget_73.txt,selected_random,RouteDiversity,0.7039961126122353
tsiligirides_problem_1_budget_73.txt,selected_random,LocalRouteDiversity,0.0346533070915806
tsiligirides_problem_1_budget_73.txt,selected_random_random_tie,Median,225
tsiligirides_problem_1_budget_73.txt,selected_random_random_tie,Q1,220
tsiligirides_problem_1_budget_73.txt,selected_random_random_tie,Q3,225
tsiligirides_problem_1_budget_73.txt,selected_random_random_tie,Best,235
tsiligirides_problem_1_budget_73.txt,selected_random_random_tie,Worst,205
tsiligirides_problem_1_budget_73.txt,selected_random_random_tie,Average,223.076
tsiligirides_problem_1_budget_73.txt,selected_random_random_tie,RouteDiversity,0.7083059414135131
tsiligirides_problem_1_budget_73.txt,selected_random_random_tie,LocalRouteDiversity,0.03270026500886953
tsiligirides_problem_1_budget_73.txt,selected_random_tie_marginal_envy,Median,225
tsiligirides_problem_1_budget_73.txt,selected_random_tie_marginal_envy,Q1,220
tsiligirides_problem_1_budget_73.txt,selected_random_tie_marginal_envy,Q3,225
tsiligirides_problem_1_budget_73.txt,selected_random_tie_marginal_envy,Best,235
tsiligirides_problem_1_budget_73.txt,selected_random_tie_marginal_envy,Worst,205
tsiligirides_problem_1_budget_73.txt,selected_random_tie_marginal_envy,Average,222.937
tsiligirides_problem_1_budget_73.txt,selected_random_tie_marginal_envy,RouteDiversity,0.7110049673649411
tsiligirides_problem_1_budget_73.txt,selected_random_tie_marginal_envy,LocalRouteDiversity,0.030833389592391847
tsiligirides_problem_1_budget_73.txt,selected_random_tie_total_envy,Median,225
tsiligirides_problem_1_budget_73.txt,selected_random_tie_total_envy,Q1,220
tsiligirides_problem_1_budget_73.txt,selected_random_tie_total_envy,Q3,225
tsiligirides_problem_1_budget_73.txt,selected_random_tie_total_envy,Best,235
tsiligirides_problem_1_budget_73.txt,selected_random_tie_total_envy,Worst,205
tsiligirides_problem_1_budget_73.txt,selected_random_tie_total_envy,Average,223.08
tsiligirides_problem_1_budget_73.txt,selected_random_tie_total_envy,RouteDiversity,0.7081036454879833
tsiligirides_problem_1_budget_73.txt,selected_random_tie_total_envy,LocalRouteDiversity,0.033543901276335
tsiligirides_problem_1_budget_73.txt,selected_random_tie_marginal_wise,Median,225
tsiligirides_problem_1_budget_73.txt,selected_random_tie_marginal_wise,Q1,220
tsiligirides_problem_1_budget_73.txt,selected_random_tie_marginal_wise,Q3,225
tsiligirides_problem_1_budget_73.txt,selected_random_tie_marginal_wise,Best,235
tsiligirides_problem_1_budget_73.txt,selected_random_tie_marginal_wise,Worst,205
tsiligirides_problem_1_budget_73.txt,selected_random_tie_marginal_wise,Average,223.065
tsiligirides_problem_1_budget_73.txt,selected_random_tie_marginal_wise,RouteDiversity,0.7040572153711103
tsiligirides_problem_1_budget_73.txt,selected_random_tie_marginal_wise,LocalRouteDiversity,0.03554393130595465
tsiligirides_problem_3_budget_060.txt,marginal_greedy,Median,380
tsiligirides_problem_3_budget_060.txt,marginal_greedy,Q1,330
tsiligirides_problem_3_budget_060.txt,marginal_greedy,Q3,400
tsiligirides_problem_3_budget_060.txt,marginal_greedy,Best,500
tsiligirides_problem_3_budget_060.txt,marginal_greedy,Worst,280
tsiligirides_problem_3_budget_060.txt,marginal_greedy,Average,372.27
tsiligirides_problem_3_budget_060.txt,marginal_greedy,RouteDiversity,0.8769790899770566
tsiligirides_problem_3_budget_060.txt,marginal_greedy,LocalRouteDiversity,0.041587169837326785
tsiligirides_problem_3_budget_060.txt,marginal_lazy,Median,530
tsiligirides_problem_3_budget_060.txt,marginal_lazy,Q1,530
tsiligirides_problem_3_budget_060.txt,marginal_lazy,Q3,530
tsiligirides_problem_3_budget_060.txt,marginal_lazy,Best,530
tsiligirides_problem_3_budget_060.txt,marginal_lazy,Worst,530
tsiligirides_problem_3_budget_060.txt,marginal_lazy,Average,530
tsiligirides_problem_3_budget_060.txt,marginal_lazy,RouteDiversity,0
tsiligirides_problem_3_budget_060.txt,marginal_lazy,LocalRouteDiversity,0
tsiligirides_problem_3_budget_060.txt,marginal_smart,Median,510
tsiligirides_problem_3_budget_060.txt,marginal_smart,Q1,510
tsiligirides_problem_3_budget_060.txt,marginal_smart,Q3,510
tsiligirides_problem_3_budget_060.txt,marginal_smart,Best,510
tsiligirides_problem_3_budget_060.txt,marginal_smart,Worst,510
tsiligirides_problem_3_budget_060.txt,marginal_smart,Average,510
tsiligirides_problem_3_budget_060.txt,marginal_smart,RouteDiversity,0
tsiligirides_problem_3_budget_060.txt,marginal_smart,LocalRouteDiversity,0
tsiligirides_problem_3_budget_060.txt,marginal_wise,Median,550
tsiligirides_problem_3_budget_060.txt,marginal_wise,Q1,550
tsiligirides_problem_3_budget_060.txt,marginal_wise,Q3,550
tsiligirides_problem_3_budget_060.txt,marginal_wise,Best,550
tsiligirides_problem_3_budget_060.txt,marginal_wise,Worst,550
tsiligirides_problem_3_budget_060.txt,marginal_wise,Average,550
tsiligirides_problem_3_budget_060.txt,marginal_wise,RouteDiversity,0
tsiligirides_problem_3_budget_060.txt,marginal_wise,LocalRouteDiversity,0
tsiligirides_problem_3_budget_060.txt,marginal_envy,Median,520
tsiligirides_problem_3_budget_060.txt,marginal_envy,Q1,520
tsiligirides_problem_3_budget_060.txt,marginal_envy,Q3,520
tsiligirides_problem_3_budget_060.txt,marginal_envy,Best,520
tsiligirides_problem_3_budget_060.txt,marginal_envy,Worst,520
tsiligirides_problem_3_budget_060.txt,marginal_envy,Average,520
tsiligirides_problem_3_budget_060.txt,marginal_envy,RouteDiversity,0
tsiligirides_problem_3_budget_060.txt,marginal_envy,LocalRouteDiversity,0
tsiligirides_problem_3_budget_060.txt,total_greedy,Median,380
tsiligirides_problem_3_budget_060.txt,total_greedy,Q1,330
tsiligirides_problem_3_budget_060.txt,total_greedy,Q3,400
tsiligirides_problem_3_budget_060.txt,total_greedy,Best,500
tsiligirides_problem_3_budget_060.txt,total_greedy,Worst,280
tsiligirides_problem_3_budget_060.txt,total_greedy,Average,372.938
tsiligirides_problem_3_budget_060.txt,total_greedy,RouteDiversity,0.8713529376311614
tsiligirides_problem_3_budget_060.txt,total_greedy,LocalRouteDiversity,0.041556814092116263
tsiligirides_problem_3_budget_060.txt,total_lazy,Median,530
tsiligirides_problem_3_budget_060.txt,total_lazy,Q1,530
tsiligirides_problem_3_budget_060.txt,total_lazy,Q3,530
tsiligirides_problem_3_budget_060.txt,total_lazy,Best,530
tsiligirides_problem_3_budget_060.txt,total_lazy,Worst,530
tsiligirides_problem_3_budget_060.txt,total_lazy,Average,530
tsiligirides_problem_3_budget_060.txt,total_lazy,RouteDiversity,0
tsiligirides_problem_3_budget_060.txt,total_lazy,LocalRouteDiversity,0
tsiligirides_problem_3_budget_060.txt,total_smart,Median,500
tsiligirides_problem_3_budget_060.txt,total_smart,Q1,500
tsiligirides_problem_3_budget_060.txt,total_smart,Q3,500
tsiligirides_problem_3_budget_060.txt,total_smart,Best,500
tsiligirides_problem_3_budget_060.txt,total_smart,Worst,500
tsiligirides_problem_3_budget_060.txt,total_smart,Average,500
tsiligirides_problem_3_budget_060.txt,total_smart,RouteDiversity,0
tsiligirides_problem_3_budget_060.txt,total_smart,LocalRouteDiversity,0
tsiligirides_problem_3_budget_060.txt,total_wise,Median,490
tsiligirides_problem_3_budget_060.txt,total_wise,Q1,490
tsiligirides_problem_3_budget_060.txt,total_wise,Q3,490
tsiligirides_problem_3_budget_060.txt,total_wise,Best,490
tsiligirides_problem_3_budget_060.txt,total_wise,Worst,490
tsiligirides_problem_3_budget_060.txt,total_wise,Average,490
tsiligirides_problem_3_budget_060.txt,total_wise,RouteDiversity,0
tsiligirides_problem_3_budget_060.txt,total_wise,LocalRouteDiversity,0
tsiligirides_problem_3_budget_060.txt,total_envy,Median,520
tsiligirides_problem_3_budget_060.txt,total_envy,Q1,520
tsiligirides_problem_3_budget_060.txt,total_envy,Q3,520
tsiligirides_problem_3_budget_060.txt,total_envy,Best,520
tsiligirides_problem_3_budget_060.txt,total_envy,Worst,520
tsiligirides_problem_3_budget_060.txt,total_envy,Average,520
tsiligirides_problem_3_budget_060.txt,total_envy,RouteDiversity,0
tsiligirides_problem_3_budget_060.txt,total_envy,LocalRouteDiversity,0
tsiligirides_problem_3_budget_060.txt,selected_random,Median,520
tsiligirides_problem_3_budget_060.txt,selected_random,Q1,510
tsiligirides_problem_3_budget_060.txt,selected_random,Q3,520
tsiligirides_problem_3_budget_060.txt,selected_random,Best,550
tsiligirides_problem_3_budget_060.txt,selected_random,Worst,490
tsiligirides_problem_3_budget_060.txt,selected_random,Average,515.624
tsiligirides_problem_3_budget_060.txt,selected_random,RouteDiversity,0.630857938223239
tsiligirides_problem_3_budget_060.txt,selected_random,LocalRouteDiversity,0.01062645046280279
tsiligirides_problem_3_budget_060.txt,selected_random_random_tie,Median,520
tsiligirides_problem_3_budget_060.txt,selected_random_random_tie,Q1,510
tsiligirides_problem_3_budget_060.txt,selected_random_random_tie,Q3,520
tsiligirides_problem_3_budget_060.txt,selected_random_random_tie,Best,550
tsiligirides_problem_3_budget_060.txt,selected_random_random_tie,Worst,490
tsiligirides_problem_3_budget_060.txt,selected_random_random_tie,Average,515.468
tsiligirides_problem_3_budget_060.txt,selected_random_random_tie,RouteDiversity,0.6473376726060112
tsiligirides_problem_3_budget_060.txt,selected_random_random_tie,LocalRouteDiversity,0.012188362144934859
tsiligirides_problem_3_budget_060.txt,selected_random_tie_marginal_envy,Median,520
tsiligirides_problem_3_budget_060.txt,selected_random_tie_marginal_envy,Q1,510
tsiligirides_problem_3_budget_060.txt,selected_random_tie_marginal_envy,Q3,520
tsiligirides_problem_3_budget_060.txt,selected_random_tie_marginal_envy,Best,550
tsiligirides_problem_3_budget_060.txt,selected_random_tie_marginal_envy,Worst,480
tsiligirides_problem_3_budget_060.txt,selected_random_tie_marginal_envy,Average,515.282
tsiligirides_problem_3_budget_060.txt,selected_random_tie_marginal_envy,RouteDiversity,0.6351097291899275
tsiligirides_problem_3_budget_060.txt,selected_random_tie_marginal_envy,LocalRouteDiversity,0.009457221567482436
tsiligirides_problem_3_budget_060.txt,selected_random_tie_total_envy,Median,520
tsiligirides_problem_3_budget_060.txt,selected_random_tie_total_envy,Q1,510
tsiligirides_problem_3_budget_060.txt,selected_random_tie_total_envy,Q3,520
tsiligirides_problem_3_budget_060.txt,selected_random_tie_total_envy,Best,550
tsiligirides_problem_3_budget_060.txt,selected_random_tie_total_envy,Worst,480
tsiligirides_problem_3_budget_060.txt,selected_random_tie_total_envy,Average,515.336
tsiligirides_problem_3_budget_060.txt,selected_random_tie_total_envy,RouteDiversity,0.6249926752843401
tsiligirides_problem_3_budget_060.txt,selected_random_tie_total_envy,LocalRouteDiversity,0.010042747128877564
tsiligirides_problem_3_budget_060.txt,selected_random_tie_marginal_wise,Median,520
tsiligirides_problem_3_budget_060.txt,selected_random_tie_marginal_wise,Q1,510
tsiligirides_problem_3_budget_060.txt,selected_random_tie_marginal_wise,Q3,520
tsiligirides_problem_3_budget_060.txt,selected_random_tie_marginal_wise,Best,550
tsiligirides_problem_3_budget_060.txt,selected_random_tie_marginal_wise,Worst,490
tsiligirides_problem_3_budget_060.txt,selected_random_tie_marginal_wise,Average,515.562
tsiligirides_problem_3_budget_060.txt,selected_random_tie_marginal_wise,RouteDiversity,0.6289863423734673
tsiligirides_problem_3_budget_060.txt,selected_random_tie_marginal_wise,LocalRouteDiversity,0.011141057050229468
tsiligirides_problem_3_budget_030.txt,marginal_greedy,Median,240
tsiligirides_problem_3_budget_030.txt,marginal_greedy,Q1,230
tsiligirides_problem_3_budget_030.txt,marginal_greedy,Q3,260
tsiligirides_problem_3_budget_030.txt,marginal_greedy,Best,280
tsiligirides_problem_3_budget_030.txt,marginal_greedy,Worst,230
tsiligirides_problem_3_budget_030.txt,marginal_greedy,Average,247.912
tsiligirides_problem_3_budget_030.txt,marginal_greedy,RouteDiversity,0.6867105768230823
tsiligirides_problem_3_budget_030.txt,marginal_greedy,LocalRouteDiversity,0
tsiligirides_problem_3_budget_030.txt,marginal_lazy,Median,240
tsiligirides_problem_3_budget_030.txt,marginal_lazy,Q1,240
tsiligirides_problem_3_budget_030.txt,marginal_lazy,Q3,240
tsiligirides_problem_3_budget_030.txt,marginal_lazy,Best,240
tsiligirides_problem_3_budget_030.txt,marginal_lazy,Worst,240
tsiligirides_problem_3_budget_030.txt,marginal_lazy,Average,240
tsiligirides_problem_3_budget_030.txt,marginal_lazy,RouteDiversity,0
tsiligirides_problem_3_budget_030.txt,marginal_lazy,LocalRouteDiversity,0
tsiligirides_problem_3_budget_030.txt,marginal_smart,Median,280
tsiligirides_problem_3_budget_030.txt,marginal_smart,Q1,280
tsiligirides_problem_3_budget_030.txt,marginal_smart,Q3,280
tsiligirides_problem_3_budget_030.txt,marginal_smart,Best,280
tsiligirides_problem_3_budget_030.txt,marginal_smart,Worst,280
tsiligirides_problem_3_budget_030.txt,marginal_smart,Average,280
tsiligirides_problem_3_budget_030.txt,marginal_smart,RouteDiversity,0
tsiligirides_problem_3_budget_030.txt,marginal_smart,LocalRouteDiversity,0
tsiligirides_problem_3_budget_030.txt,marginal_wise,Median,320
tsiligirides_problem_3_budget_030.txt,marginal_wise,Q1,320
tsiligirides_problem_3_budget_030.txt,marginal_wise,Q3,320
tsiligirides_problem_3_budget_030.txt,marginal_wise,Best,320
tsiligirides_problem_3_budget_030.txt,marginal_wise,Worst,320
tsiligirides_problem_3_budget_030.txt,marginal_wise,Average,320
tsiligirides_problem_3_budget_030.txt,marginal_wise,RouteDiversity,0
tsiligirides_problem_3_budget_030.txt,marginal_wise,LocalRouteDiversity,0
tsiligirides_problem_3_budget_030.txt,marginal_envy,Median,290
tsiligirides_problem_3_budget_030.txt,marginal_envy,Q1,290
tsiligirides_problem_3_budget_030.txt,marginal_envy,Q3,290
tsiligirides_problem_3_budget_030.txt,marginal_envy,Best,290
tsiligirides_problem_3_budget_030.txt,marginal_envy,Worst,290
tsiligirides_problem_3_budget_030.txt,marginal_envy,Average,290
tsiligirides_problem_3_budget_030.txt,marginal_envy,RouteDiversity,0
tsiligirides_problem_3_budget_030.txt,marginal_envy,LocalRouteDiversity,0
tsiligirides_problem_3_budget_030.txt,total_greedy,Median,240
tsiligirides_problem_3_budget_030.txt,total_greedy,Q1,230
tsiligirides_problem_3_budget_030.txt,total_greedy,Q3,260
tsiligirides_problem_3_budget_030.txt,total_greedy,Best,280
tsiligirides_problem_3_budget_030.txt,total_greedy,Worst,230
tsiligirides_problem_3_budget_030.txt,total_greedy,Average,247.866
tsiligirides_problem_3_budget_030.txt,total_greedy,RouteDiversity,0.6905517724141068
tsiligirides_problem_3_budget_030.txt,total_greedy,LocalRouteDiversity,0
tsiligirides_problem_3_budget_030.txt,total_lazy,Median,240
tsiligirides_problem_3_budget_030.txt,total_lazy,Q1,240
tsiligirides_problem_3_budget_030.txt,total_lazy,Q3,240
tsiligirides_problem_3_budget_030.txt,total_lazy,Best,240
tsiligirides_problem_3_budget_030.txt,total_lazy,Worst,240
tsiligirides_problem_3_budget_030.txt,total_lazy,Average,240
tsiligirides_problem_3_budget_030.txt,total_lazy,RouteDiversity,0
tsiligirides_problem_3_budget_030.txt,total_lazy,LocalRouteDiversity,0
tsiligirides_problem_3_budget_030.txt,total_smart,Median,280
tsiligirides_problem_3_budget_030.txt,total_smart,Q1,280
tsiligirides_problem_3_budget_030.txt,total_smart,Q3,280
tsiligirides_problem_3_budget_030.txt,total_smart,Best,280
tsiligirides_problem_3_budget_030.txt,total_smart,Worst,280
tsiligirides_problem_3_budget_030.txt,total_smart,Average,280
tsiligirides_problem_3_budget_030.txt,total_smart,RouteDiversity,0
tsiligirides_problem_3_budget_030.txt,total_smart,LocalRouteDiversity,0
tsiligirides_problem_3_budget_030.txt,total_wise,Median,250
tsiligirides_problem_3_budget_030.txt,total_wise,Q1,250
tsiligirides_problem_3_budget_030.txt,total_wise,Q3,250
tsiligirides_problem_3_budget_030.txt,total_wise,Best,250
tsiligirides_problem_3_budget_030.txt,total_wise,Worst,250
tsiligirides_problem_3_budget_030.txt,total_wise,Average,250
tsiligirides_problem_3_budget_030.txt,total_wise,RouteDiversity,0
tsiligirides_problem_3_budget_030.txt,total_wise,LocalRouteDiversity,0
tsiligirides_problem_3_budget_030.txt,total_envy,Median,300
tsiligirides_problem_3_budget_030.txt,total_envy,Q1,300
tsiligirides_problem_3_budget_030.txt,total_envy,Q3,300
tsiligirides_problem_3_budget_030.txt,total_envy,Best,300
tsiligirides_problem_3_budget_030.txt,total_envy,Worst,300
tsiligirides_problem_3_budget_030.txt,total_envy,Average,300
tsiligirides_problem_3_budget_030.txt,total_envy,RouteDiversity,0
tsiligirides_problem_3_budget_030.txt,total_envy,LocalRouteDiversity,0
tsiligirides_problem_3_budget_030.txt,selected_random,Median,280
tsiligirides_problem_3_budget_030.txt,selected_random,Q1,280
tsiligirides_problem_3_budget_030.txt,selected_random,Q3,290
tsiligirides_problem_3_budget_030.txt,selected_random,Best,320
tsiligirides_problem_3_budget_030.txt,selected_random,Worst,250
tsiligirides_problem_3_budget_030.txt,selected_random,Average,287
tsiligirides_problem_3_budget_030.txt,selected_random,RouteDiversity,0.7165873527777518
tsiligirides_problem_3_budget_030.txt,selected_random,LocalRouteDiversity,0.012307684407096169
tsiligirides_problem_3_budget_030.txt,selected_random_random_tie,Median,280
tsiligirides_problem_3_budget_030.txt,selected_random_random_tie,Q1,280
tsiligirides_problem_3_budget_030.txt,selected_random_random_tie,Q3,290
tsiligirides_problem_3_budget_030.txt,selected_random_random_tie,Best,320
tsiligirides_problem_3_budget_030.txt,selected_random_random_tie,Worst,250
tsiligirides_problem_3_budget_030.txt,selected_random_random_tie,Average,286.704
tsiligirides_problem_3_budget_030.txt,selected_random_random_tie,RouteDiversity,0.7170212818107666
tsiligirides_problem_3_budget_030.txt,selected_random_random_tie,LocalRouteDiversity,0.012112212885154064
tsiligirides_problem_3_budget_030.txt,selected_random_tie_marginal_envy,Median,280
tsiligirides_problem_3_budget_030.txt,selected_random_tie_marginal_envy,Q1,280
tsiligirides_problem_3_budget_030.txt,selected_random_tie_marginal_envy,Q3,290
tsiligirides_problem_3_budget_030.txt,selected_random_tie_marginal_envy,Best,320
tsiligirides_problem_3_budget_030.txt,selected_random_tie_marginal_envy,Worst,250
tsiligirides_problem_3_budget_030.txt,selected_random_tie_marginal_envy,Average,286.84
tsiligirides_problem_3_budget_030.txt,selected_random_tie_marginal_envy,RouteDiversity,0.7156487002097541
tsiligirides_problem_3_budget_030.txt,selected_random_tie_marginal_envy,LocalRouteDiversity,0.008609100447196425
tsiligirides_problem_3_budget_030.txt,selected_random_tie_total_envy,Median,280
tsiligirides_problem_3_budget_030.txt,selected_random_tie_total_envy,Q1,280
tsiligirides_problem_3_budget_030.txt,selected_random_tie_total_envy,Q3,290
tsiligirides_problem_3_budget_030.txt,selected_random_tie_total_envy,Best,320
tsiligirides_problem_3_budget_030.txt,selected_random_tie_total_envy,Worst,250
tsiligirides_problem_3_budget_030.txt,selected_random_tie_total_envy,Average,286.708
tsiligirides_problem_3_budget_030.txt,selected_random_tie_total_envy,RouteDiversity,0.7103655841782972
tsiligirides_problem_3_budget_030.txt,selected_random_tie_total_envy,LocalRouteDiversity,0.00830773453240946
tsiligirides_problem_3_budget_030.txt,selected_random_tie_marginal_wise,Median,280
tsiligirides_problem_3_budget_030.txt,selected_random_tie_marginal_wise,Q1,280
tsiligirides_problem_3_budget_030.txt,selected_random_tie_marginal_wise,Q3,290
tsiligirides_problem_3_budget_030.txt,selected_random_tie_marginal_wise,Best,320
tsiligirides_problem_3_budget_030.txt,selected_random_tie_marginal_wise,Worst,250
tsiligirides_problem_3_budget_030.txt,selected_random_tie_marginal_wise,Average,286.954
tsiligirides_problem_3_budget_030.txt,selected_random_tie_marginal_wise,RouteDiversity,0.7086397975952854
tsiligirides_problem_3_budget_030.txt,selected_random_tie_marginal_wise,LocalRouteDiversity,0.010236438154209052
tsiligirides_problem_3_budget_080.txt,marginal_greedy,Median,460
tsiligirides_problem_3_budget_080.txt,marginal_greedy,Q1,420
tsiligirides_problem_3_budget_080.txt,marginal_greedy,Q3,480
tsiligirides_problem_3_budget_080.txt,marginal_greedy,Best,580
tsiligirides_problem_3_budget_080.txt,marginal_greedy,Worst,330
tsiligirides_problem_3_budget_080.txt,marginal_greedy,Average,452.31
tsiligirides_problem_3_budget_080.txt,marginal_greedy,RouteDiversity,0.8973593459418148
tsiligirides_problem_3_budget_080.txt,marginal_greedy,LocalRouteDiversity,0.14879214972967922
tsiligirides_problem_3_budget_080.txt,marginal_lazy,Median,640
tsiligirides_problem_3_budget_080.txt,marginal_lazy,Q1,640
tsiligirides_problem_3_budget_080.txt,marginal_lazy,Q3,640
tsiligirides_problem_3_budget_080.txt,marginal_lazy,Best,640
tsiligirides_problem_3_budget_080.txt,marginal_lazy,Worst,640
tsiligirides_problem_3_budget_080.txt,marginal_lazy,Average,640
tsiligirides_problem_3_budget_080.txt,marginal_lazy,RouteDiversity,0
tsiligirides_problem_3_budget_080.txt,marginal_lazy,LocalRouteDiversity,0
tsiligirides_problem_3_budget_080.txt,marginal_smart,Median,650
tsiligirides_problem_3_budget_080.txt,marginal_smart,Q1,650
tsiligirides_problem_3_budget_080.txt,marginal_smart,Q3,650
tsiligirides_problem_3_budget_080.txt,marginal_smart,Best,650
tsiligirides_problem_3_budget_080.txt,marginal_smart,Worst,650
tsiligirides_problem_3_budget_080.txt,marginal_smart,Average,650
tsiligirides_problem_3_budget_080.txt,marginal_smart,RouteDiversity,0
tsiligirides_problem_3_budget_080.txt,marginal_smart,LocalRouteDiversity,0
tsiligirides_problem_3_budget_080.txt,marginal_wise,Median,650
tsiligirides_problem_3_budget_080.txt,marginal_wise,Q1,650
tsiligirides_problem_3_budget_080.txt,marginal_wise,Q3,650
tsiligirides_problem_3_budget_080.txt,marginal_wise,Best,650
tsiligirides_problem_3_budget_080.txt,marginal_wise,Worst,650
tsiligirides_problem_3_budget_080.txt,marginal_wise,Average,650
tsiligirides_problem_3_budget_080.txt,marginal_wise,RouteDiversity,0
tsiligirides_problem_3_budget_080.txt,marginal_wise,LocalRouteDiversity,0
tsiligirides_problem_3_budget_080.txt,marginal_envy,Median,640
tsiligirides_problem_3_budget_080.txt,marginal_envy,Q1,640
tsiligirides_problem_3_budget_080.txt,marginal_envy,Q3,640
tsiligirides_problem_3_budget_080.txt,marginal_envy,Best,640
tsiligirides_problem_3_budget_080.txt,marginal_envy,Worst,640
tsiligirides_problem_3_budget_080.txt,marginal_envy,Average,640
tsiligirides_problem_3_budget_080.txt,marginal_envy,RouteDiversity,0
tsiligirides_problem_3_budget_080.txt,marginal_envy,LocalRouteDiversity,0
tsiligirides_problem_3_budget_080.txt,total_greedy,Median,450
tsiligirides_problem_3_budget_080.txt,total_greedy,Q1,420
tsiligirides_problem_3_budget_080.txt,total_greedy,Q3,480
tsiligirides_problem_3_budget_080.txt,total_greedy,Best,580
tsiligirides_problem_3_budget_080.txt,total_greedy,Worst,330
tsiligirides_problem_3_budget_080.txt,total_greedy,Average,451.386
tsiligirides_problem_3_budget_080.txt,total_greedy,RouteDiversity,0.8976729067563498
tsiligirides_problem_3_budget_080.txt,total_greedy,LocalRouteDiversity,0.16051170098725365
tsiligirides_problem_3_budget_080.txt,total_lazy,Median,640
tsiligirides_problem_3_budget_080.txt,total_lazy,Q1,640
tsiligirides_problem_3_budget_080.txt,total_lazy,Q3,640
tsiligirides_problem_3_budget_080.txt,total_lazy,Best,640
tsiligirides_problem_3_budget_080.txt,total_lazy,Worst,640
tsiligirides_problem_3_budget_080.txt,total_lazy,Average,640
tsiligirides_problem_3_budget_080.txt,total_lazy,RouteDiversity,0
tsiligirides_problem_3_budget_080.txt,total_lazy,LocalRouteDiversity,0
tsiligirides_problem_3_budget_080.txt,total_smart,Median,620
tsiligirides_problem_3_budget_080.txt,total_smart,Q1,620
tsiligirides_problem_3_budget_080.txt,total_smart,Q3,620
tsiligirides_problem_3_budget_080.txt,total_smart,Best,620
tsiligirides_problem_3_budget_080.txt,total_smart,Worst,620
tsiligirides_problem_3_budget_080.txt,total_smart,Average,620
tsiligirides_problem_3_budget_080.txt,total_smart,RouteDiversity,0
tsiligirides_problem_3_budget_080.txt,total_smart,LocalRouteDiversity,0
tsiligirides_problem_3_budget_080.txt,total_wise,Median,580
tsiligirides_problem_3_budget_080.txt,total_wise,Q1,580
tsiligirides_problem_3_budget_080.txt,total_wise,Q3,580
tsiligirides_problem_3_budget_080.txt,total_wise,Best,580
tsiligirides_problem_3_budget_080.txt,total_wise,Worst,580
tsiligirides_problem_3_budget_080.txt,total_wise,Average,580
tsiligirides_problem_3_budget_080.txt,total_wise,RouteDiversity,0
tsiligirides_problem_3_budget_080.txt,total_wise,LocalRouteDiversity,0
tsiligirides_problem_3_budget_080.txt,total_envy,Median,650
tsiligirides_problem_3_budget_080.txt,total_envy,Q1,650
tsiligirides_problem_3_budget_080.txt,total_envy,Q3,650
tsiligirides_problem_3_budget_080.txt,total_envy,Best,650
tsiligirides_problem_3_budget_080.txt,total_envy,Worst,650
tsiligirides_problem_3_budget_080.txt,total_envy,Average,650
tsiligirides_problem_3_budget_080.txt,total_envy,RouteDiversity,0
tsiligirides_problem_3_budget_080.txt,total_envy,LocalRouteDiversity,0
tsiligirides_problem_3_budget_080.txt,selected_random,Median,640
tsiligirides_problem_3_budget_080.txt,selected_random,Q1,630
tsiligirides_problem_3_budget_080.txt,selected_random,Q3,650
tsiligirides_problem_3_budget_080.txt,selected_random,Best,680
tsiligirides_problem_3_budget_080.txt,selected_random,Worst,600
tsiligirides_problem_3_budget_080.txt,selected_random,Average,637.184
tsiligirides_problem_3_budget_080.txt,selected_random,RouteDiversity,0.6795454847292112
tsiligirides_problem_3_budget_080.txt,selected_random,LocalRouteDiversity,0.029087088319940498
tsiligirides_problem_3_budget_080.txt,selected_random_random_tie,Median,640
tsiligirides_problem_3_budget_080.txt,selected_random_random_tie,Q1,630
tsiligirides_problem_3_budget_080.txt,selected_random_random_tie,Q3,650
tsiligirides_problem_3_budget_080.txt,selected_random_random_tie,Best,680
tsiligirides_problem_3_budget_080.txt,selected_random_random_tie,Worst,600
tsiligirides_problem_3_budget_080.txt,selected_random_random_tie,Average,637.436
tsiligirides_problem_3_budget_080.txt,selected_random_random_tie,RouteDiversity,0.6860648925445874
tsiligirides_problem_3_budget_080.txt,selected_random_random_tie,LocalRouteDiversity,0.025493721095948406
tsiligirides_problem_3_budget_080.txt,selected_random_tie_marginal_envy,Median,640
tsiligirides_problem_3_budget_080.txt,selected_random_tie_marginal_envy,Q1,630
tsiligirides_problem_3_budget_080.txt,selected_random_tie_marginal_envy,Q3,650
tsiligirides_problem_3_budget_080.txt,selected_random_tie_marginal_envy,Best,680
tsiligirides_problem_3_budget_080.txt,selected_random_tie_marginal_envy,Worst,600
tsiligirides_problem_3_budget_080.txt,selected_random_tie_marginal_envy,Average,637.188
tsiligirides_problem_3_budget_080.txt,selected_random_tie_marginal_envy,RouteDiversity,0.692294034874126
tsiligirides_problem_3_budget_080.txt,selected_random_tie_marginal_envy,LocalRouteDiversity,0.026735608769479415
tsiligirides_problem_3_budget_080.txt,selected_random_tie_total_envy,Median,640
tsiligirides_problem_3_budget_080.txt,selected_random_tie_total_envy,Q1,630
tsiligirides_problem_3_budget_080.txt,selected_random_tie_total_envy,Q3,650
tsiligirides_problem_3_budget_080.txt,selected_random_tie_total_envy,Best,680
tsiligirides_problem_3_budget_080.txt,selected_random_tie_total_envy,Worst,600
tsiligirides_problem_3_budget_080.txt,selected_random_tie_total_envy,Average,636.93
tsiligirides_problem_3_budget_080.txt,selected_random_tie_total_envy,RouteDiversity,0.683450004603459
tsiligirides_problem_3_budget_080.txt,selected_random_tie_total_envy,LocalRouteDiversity,0.02472228802180864
tsiligirides_problem_3_budget_080.txt,selected_random_tie_marginal_wise,Median,640
tsiligirides_problem_3_budget_080.txt,selected_random_tie_marginal_wise,Q1,630
tsiligirides_problem_3_budget_080.txt,selected_random_tie_marginal_wise,Q3,650
tsiligirides_problem_3_budget_080.txt,selected_random_tie_marginal_wise,Best,660
tsiligirides_problem_3_budget_080.txt,selected_random_tie_marginal_wise,Worst,600
tsiligirides_problem_3_budget_080.txt,selected_random_tie_marginal_wise,Average,637.252
tsiligirides_problem_3_budget_080.txt,selected_random_tie_marginal_wise,RouteDiversity,0.6850114553396192
tsiligirides_problem_3_budget_080.txt,selected_random_tie_marginal_wise,LocalRouteDiversity,0.025165162356192015
tsiligirides_problem_3_budget_095.txt,marginal_greedy,Median,500
tsiligirides_problem_3_budget_095.txt,marginal_greedy,Q1,460
tsiligirides_problem_3_budget_095.txt,marginal_greedy,Q3,540
tsiligirides_problem_3_budget_095.txt,marginal_greedy,Best,660
tsiligirides_problem_3_budget_095.txt,marginal_greedy,Worst,320
tsiligirides_problem_3_budget_095.txt,marginal_greedy,Average,496.778
tsiligirides_problem_3_budget_095.txt,marginal_greedy,RouteDiversity,0.8964754705087806
tsiligirides_problem_3_budget_095.txt,marginal_greedy,LocalRouteDiversity,0.1637235866255954
tsiligirides_problem_3_budget_095.txt,marginal_lazy,Median,750
tsiligirides_problem_3_budget_095.txt,marginal_lazy,Q1,750
tsiligirides_problem_3_budget_095.txt,marginal_lazy,Q3,750
tsiligirides_problem_3_budget_095.txt,marginal_lazy,Best,750
tsiligirides_problem_3_budget_095.txt,marginal_lazy,Worst,750
tsiligirides_problem_3_budget_095.txt,marginal_lazy,Average,750
tsiligirides_problem_3_budget_095.txt,marginal_lazy,RouteDiversity,0
tsiligirides_problem_3_budget_095.txt,marginal_lazy,LocalRouteDiversity,0
tsiligirides_problem_3_budget_095.txt,marginal_smart,Median,720
tsiligirides_problem_3_budget_095.txt,marginal_smart,Q1,720
tsiligirides_problem_3_budget_095.txt,marginal_smart,Q3,720
tsiligirides_problem_3_budget_095.txt,marginal_smart,Best,720
tsiligirides_problem_3_budget_095.txt,marginal_smart,Worst,720
tsiligirides_problem_3_budget_095.txt,marginal_smart,Average,720
tsiligirides_problem_3_budget_095.txt,marginal_smart,RouteDiversity,0
tsiligirides_problem_3_budget_095.txt,marginal_smart,LocalRouteDiversity,0
tsiligirides_problem_3_budget_095.txt,marginal_wise,Median,750
tsiligirides_problem_3_budget_095.txt,marginal_wise,Q1,750
tsiligirides_problem_3_budget_095.txt,marginal_wise,Q3,750
tsiligirides_problem_3_budget_095.txt,marginal_wise,Best,750
tsiligirides_problem_3_budget_095.txt,marginal_wise,Worst,750
tsiligirides_problem_3_budget_095.txt,marginal_wise,Average,750
tsiligirides_problem_3_budget_095.txt,marginal_wise,RouteDiversity,0
tsiligirides_problem_3_budget_095.txt,marginal_wise,LocalRouteDiversity,0
tsiligirides_problem_3_budget_095.txt,marginal_envy,Median,740
tsiligirides_problem_3_budget_095.txt,marginal_envy,Q1,740
tsiligirides_problem_3_budget_095.txt,marginal_envy,Q3,740
tsiligirides_problem_3_budget_095.txt,marginal_envy,Best,740
tsiligirides_problem_3_budget_095.txt,marginal_envy,Worst,740
tsiligirides_problem_3_budget_095.txt,marginal_envy,Average,740
tsiligirides_problem_3_budget_095.txt,marginal_envy,RouteDiversity,0
tsiligirides_problem_3_budget_095.txt,marginal_envy,LocalRouteDiversity,0
tsiligirides_problem_3_budget_095.txt,total_greedy,Median,490
tsiligirides_problem_3_budget_095.txt,total_greedy,Q1,460
tsiligirides_problem_3_budget_095.txt,total_greedy,Q3,540
tsiligirides_problem_3_budget_095.txt,total_greedy,Best,660
tsiligirides_problem_3_budget_095.txt,total_greedy,Worst,320
tsiligirides_problem_3_budget_095.txt,total_greedy,Average,495.392
tsiligirides_problem_3_budget_095.txt,total_greedy,RouteDiversity,0.8977672518346232
tsiligirides_problem_3_budget_095.txt,total_greedy,LocalRouteDiversity,0.17078558460870605
tsiligirides_problem_3_budget_095.txt,total_lazy,Median,750
tsiligirides_problem_3_budget_095.txt,total_lazy,Q1,750
tsiligirides_problem_3_budget_095.txt,total_lazy,Q3,750
tsiligirides_problem_3_budget_095.txt,total_lazy,Best,750
tsiligirides_problem_3_budget_095.txt,total_lazy,Worst,750
tsiligirides_problem_3_budget_095.txt,total_lazy,Average,750
tsiligirides_problem_3_budget_095.txt,total_lazy,RouteDiversity,0
tsiligirides_problem_3_budget_095.txt,total_lazy,LocalRouteDiversity,0
tsiligirides_problem_3_budget_095.txt,total_smart,Median,710
tsiligirides_problem_3_budget_095.txt,total_smart,Q1,710
tsiligirides_problem_3_budget_095.txt,total_smart,Q3,710
tsiligirides_problem_3_budget_095.txt,total_smart,Best,710
tsiligirides_problem_3_budget_095.txt,total_smart,Worst,710
tsiligirides_problem_3_budget_095.txt,total_smart,Average,710
tsiligirides_problem_3_budget_095.txt,total_smart,RouteDiversity,0
tsiligirides_problem_3_budget_095.txt,total_smart,LocalRouteDiversity,0
tsiligirides_problem_3_budget_095.txt,total_wise,Median,670
tsiligirides_problem_3_budget_095.txt,total_wise,Q1,670
tsiligirides_problem_3_budget_095.txt,total_wise,Q3,670
tsiligirides_problem_3_budget_095.txt,total_wise,Best,670
tsiligirides_problem_3_budget_095.txt,total_wise,Worst,670
tsiligirides_problem_3_budget_095.txt,total_wise,Average,670
tsiligirides_problem_3_budget_095.txt,total_wise,RouteDiversity,0
tsiligirides_problem_3_budget_095.txt,total_wise,LocalRouteDiversity,0
tsiligirides_problem_3_budget_095.txt,total_envy,Median,740
tsiligirides_problem_3_budget_095.txt,total_envy,Q1,740
tsiligirides_problem_3_budget_095.txt,total_envy,Q3,740
tsiligirides_problem_3_budget_095.txt,total_envy,Best,740
tsiligirides_problem_3_budget_095.txt,total_envy,Worst,740
tsiligirides_problem_3_budget_095.txt,total_envy,Average,740
tsiligirides_problem_3_budget_095.txt,total_envy,RouteDiversity,0
tsiligirides_problem_3_budget_095.txt,total_envy,LocalRouteDiversity,0
tsiligirides_problem_3_budget_095.txt,selected_random,Median,720
tsiligirides_problem_3_budget_095.txt,selected_random,Q1,710
tsiligirides_problem_3_budget_095.txt,selected_random,Q3,740
tsiligirides_problem_3_budget_095.txt,selected_random,Best,760
tsiligirides_problem_3_budget_095.txt,selected_random,Worst,680
tsiligirides_problem_3_budget_095.txt,selected_random,Average,726.14
tsiligirides_problem_3_budget_095.txt,selected_random,RouteDiversity,0.6999519435775423
tsiligirides_problem_3_budget_095.txt,selected_random,LocalRouteDiversity,0.03612620845410807
tsiligirides_problem_3_budget_095.txt,selected_random_random_tie,Median,720
tsiligirides_problem_3_budget_095.txt,selected_random_random_tie,Q1,710
tsiligirides_problem_3_budget_095.txt,selected_random_random_tie,Q3,740
tsiligirides_problem_3_budget_095.txt,selected_random_random_tie,Best,760
tsiligirides_problem_3_budget_095.txt,selected_random_random_tie,Worst,680
tsiligirides_problem_3_budget_095.txt,selected_random_random_tie,Average,725.992
tsiligirides_problem_3_budget_095.txt,selected_random_random_tie,RouteDiversity,0.6976276063019531
tsiligirides_problem_3_budget_095.txt,selected_random_random_tie,LocalRouteDiversity,0.03802759904942545
tsiligirides_problem_3_budget_095.txt,selected_random_tie_marginal_envy,Median,720
tsiligirides_problem_3_budget_095.txt,selected_random_tie_marginal_envy,Q1,720
tsiligirides_problem_3_budget_095.txt,selected_random_tie_marginal_envy,Q3,740
tsiligirides_problem_3_budget_095.txt,selected_random_tie_marginal_envy,Best,760
tsiligirides_problem_3_budget_095.txt,selected_random_tie_marginal_envy,Worst,680
tsiligirides_problem_3_budget_095.txt,selected_random_tie_marginal_envy,Average,726.58
tsiligirides_problem_3_budget_095.txt,selected_random_tie_marginal_envy,RouteDiversity,0.6980262263935316
tsiligirides_problem_3_budget_095.txt,selected_random_tie_marginal_envy,LocalRouteDiversity,0.04244933041306383
tsiligirides_problem_3_budget_095.txt,selected_random_tie_total_envy,Median,720
tsiligirides_problem_3_budget_095.txt,selected_random_tie_total_envy,Q1,720
tsiligirides_problem_3_budget_095.txt,selected_random_tie_total_envy,Q3,740
tsiligirides_problem_3_budget_095.txt,selected_random_tie_total_envy,Best,760
tsiligirides_problem_3_budget_095.txt,selected_random_tie_total_envy,Worst,680
tsiligirides_problem_3_budget_095.txt,selected_random_tie_total_envy,Average,726.86
tsiligirides_problem_3_budget_095.txt,selected_random_tie_total_envy,RouteDiversity,0.6923725389197362
tsiligirides_problem_3_budget_095.txt,selected_random_tie_total_envy,LocalRouteDiversity,0.0384763432091326
tsiligirides_problem_3_budget_095.txt,selected_random_tie_marginal_wise,Median,720
tsiligirides_problem_3_budget_095.txt,selected_random_tie_marginal_wise,Q1,720
tsiligirides_problem_3_budget_095.txt,selected_random_tie_marginal_wise,Q3,740
tsiligirides_problem_3_budget_095.txt,selected_random_tie_marginal_wise,Best,760
tsiligirides_problem_3_budget_095.txt,selected_random_tie_marginal_wise,Worst,680
tsiligirides_problem_3_budget_095.txt,selected_random_tie_marginal_wise,Average,726.826
tsiligirides_problem_3_budget_095.txt,selected_random_tie_marginal_wise,RouteDiversity,0.6962989581126712
tsiligirides_problem_3_budget_095.txt,selected_random_tie_marginal_wise,LocalRouteDiversity,0.03776064552461713
tsiligirides_problem_1_budget_35.txt,marginal_greedy,Median,90
tsiligirides_problem_1_budget_35.txt,marginal_greedy,Q1,80
tsiligirides_problem_1_budget_35.txt,marginal_greedy,Q3,90
tsiligirides_problem_1_budget_35.txt,marginal_greedy,Best,130
tsiligirides_problem_1_budget_35.txt,marginal_greedy,Worst,60
tsiligirides_problem_1_budget_35.txt,marginal_greedy,Average,86.242
tsiligirides_problem_1_budget_35.txt,marginal_greedy,RouteDiversity,0.8497674453253125
tsiligirides_problem_1_budget_35.txt,marginal_greedy,LocalRouteDiversity,0.06064837040410571
tsiligirides_problem_1_budget_35.txt,marginal_lazy,Median,85
tsiligirides_problem_1_budget_35.txt,marginal_lazy,Q1,85
tsiligirides_problem_1_budget_35.txt,marginal_lazy,Q3,85
tsiligirides_problem_1_budget_35.txt,marginal_lazy,Best,85
tsiligirides_problem_1_budget_35.txt,marginal_lazy,Worst,85
tsiligirides_problem_1_budget_35.txt,marginal_lazy,Average,85
tsiligirides_problem_1_budget_35.txt,marginal_lazy,RouteDiversity,0
tsiligirides_problem_1_budget_35.txt,marginal_lazy,LocalRouteDiversity,0
tsiligirides_problem_1_budget_35.txt,marginal_smart,Median,100
tsiligirides_problem_1_budget_35.txt,marginal_smart,Q1,100
tsiligirides_problem_1_budget_35.txt,marginal_smart,Q3,100
tsiligirides_problem_1_budget_35.txt,marginal_smart,Best,100
tsiligirides_problem_1_budget_35.txt,marginal_smart,Worst,100
tsiligirides_problem_1_budget_35.txt,marginal_smart,Average,100
tsiligirides_problem_1_budget_35.txt,marginal_smart,RouteDiversity,0
tsiligirides_problem_1_budget_35.txt,marginal_smart,LocalRouteDiversity,0
tsiligirides_problem_1_budget_35.txt,marginal_wise,Median,100
tsiligirides_problem_1_budget_35.txt,marginal_wise,Q1,100
tsiligirides_problem_1_budget_35.txt,marginal_wise,Q3,100
tsiligirides_problem_1_budget_35.txt,marginal_wise,Best,100
tsiligirides_problem_1_budget_35.txt,marginal_wise,Worst,100
tsiligirides_problem_1_budget_35.txt,marginal_wise,Average,100
tsiligirides_problem_1_budget_35.txt,marginal_wise,RouteDiversity,0
tsiligirides_problem_1_budget_35.txt,marginal_wise,LocalRouteDiversity,0
tsiligirides_problem_1_budget_35.txt,marginal_envy,Median,110
tsiligirides_problem_1_budget_35.txt,marginal_envy,Q1,110
tsiligirides_problem_1_budget_35.txt,marginal_envy,Q3,110
tsiligirides_problem_1_budget_35.txt,marginal_envy,Best,110
tsiligirides_problem_1_budget_35.txt,marginal_envy,Worst,110
tsiligirides_problem_1_budget_35.txt,marginal_envy,Average,110
tsiligirides_problem_1_budget_35.txt,marginal_envy,RouteDiversity,0
tsiligirides_problem_1_budget_35.txt,marginal_envy,LocalRouteDiversity,0
tsiligirides_problem_1_budget_35.txt,total_greedy,Median,90
tsiligirides_problem_1_budget_35.txt,total_greedy,Q1,80
tsiligirides_problem_1_budget_35.txt,total_greedy,Q3,90
tsiligirides_problem_1_budget_35.txt,total_greedy,Best,130
tsiligirides_problem_1_budget_35.txt,total_greedy,Worst,60
tsiligirides_problem_1_budget_35.txt,total_greedy,Average,85.974
tsiligirides_problem_1_budget_35.txt,total_greedy,RouteDiversity,0.8437111937887238
tsiligirides_problem_1_budget_35.txt,total_greedy,LocalRouteDiversity,0.05777981356878415
tsiligirides_problem_1_budget_35.txt,total_lazy,Median,85
tsiligirides_problem_1_budget_35.txt,total_lazy,Q1,85
tsiligirides_problem_1_budget_35.txt,total_lazy,Q3,85
tsiligirides_problem_1_budget_35.txt,total_lazy,Best,85
tsiligirides_problem_1_budget_35.txt,total_lazy,Worst,85
tsiligirides_problem_1_budget_35.txt,total_lazy,Average,85
tsiligirides_problem_1_budget_35.txt,total_lazy,RouteDiversity,0
tsiligirides_problem_1_budget_35.txt,total_lazy,LocalRouteDiversity,0
tsiligirides_problem_1_budget_35.txt,total_smart,Median,100
tsiligirides_problem_1_budget_35.txt,total_smart,Q1,100
tsiligirides_problem_1_budget_35.txt,total_smart,Q3,100
tsiligirides_problem_1_budget_35.txt,total_smart,Best,100
tsiligirides_problem_1_budget_35.txt,total_smart,Worst,100
tsiligirides_problem_1_budget_35.txt,total_smart,Average,100
tsiligirides_problem_1_budget_35.txt,total_smart,RouteDiversity,0
tsiligirides_problem_1_budget_35.txt,total_smart,LocalRouteDiversity,0
tsiligirides_problem_1_budget_35.txt,total_wise,Median,100
tsiligirides_problem_1_budget_35.txt,total_wise,Q1,100
tsiligirides_problem_1_budget_35.txt,total_wise,Q3,100
tsiligirides_problem_1_budget_35.txt,total_wise,Best,100
tsiligirides_problem_1_budget_35.txt,total_wise,Worst,100
tsiligirides_problem_1_budget_35.txt,total_wise,Average,100
tsiligirides_problem_1_budget_35.txt,total_wise,RouteDiversity,0
tsiligirides_problem_1_budget_35.txt,total_wise,LocalRouteDiversity,0
tsiligirides_problem_1_budget_35.txt,total_envy,Median,105
tsiligirides_problem_1_budget_35.txt,total_envy,Q1,105
tsiligirides_problem_1_budget_35.txt,total_envy,Q3,105
tsiligirides_problem_1_budget_35.txt,total_envy,Best,105
tsiligirides_problem_1_budget_35.txt,total_envy,Worst,105
tsiligirides_problem_1_budget_35.txt,total_envy,Average,105
tsiligirides_problem_1_budget_35.txt,total_envy,RouteDiversity,0
tsiligirides_problem_1_budget_35.txt,total_envy,LocalRouteDiversity,0
tsiligirides_problem_1_budget_35.txt,selected_random,Median,105
tsiligirides_problem_1_budget_35.txt,selected_random,Q1,100
tsiligirides_problem_1_budget_35.txt,selected_random,Q3,110
tsiligirides_problem_1_budget_35.txt,selected_random,Best,125
tsiligirides_problem_1_budget_35.txt,selected_random,Worst,90
tsiligirides_problem_1_budget_35.txt,selected_random,Average,105.637
tsiligirides_problem_1_budget_35.txt,selected_random,RouteDiversity,0.7586696184929589
tsiligirides_problem_1_budget_35.txt,selected_random,LocalRouteDiversity,0.0021225000000000003
tsiligirides_problem_1_budget_35.txt,selected_random_random_tie,Median,105
tsiligirides_problem_1_budget_35.txt,selected_random_random_tie,Q1,100
tsiligirides_problem_1_budget_35.txt,selected_random_random_tie,Q3,110
tsiligirides_problem_1_budget_35.txt,selected_random_random_tie,Best,125
tsiligirides_problem_1_budget_35.txt,selected_random_random_tie,Worst,90
tsiligirides_problem_1_budget_35.txt,selected_random_random_tie,Average,105.84
tsiligirides_problem_1_budget_35.txt,selected_random_random_tie,RouteDiversity,0.761200354048324
tsiligirides_problem_1_budget_35.txt,selected_random_random_tie,LocalRouteDiversity,0.00124
tsiligirides_problem_1_budget_35.txt,selected_random_tie_marginal_envy,Median,105
tsiligirides_problem_1_budget_35.txt,selected_random_tie_marginal_envy,Q1,100
tsiligirides_problem_1_budget_35.txt,selected_random_tie_marginal_envy,Q3,110
tsiligirides_problem_1_budget_35.txt,selected_random_tie_marginal_envy,Best,125
tsiligirides_problem_1_budget_35.txt,selected_random_tie_marginal_envy,Worst,90
tsiligirides_problem_1_budget_35.txt,selected_random_tie_marginal_envy,Average,105.726
tsiligirides_problem_1_budget_35.txt,selected_random_tie_marginal_envy,RouteDiversity,0.7591602672830443
tsiligirides_problem_1_budget_35.txt,selected_random_tie_marginal_envy,LocalRouteDiversity,0.0013866666666666667
tsiligirides_problem_1_budget_35.txt,selected_random_tie_total_envy,Median,110
tsiligirides_problem_1_budget_35.txt,selected_random_tie_total_envy,Q1,100
tsiligirides_problem_1_budget_35.txt,selected_random_tie_total_envy,Q3,110
tsiligirides_problem_1_budget_35.txt,selected_random_tie_total_envy,Best,125
tsiligirides_problem_1_budget_35.txt,selected_random_tie_total_envy,Worst,90
tsiligirides_problem_1_budget_35.txt,selected_random_tie_total_envy,Average,105.887
tsiligirides_problem_1_budget_35.txt,selected_random_tie_total_envy,RouteDiversity,0.7584051917189065
tsiligirides_problem_1_budget_35.txt,selected_random_tie_total_envy,LocalRouteDiversity,0.0011466666666666667
tsiligirides_problem_1_budget_35.txt,selected_random_tie_marginal_wise,Median,105
tsiligirides_problem_1_budget_35.txt,selected_random_tie_marginal_wise,Q1,100
tsiligirides_problem_1_budget_35.txt,selected_random_tie_marginal_wise,Q3,110
tsiligirides_problem_1_budget_35.txt,selected_random_tie_marginal_wise,Best,125
tsiligirides_problem_1_budget_35.txt,selected_random_tie_marginal_wise,Worst,90
tsiligirides_problem_1_budget_35.txt,selected_random_tie_marginal_wise,Average,105.929
tsiligirides_problem_1_budget_35.txt,selected_random_tie_marginal_wise,RouteDiversity,0.7631023247847002
tsiligirides_problem_1_budget_35.txt,selected_random_tie_marginal_wise,LocalRouteDiversity,0.00124
tsiligirides_problem_3_budget_020.txt,marginal_greedy,Median,180
tsiligirides_problem_3_budget_020.txt,marginal_greedy,Q1,170
tsiligirides_problem_3_budget_020.txt,marginal_greedy,Q3,180
tsiligirides_problem_3_budget_020.txt,marginal_greedy,Best,180
tsiligirides_problem_3_budget_020.txt,marginal_greedy,Worst,170
tsiligirides_problem_3_budget_020.txt,marginal_greedy,Average,175.022
tsiligirides_problem_3_budget_020.txt,marginal_greedy,RouteDiversity,0.46140170939908237
tsiligirides_problem_3_budget_020.txt,marginal_greedy,LocalRouteDiversity,0
tsiligirides_problem_3_budget_020.txt,marginal_lazy,Median,190
tsiligirides_problem_3_budget_020.txt,marginal_lazy,Q1,190
tsiligirides_problem_3_budget_020.txt,marginal_lazy,Q3,190
tsiligirides_problem_3_budget_020.txt,marginal_lazy,Best,190
tsiligirides_problem_3_budget_020.txt,marginal_lazy,Worst,190
tsiligirides_problem_3_budget_020.txt,marginal_lazy,Average,190
tsiligirides_problem_3_budget_020.txt,marginal_lazy,RouteDiversity,0
tsiligirides_problem_3_budget_020.txt,marginal_lazy,LocalRouteDiversity,0
tsiligirides_problem_3_budget_020.txt,marginal_smart,Median,180
tsiligirides_problem_3_budget_020.txt,marginal_smart,Q1,180
tsiligirides_problem_3_budget_020.txt,marginal_smart,Q3,180
tsiligirides_problem_3_budget_020.txt,marginal_smart,Best,180
tsiligirides_problem_3_budget_020.txt,marginal_smart,Worst,180
tsiligirides_problem_3_budget_020.txt,marginal_smart,Average,180
tsiligirides_problem_3_budget_020.txt,marginal_smart,RouteDiversity,0
tsiligirides_problem_3_budget_020.txt,marginal_smart,LocalRouteDiversity,0
tsiligirides_problem_3_budget_020.txt,marginal_wise,Median,190
tsiligirides_problem_3_budget_020.txt,marginal_wise,Q1,190
tsiligirides_problem_3_budget_020.txt,marginal_wise,Q3,190
tsiligirides_problem_3_budget_020.txt,marginal_wise,Best,190
tsiligirides_problem_3_budget_020.txt,marginal_wise,Worst,190
tsiligirides_problem_3_budget_020.txt,marginal_wise,Average,190
tsiligirides_problem_3_budget_020.txt,marginal_wise,RouteDiversity,0
tsiligirides_problem_3_budget_020.txt,marginal_wise,LocalRouteDiversity,0
tsiligirides_problem_3_budget_020.txt,marginal_envy,Median,170
tsiligirides_problem_3_budget_020.txt,marginal_envy,Q1,170
tsiligirides_problem_3_budget_020.txt,marginal_envy,Q3,170
tsiligirides_problem_3_budget_020.txt,marginal_envy,Best,170
tsiligirides_problem_3_budget_020.txt,marginal_envy,Worst,170
tsiligirides_problem_3_budget_020.txt,marginal_envy,Average,170
tsiligirides_problem_3_budget_020.txt,marginal_envy,RouteDiversity,0
tsiligirides_problem_3_budget_020.txt,marginal_envy,LocalRouteDiversity,0
tsiligirides_problem_3_budget_020.txt,total_greedy,Median,180
tsiligirides_problem_3_budget_020.txt,total_greedy,Q1,170
tsiligirides_problem_3_budget_020.txt,total_greedy,Q3,180
tsiligirides_problem_3_budget_020.txt,total_greedy,Best,180
tsiligirides_problem_3_budget_020.txt,total_greedy,Worst,170
tsiligirides_problem_3_budget_020.txt,total_greedy,Average,175.092
tsiligirides_problem_3_budget_020.txt,total_greedy,RouteDiversity,0.46110602910340637
tsiligirides_problem_3_budget_020.txt,total_greedy,LocalRouteDiversity,0
tsiligirides_problem_3_budget_020.txt,total_lazy,Median,190
tsiligirides_problem_3_budget_020.txt,total_lazy,Q1,190
tsiligirides_problem_3_budget_020.txt,total_lazy,Q3,190
tsiligirides_problem_3_budget_020.txt,total_lazy,Best,190
tsiligirides_problem_3_budget_020.txt,total_lazy,Worst,190
tsiligirides_problem_3_budget_020.txt,total_lazy,Average,190
tsiligirides_problem_3_budget_020.txt,total_lazy,RouteDiversity,0
tsiligirides_problem_3_budget_020.txt,total_lazy,LocalRouteDiversity,0
tsiligirides_problem_3_budget_020.txt,total_smart,Median,180
tsiligirides_problem_3_budget_020.txt,total_smart,Q1,180
tsiligirides_problem_3_budget_020.txt,total_smart,Q3,180
tsiligirides_problem_3_budget_020.txt,total_smart,Best,180
tsiligirides_problem_3_budget_020.txt,total_smart,Worst,180
tsiligirides_problem_3_budget_020.txt,total_smart,Average,180
tsiligirides_problem_3_budget_020.txt,total_smart,RouteDiversity,0
tsiligirides_problem_3_budget_020.txt,total_smart,LocalRouteDiversity,0
tsiligirides_problem_3_budget_020.txt,total_wise,Median,180
tsiligirides_problem_3_budget_020.txt,total_wise,Q1,180
tsiligirides_problem_3_budget_020.txt,total_wise,Q3,180
tsiligirides_problem_3_budget_020.txt,total_wise,Best,180
tsiligirides_problem_3_budget_020.txt,total_wise,Worst,180
tsiligirides_problem_3_budget_020.txt,total_wise,Average,180
tsiligirides_problem_3_budget_020.txt,total_wise,RouteDiversity,0
tsiligirides_problem_3_budget_020.txt,total_wise,LocalRouteDiversity,0
tsiligirides_problem_3_budget_020.txt,total_envy,Median,170
tsiligirides_problem_3_budget_020.txt,total_envy,Q1,170
tsiligirides_problem_3_budget_020.txt,total_envy,Q3,170
tsiligirides_problem_3_budget_020.txt,total_envy,Best,170
tsiligirides_problem_3_budget_020.txt,total_envy,Worst,170
tsiligirides_problem_3_budget_020.txt,total_envy,Average,170
tsiligirides_problem_3_budget_020.txt,total_envy,RouteDiversity,0
tsiligirides_problem_3_budget_020.txt,total_envy,LocalRouteDiversity,0
tsiligirides_problem_3_budget_020.txt,selected_random,Median,180
tsiligirides_problem_3_budget_020.txt,selected_random,Q1,170
tsiligirides_problem_3_budget_020.txt,selected_random,Q3,180
tsiligirides_problem_3_budget_020.txt,selected_random,Best,200
tsiligirides_problem_3_budget_020.txt,selected_random,Worst,170
tsiligirides_problem_3_budget_020.txt,selected_random,Average,177.43
tsiligirides_problem_3_budget_020.txt,selected_random,RouteDiversity,0.6676796543121859
tsiligirides_problem_3_budget_020.txt,selected_random,LocalRouteDiversity,0.0005384615384615384
tsiligirides_problem_3_budget_020.txt,selected_random_random_tie,Median,180
tsiligirides_problem_3_budget_020.txt,selected_random_random_tie,Q1,170
tsiligirides_problem_3_budget_020.txt,selected_random_random_tie,Q3,180
tsiligirides_problem_3_budget_020.txt,selected_random_random_tie,Best,200
tsiligirides_problem_3_budget_020.txt,selected_random_random_tie,Worst,170
tsiligirides_problem_3_budget_020.txt,selected_random_random_tie,Average,177.344
tsiligirides_problem_3_budget_020.txt,selected_random_random_tie,RouteDiversity,0.6597867502312521
tsiligirides_problem_3_budget_020.txt,selected_random_random_tie,LocalRouteDiversity,0.0005384615384615384
tsiligirides_problem_3_budget_020.txt,selected_random_tie_marginal_envy,Median,180
tsiligirides_problem_3_budget_020.txt,selected_random_tie_marginal_envy,Q1,170
tsiligirides_problem_3_budget_020.txt,selected_random_tie_marginal_envy,Q3,180
tsiligirides_problem_3_budget_020.txt,selected_random_tie_marginal_envy,Best,200
tsiligirides_problem_3_budget_020.txt,selected_random_tie_marginal_envy,Worst,170
tsiligirides_problem_3_budget_020.txt,selected_random_tie_marginal_envy,Average,177.418
tsiligirides_problem_3_budget_020.txt,selected_random_tie_marginal_envy,RouteDiversity,0.6549052713852543
tsiligirides_problem_3_budget_020.txt,selected_random_tie_marginal_envy,LocalRouteDiversity,0.0005384615384615384
tsiligirides_problem_3_budget_020.txt,selected_random_tie_total_envy,Median,180
tsiligirides_problem_3_budget_020.txt,selected_random_tie_total_envy,Q1,170
tsiligirides_problem_3_budget_020.txt,selected_random_tie_total_envy,Q3,180
tsiligirides_problem_3_budget_020.txt,selected_random_tie_total_envy,Best,200
tsiligirides_problem_3_budget_020.txt,selected_random_tie_total_envy,Worst,170
tsiligirides_problem_3_budget_020.txt,selected_random_tie_total_envy,Average,177.534
tsiligirides_problem_3_budget_020.txt,selected_random_tie_total_envy,RouteDiversity,0.6628406220431875
tsiligirides_problem_3_budget_020.txt,selected_random_tie_total_envy,LocalRouteDiversity,0.0008615384615384614
tsiligirides_problem_3_budget_020.txt,selected_random_tie_marginal_wise,Median,180
tsiligirides_problem_3_budget_020.txt,selected_random_tie_marginal_wise,Q1,170
tsiligirides_problem_3_budget_020.txt,selected_random_tie_marginal_wise,Q3,180
tsiligirides_problem_3_budget_020.txt,selected_random_tie_marginal_wise,Best,200
tsiligirides_problem_3_budget_020.txt,selected_random_tie_marginal_wise,Worst,170
tsiligirides_problem_3_budget_020.txt,selected_random_tie_marginal_wise,Average,177.478
tsiligirides_problem_3_budget_020.txt,selected_random_tie_marginal_wise,RouteDiversity,0.6543439157616239
tsiligirides_problem_3_budget_020.txt,selected_random_tie_marginal_wise,LocalRouteDiversity,0.0009692307692307693
tsiligirides_problem_1_budget_25.txt,marginal_greedy,Median,60
tsiligirides_problem_1_budget_25.txt,marginal_greedy,Q1,55
tsiligirides_problem_1_budget_25.txt,marginal_greedy,Q3,65
tsiligirides_problem_1_budget_25.txt,marginal_greedy,Best,75
tsiligirides_problem_1_budget_25.txt,marginal_greedy,Worst,40
tsiligirides_problem_1_budget_25.txt,marginal_greedy,Average,59.963
tsiligirides_problem_1_budget_25.txt,marginal_greedy,RouteDiversity,0.8574465580017091
tsiligirides_problem_1_budget_25.txt,marginal_greedy,LocalRouteDiversity,0
tsiligirides_problem_1_budget_25.txt,marginal_lazy,Median,50
tsiligirides_problem_1_budget_25.txt,marginal_lazy,Q1,50
tsiligirides_problem_1_budget_25.txt,marginal_lazy,Q3,50
tsiligirides_problem_1_budget_25.txt,marginal_lazy,Best,50
tsiligirides_problem_1_budget_25.txt,marginal_lazy,Worst,50
tsiligirides_problem_1_budget_25.txt,marginal_lazy,Average,50
tsiligirides_problem_1_budget_25.txt,marginal_lazy,RouteDiversity,0
tsiligirides_problem_1_budget_25.txt,marginal_lazy,LocalRouteDiversity,0
tsiligirides_problem_1_budget_25.txt,marginal_smart,Median,65
tsiligirides_problem_1_budget_25.txt,marginal_smart,Q1,65
tsiligirides_problem_1_budget_25.txt,marginal_smart,Q3,65
tsiligirides_problem_1_budget_25.txt,marginal_smart,Best,65
tsiligirides_problem_1_budget_25.txt,marginal_smart,Worst,65
tsiligirides_problem_1_budget_25.txt,marginal_smart,Average,65
tsiligirides_problem_1_budget_25.txt,marginal_smart,RouteDiversity,0
tsiligirides_problem_1_budget_25.txt,marginal_smart,LocalRouteDiversity,0
tsiligirides_problem_1_budget_25.txt,marginal_wise,Median,65
tsiligirides_problem_1_budget_25.txt,marginal_wise,Q1,65
tsiligirides_problem_1_budget_25.txt,marginal_wise,Q3,65
tsiligirides_problem_1_budget_25.txt,marginal_wise,Best,65
tsiligirides_problem_1_budget_25.txt,marginal_wise,Worst,65
tsiligirides_problem_1_budget_25.txt,marginal_wise,Average,65
tsiligirides_problem_1_budget_25.txt,marginal_wise,RouteDiversity,0
tsiligirides_problem_1_budget_25.txt,marginal_wise,LocalRouteDiversity,0
tsiligirides_problem_1_budget_25.txt,marginal_envy,Median,60
tsiligirides_problem_1_budget_25.txt,marginal_envy,Q1,60
tsiligirides_problem_1_budget_25.txt,marginal_envy,Q3,60
tsiligirides_problem_1_budget_25.txt,marginal_envy,Best,60
tsiligirides_problem_1_budget_25.txt,marginal_envy,Worst,60
tsiligirides_problem_1_budget_25.txt,marginal_envy,Average,60
tsiligirides_problem_1_budget_25.txt,marginal_envy,RouteDiversity,0
tsiligirides_problem_1_budget_25.txt,marginal_envy,LocalRouteDiversity,0
tsiligirides_problem_1_budget_25.txt,total_greedy,Median,60
tsiligirides_problem_1_budget_25.txt,total_greedy,Q1,55
tsiligirides_problem_1_budget_25.txt,total_greedy,Q3,65
tsiligirides_problem_1_budget_25.txt,total_greedy,Best,75
tsiligirides_problem_1_budget_25.txt,total_greedy,Worst,40
tsiligirides_problem_1_budget_25.txt,total_greedy,Average,60.182
tsiligirides_problem_1_budget_25.txt,total_greedy,RouteDiversity,0.8516614710164816
tsiligirides_problem_1_budget_25.txt,total_greedy,LocalRouteDiversity,0
tsiligirides_problem_1_budget_25.txt,total_lazy,Median,50
tsiligirides_problem_1_budget_25.txt,total_lazy,Q1,50
tsiligirides_problem_1_budget_25.txt,total_lazy,Q3,50
tsiligirides_problem_1_budget_25.txt,total_lazy,Best,50
tsiligirides_problem_1_budget_25.txt,total_lazy,Worst,50
tsiligirides_problem_1_budget_25.txt,total_lazy,Average,50
tsiligirides_problem_1_budget_25.txt,total_lazy,RouteDiversity,0
tsiligirides_problem_1_budget_25.txt,total_lazy,LocalRouteDiversity,0
tsiligirides_problem_1_budget_25.txt,total_smart,Median,65
tsiligirides_problem_1_budget_25.txt,total_smart,Q1,65
tsiligirides_problem_1_budget_25.txt,total_smart,Q3,65
tsiligirides_problem_1_budget_25.txt,total_smart,Best,65
tsiligirides_problem_1_budget_25.txt,total_smart,Worst,65
tsiligirides_problem_1_budget_25.txt,total_smart,Average,65
tsiligirides_problem_1_budget_25.txt,total_smart,RouteDiversity,0
tsiligirides_problem_1_budget_25.txt,total_smart,LocalRouteDiversity,0
tsiligirides_problem_1_budget_25.txt,total_wise,Median,65
tsiligirides_problem_1_budget_25.txt,total_wise,Q1,65
tsiligirides_problem_1_budget_25.txt,total_wise,Q3,65
tsiligirides_problem_1_budget_25.txt,total_wise,Best,65
tsiligirides_problem_1_budget_25.txt,total_wise,Worst,65
tsiligirides_problem_1_budget_25.txt,total_wise,Average,65
tsiligirides_problem_1_budget_25.txt,total_wise,RouteDiversity,0
tsiligirides_problem_1_budget_25.txt,total_wise,LocalRouteDiversity,0
tsiligirides_problem_1_budget_25.txt,total_envy,Median,70
tsiligirides_problem_1_budget_25.txt,total_envy,Q1,70
tsiligirides_problem_1_budget_25.txt,total_envy,Q3,70
tsiligirides_problem_1_budget_25.txt,total_envy,Best,70
tsiligirides_problem_1_budget_25.txt,total_envy,Worst,70
tsiligirides_problem_1_budget_25.txt,total_envy,Average,70
tsiligirides_problem_1_budget_25.txt,total_envy,RouteDiversity,0
tsiligirides_problem_1_budget_25.txt,total_envy,LocalRouteDiversity,0
tsiligirides_problem_1_budget_25.txt,selected_random,Median,70
tsiligirides_problem_1_budget_25.txt,selected_random,Q1,65
tsiligirides_problem_1_budget_25.txt,selected_random,Q3,75
tsiligirides_problem_1_budget_25.txt,selected_random,Best,85
tsiligirides_problem_1_budget_25.txt,selected_random,Worst,60
tsiligirides_problem_1_budget_25.txt,selected_random,Average,69.977
tsiligirides_problem_1_budget_25.txt,selected_random,RouteDiversity,0.7169280287035521
tsiligirides_problem_1_budget_25.txt,selected_random,LocalRouteDiversity,0
tsiligirides_problem_1_budget_25.txt,selected_random_random_tie,Median,70
tsiligirides_problem_1_budget_25.txt,selected_random_random_tie,Q1,65
tsiligirides_problem_1_budget_25.txt,selected_random_random_tie,Q3,75
tsiligirides_problem_1_budget_25.txt,selected_random_random_tie,Best,85
tsiligirides_problem_1_budget_25.txt,selected_random_random_tie,Worst,60
tsiligirides_problem_1_budget_25.txt,selected_random_random_tie,Average,69.96
tsiligirides_problem_1_budget_25.txt,selected_random_random_tie,RouteDiversity,0.7136955204888251
tsiligirides_problem_1_budget_25.txt,selected_random_random_tie,LocalRouteDiversity,0
tsiligirides_problem_1_budget_25.txt,selected_random_tie_marginal_envy,Median,70
tsiligirides_problem_1_budget_25.txt,selected_random_tie_marginal_envy,Q1,65
tsiligirides_problem_1_budget_25.txt,selected_random_tie_marginal_envy,Q3,75
tsiligirides_problem_1_budget_25.txt,selected_random_tie_marginal_envy,Best,85
tsiligirides_problem_1_budget_25.txt,selected_random_tie_marginal_envy,Worst,60
tsiligirides_problem_1_budget_25.txt,selected_random_tie_marginal_envy,Average,70.075
tsiligirides_problem_1_budget_25.txt,selected_random_tie_marginal_envy,RouteDiversity,0.707800299801428
tsiligirides_problem_1_budget_25.txt,selected_random_tie_marginal_envy,LocalRouteDiversity,0
tsiligirides_problem_1_budget_25.txt,selected_random_tie_total_envy,Median,65
tsiligirides_problem_1_budget_25.txt,selected_random_tie_total_envy,Q1,65
tsiligirides_problem_1_budget_25.txt,selected_random_tie_total_envy,Q3,75
tsiligirides_problem_1_budget_25.txt,selected_random_tie_total_envy,Best,85
tsiligirides_problem_1_budget_25.txt,selected_random_tie_total_envy,Worst,60
tsiligirides_problem_1_budget_25.txt,selected_random_tie_total_envy,Average,69.777
tsiligirides_problem_1_budget_25.txt,selected_random_tie_total_envy,RouteDiversity,0.7093169955161068
tsiligirides_problem_1_budget_25.txt,selected_random_tie_total_envy,LocalRouteDiversity,0
tsiligirides_problem_1_budget_25.txt,selected_random_tie_marginal_wise,Median,70
tsiligirides_problem_1_budget_25.txt,selected_random_tie_marginal_wise,Q1,65
tsiligirides_problem_1_budget_25.txt,selected_random_tie_marginal_wise,Q3,75
tsiligirides_problem_1_budget_25.txt,selected_random_tie_marginal_wise,Best,85
tsiligirides_problem_1_budget_25.txt,selected_random_tie_marginal_wise,Worst,60
tsiligirides_problem_1_budget_25.txt,selected_random_tie_marginal_wise,Average,70.109
tsiligirides_problem_1_budget_25.txt,selected_random_tie_marginal_wise,RouteDiversity,0.7107006567126215
tsiligirides_problem_1_budget_25.txt,selected_random_tie_marginal_wise,LocalRouteDiversity,0
set_64_1_45.txt,marginal_greedy,Median,510
set_64_1_45.txt,marginal_greedy,Q1,480
set_64_1_45.txt,marginal_greedy,Q3,624
set_64_1_45.txt,marginal_greedy,Best,708
set_64_1_45.txt,marginal_greedy,Worst,456
set_64_1_45.txt,marginal_greedy,Average,542.394
set_64_1_45.txt,marginal_greedy,RouteDiversity,0.8213487142696921
set_64_1_45.txt,marginal_greedy,LocalRouteDiversity,0.15949805419288102
set_64_1_45.txt,marginal_lazy,Median,600
set_64_1_45.txt,marginal_lazy,Q1,564
set_64_1_45.txt,marginal_lazy,Q3,600
set_64_1_45.txt,marginal_lazy,Best,600
set_64_1_45.txt,marginal_lazy,Worst,564
set_64_1_45.txt,marginal_lazy,Average,582.0576
set_64_1_45.txt,marginal_lazy,RouteDiversity,0.6523261448800691
set_64_1_45.txt,marginal_lazy,LocalRouteDiversity,0.004892424242424246
set_64_1_45.txt,marginal_smart,Median,642
set_64_1_45.txt,marginal_smart,Q1,636
set_64_1_45.txt,marginal_smart,Q3,642
set_64_1_45.txt,marginal_smart,Best,642
set_64_1_45.txt,marginal_smart,Worst,636
set_64_1_45.txt,marginal_smart,Average,639.1164
set_64_1_45.txt,marginal_smart,RouteDiversity,0.6843729885788826
set_64_1_45.txt,marginal_smart,LocalRouteDiversity,0.002374999999999998
set_64_1_45.txt,marginal_wise,Median,636
set_64_1_45.txt,marginal_wise,Q1,624
set_64_1_45.txt,marginal_wise,Q3,636
set_64_1_45.txt,marginal_wise,Best,636
set_64_1_45.txt,marginal_wise,Worst,624
set_64_1_45.txt,marginal_wise,Average,630.0336
set_64_1_45.txt,marginal_wise,RouteDiversity,0.6929745950363895
set_64_1_45.txt,marginal_wise,LocalRouteDiversity,0.005250000000000001
set_64_1_45.txt,marginal_envy,Median,642
set_64_1_45.txt,marginal_envy,Q1,642
set_64_1_45.txt,marginal_envy,Q3,642
set_64_1_45.txt,marginal_envy,Best,654
set_64_1_45.txt,marginal_envy,Worst,624
set_64_1_45.txt,marginal_envy,Average,640.5156
set_64_1_45.txt,marginal_envy,RouteDiversity,0.614503016355262
set_64_1_45.txt,marginal_envy,LocalRouteDiversity,0
set_64_1_45.txt,total_greedy,Median,510
set_64_1_45.txt,total_greedy,Q1,480
set_64_1_45.txt,total_greedy,Q3,624
set_64_1_45.txt,total_greedy,Best,708
set_64_1_45.txt,total_greedy,Worst,456
set_64_1_45.txt,total_greedy,Average,545.448
set_64_1_45.txt,total_greedy,RouteDiversity,0.8258220927487663
set_64_1_45.txt,total_greedy,LocalRouteDiversity,0.16513600806518083
set_64_1_45.txt,total_lazy,Median,480
set_64_1_45.txt,total_lazy,Q1,468
set_64_1_45.txt,total_lazy,Q3,486
set_64_1_45.txt,total_lazy,Best,492
set_64_1_45.txt,total_lazy,Worst,432
set_64_1_45.txt,total_lazy,Average,476.838
set_64_1_45.txt,total_lazy,RouteDiversity,0.7736925865767859
set_64_1_45.txt,total_lazy,LocalRouteDiversity,0.015561903365451778
set_64_1_45.txt,total_smart,Median,696
set_64_1_45.txt,total_smart,Q1,696
set_64_1_45.txt,total_smart,Q3,696
set_64_1_45.txt,total_smart,Best,696
set_64_1_45.txt,total_smart,Worst,696
set_64_1_45.txt,total_smart,Average,696
set_64_1_45.txt,total_smart,RouteDiversity,0.49804804804804803
set_64_1_45.txt,total_smart,LocalRouteDiversity,0
set_64_1_45.txt,total_wise,Median,642
set_64_1_45.txt,total_wise,Q1,624
set_64_1_45.txt,total_wise,Q3,648
set_64_1_45.txt,total_wise,Best,654
set_64_1_45.txt,total_wise,Worst,618
set_64_1_45.txt,total_wise,Average,636.216
set_64_1_45.txt,total_wise,RouteDiversity,0.6830293015059683
set_64_1_45.txt,total_wise,LocalRouteDiversity,0.0024499999999999995
set_64_1_45.txt,total_envy,Median,696
set_64_1_45.txt,total_envy,Q1,648
set_64_1_45.txt,total_envy,Q3,696
set_64_1_45.txt,total_envy,Best,696
set_64_1_45.txt,total_envy,Worst,648
set_64_1_45.txt,total_envy,Average,672.4416
set_64_1_45.txt,total_envy,RouteDiversity,0.7348528149556265
set_64_1_45.txt,total_envy,LocalRouteDiversity,0
set_64_1_45.txt,selected_random,Median,684
set_64_1_45.txt,selected_random,Q1,648
set_64_1_45.txt,selected_random,Q3,714
set_64_1_45.txt,selected_random,Best,768
set_64_1_45.txt,selected_random,Worst,606
set_64_1_45.txt,selected_random,Average,679.5072
set_64_1_45.txt,selected_random,RouteDiversity,0.8185325257066676
set_64_1_45.txt,selected_random,LocalRouteDiversity,0.18069489510080056
set_64_1_45.txt,selected_random_random_tie,Median,660
set_64_1_45.txt,selected_random_random_tie,Q1,636
set_64_1_45.txt,selected_random_random_tie,Q3,678
set_64_1_45.txt,selected_random_random_tie,Best,762
set_64_1_45.txt,selected_random_random_tie,Worst,588
set_64_1_45.txt,selected_random_random_tie,Average,659.3436
set_64_1_45.txt,selected_random_random_tie,RouteDiversity,0.8877806029605401
set_64_1_45.txt,selected_random_random_tie,LocalRouteDiversity,0.4814990657653478
set_64_1_45.txt,selected_random_tie_marginal_envy,Median,660
set_64_1_45.txt,selected_random_tie_marginal_envy,Q1,636
set_64_1_45.txt,selected_random_tie_marginal_envy,Q3,678
set_64_1_45.txt,selected_random_tie_marginal_envy,Best,768
set_64_1_45.txt,selected_random_tie_marginal_envy,Worst,576
set_64_1_45.txt,selected_random_tie_marginal_envy,Average,659.2968
set_64_1_45.txt,selected_random_tie_marginal_envy,RouteDiversity,0.8863230191802206
set_64_1_45.txt,selected_random_tie_marginal_envy,LocalRouteDiversity,0.4749911992851256
set_64_1_45.txt,selected_random_tie_total_envy,Median,666
set_64_1_45.txt,selected_random_tie_total_envy,Q1,648
set_64_1_45.txt,selected_random_tie_total_envy,Q3,684
set_64_1_45.txt,selected_random_tie_total_envy,Best,762
set_64_1_45.txt,selected_random_tie_total_envy,Worst,588
set_64_1_45.txt,selected_random_tie_total_envy,Average,664.5156
set_64_1_45.txt,selected_random_tie_total_envy,RouteDiversity,0.8798108968115699
set_64_1_45.txt,selected_random_tie_total_envy,LocalRouteDiversity,0.42671315290383793
set_64_1_45.txt,selected_random_tie_marginal_wise,Median,660
set_64_1_45.txt,selected_random_tie_marginal_wise,Q1,636
set_64_1_45.txt,selected_random_tie_marginal_wise,Q3,678
set_64_1_45.txt,selected_random_tie_marginal_wise,Best,762
set_64_1_45.txt,selected_random_tie_marginal_wise,Worst,582
set_64_1_45.txt,selected_random_tie_marginal_wise,Average,659.4516
set_64_1_45.txt,selected_random_tie_marginal_wise,RouteDiversity,0.8874426492906177
set_64_1_45.txt,selected_random_tie_marginal_wise,LocalRouteDiversity,0.4746407759334356
set_66_1_065.txt,marginal_greedy,Median,480
set_66_1_065.txt,marginal_greedy,Q1,415
set_66_1_065.txt,marginal_greedy,Q3,550
set_66_1_065.txt,marginal_greedy,Best,950
set_66_1_065.txt,marginal_greedy,Worst,175
set_66_1_065.txt,marginal_greedy,Average,482.709
set_66_1_065.txt,marginal_greedy,RouteDiversity,0.9773624479725211
set_66_1_065.txt,marginal_greedy,LocalRouteDiversity,0.8048148347331736
set_66_1_065.txt,marginal_lazy,Median,550
set_66_1_065.txt,marginal_lazy,Q1,550
set_66_1_065.txt,marginal_lazy,Q3,550
set_66_1_065.txt,marginal_lazy,Best,550
set_66_1_065.txt,marginal_lazy,Worst,550
set_66_1_065.txt,marginal_lazy,Average,550
set_66_1_065.txt,marginal_lazy,RouteDiversity,0.4837474808150571
set_66_1_065.txt,marginal_lazy,LocalRouteDiversity,0
set_66_1_065.txt,marginal_smart,Median,900
set_66_1_065.txt,marginal_smart,Q1,900
set_66_1_065.txt,marginal_smart,Q3,900
set_66_1_065.txt,marginal_smart,Best,900
set_66_1_065.txt,marginal_smart,Worst,900
set_66_1_065.txt,marginal_smart,Average,900
set_66_1_065.txt,marginal_smart,RouteDiversity,0.742244557057057
set_66_1_065.txt,marginal_smart,LocalRouteDiversity,0
set_66_1_065.txt,marginal_wise,Median,900
set_66_1_065.txt,marginal_wise,Q1,900
set_66_1_065.txt,marginal_wise,Q3,900
set_66_1_065.txt,marginal_wise,Best,900
set_66_1_065.txt,marginal_wise,Worst,900
set_66_1_065.txt,marginal_wise,Average,900
set_66_1_065.txt,marginal_wise,RouteDiversity,0.5004984984984985
set_66_1_065.txt,marginal_wise,LocalRouteDiversity,0
set_66_1_065.txt,marginal_envy,Median,900
set_66_1_065.txt,marginal_envy,Q1,900
set_66_1_065.txt,marginal_envy,Q3,900
set_66_1_065.txt,marginal_envy,Best,900
set_66_1_065.txt,marginal_envy,Worst,900
set_66_1_065.txt,marginal_envy,Average,900
set_66_1_065.txt,marginal_envy,RouteDiversity,0.7426617867867867
set_66_1_065.txt,marginal_envy,LocalRouteDiversity,0
set_66_1_065.txt,total_greedy,Median,480
set_66_1_065.txt,total_greedy,Q1,415
set_66_1_065.txt,total_greedy,Q3,555
set_66_1_065.txt,total_greedy,Best,925
set_66_1_065.txt,total_greedy,Worst,190
set_66_1_065.txt,total_greedy,Average,486.69
set_66_1_065.txt,total_greedy,RouteDiversity,0.975714623001515
set_66_1_065.txt,total_greedy,LocalRouteDiversity,0.7983723181761431
set_66_1_065.txt,total_lazy,Median,615
set_66_1_065.txt,total_lazy,Q1,615
set_66_1_065.txt,total_lazy,Q3,615
set_66_1_065.txt,total_lazy,Best,615
set_66_1_065.txt,total_lazy,Worst,615
set_66_1_065.txt,total_lazy,Average,615
set_66_1_065.txt,total_lazy,RouteDiversity,0.4995315315315315
set_66_1_065.txt,total_lazy,LocalRouteDiversity,0
set_66_1_065.txt,total_smart,Median,910
set_66_1_065.txt,total_smart,Q1,900
set_66_1_065.txt,total_smart,Q3,910
set_66_1_065.txt,total_smart,Best,910
set_66_1_065.txt,total_smart,Worst,900
set_66_1_065.txt,total_smart,Average,905.154
set_66_1_065.txt,total_smart,RouteDiversity,0.7340127869809374
set_66_1_065.txt,total_smart,LocalRouteDiversity,0
set_66_1_065.txt,total_wise,Median,900
set_66_1_065.txt,total_wise,Q1,900
set_66_1_065.txt,total_wise,Q3,900
set_66_1_065.txt,total_wise,Best,900
set_66_1_065.txt,total_wise,Worst,900
set_66_1_065.txt,total_wise,Average,900
set_66_1_065.txt,total_wise,RouteDiversity,0.5004284284284284
set_66_1_065.txt,total_wise,LocalRouteDiversity,0
set_66_1_065.txt,total_envy,Median,900
set_66_1_065.txt,total_envy,Q1,900
set_66_1_065.txt,total_envy,Q3,900
set_66_1_065.txt,total_envy,Best,900
set_66_1_065.txt,total_envy,Worst,900
set_66_1_065.txt,total_envy,Average,900
set_66_1_065.txt,total_envy,RouteDiversity,0.7340154347900363
set_66_1_065.txt,total_envy,LocalRouteDiversity,0
set_66_1_065.txt,selected_random,Median,900
set_66_1_065.txt,selected_random,Q1,900
set_66_1_065.txt,selected_random,Q3,900
set_66_1_065.txt,selected_random,Best,910
set_66_1_065.txt,selected_random,Worst,880
set_66_1_065.txt,selected_random,Average,899.764
set_66_1_065.txt,selected_random,RouteDiversity,0.7964824785447153
set_66_1_065.txt,selected_random,LocalRouteDiversity,0.00685084478347636
set_66_1_065.txt,selected_random_random_tie,Median,900
set_66_1_065.txt,selected_random_random_tie,Q1,900
set_66_1_065.txt,selected_random_random_tie,Q3,900
set_66_1_065.txt,selected_random_random_tie,Best,910
set_66_1_065.txt,selected_random_random_tie,Worst,880
set_66_1_065.txt,selected_random_random_tie,Average,900.348
set_66_1_065.txt,selected_random_random_tie,RouteDiversity,0.8087864716806503
set_66_1_065.txt,selected_random_random_tie,LocalRouteDiversity,0.011600077761464146
set_66_1_065.txt,selected_random_tie_marginal_envy,Median,900
set_66_1_065.txt,selected_random_tie_marginal_envy,Q1,900
set_66_1_065.txt,selected_random_tie_marginal_envy,Q3,900
set_66_1_065.txt,selected_random_tie_marginal_envy,Best,910
set_66_1_065.txt,selected_random_tie_marginal_envy,Worst,880
set_66_1_065.txt,selected_random_tie_marginal_envy,Average,900.27
set_66_1_065.txt,selected_random_tie_marginal_envy,RouteDiversity,0.807209684564028
set_66_1_065.txt,selected_random_tie_marginal_envy,LocalRouteDiversity,0.010253071712545395
set_66_1_065.txt,selected_random_tie_total_envy,Median,900
set_66_1_065.txt,selected_random_tie_total_envy,Q1,900
set_66_1_065.txt,selected_random_tie_total_envy,Q3,900
set_66_1_065.txt,selected_random_tie_total_envy,Best,910
set_66_1_065.txt,selected_random_tie_total_envy,Worst,880
set_66_1_065.txt,selected_random_tie_total_envy,Average,900.284
set_66_1_065.txt,selected_random_tie_total_envy,RouteDiversity,0.806435571175551
set_66_1_065.txt,selected_random_tie_total_envy,LocalRouteDiversity,0.011302525961473322
set_66_1_065.txt,selected_random_tie_marginal_wise,Median,900
set_66_1_065.txt,selected_random_tie_marginal_wise,Q1,900
set_66_1_065.txt,selected_random_tie_marginal_wise,Q3,900
set_66_1_065.txt,selected_random_tie_marginal_wise,Best,910
set_66_1_065.txt,selected_random_tie_marginal_wise,Worst,880
set_66_1_065.txt,selected_random_tie_marginal_wise,Average,900.252
set_66_1_065.txt,selected_random_tie_marginal_wise,RouteDiversity,0.8060787432703614
set_66_1_065.txt,selected_random_tie_marginal_wise,LocalRouteDiversity,0.012609503280029589
set_66_1_045.txt,marginal_greedy,Median,360
set_66_1_045.txt,marginal_greedy,Q1,310
set_66_1_045.txt,marginal_greedy,Q3,415
set_66_1_045.txt,marginal_greedy,Best,650
set_66_1_045.txt,marginal_greedy,Worst,130
set_66_1_045.txt,marginal_greedy,Average,363.296
set_66_1_045.txt,marginal_greedy,RouteDiversity,0.9785060279742223
set_66_1_045.txt,marginal_greedy,LocalRouteDiversity,0.7514730643713761
set_66_1_045.txt,marginal_lazy,Median,345
set_66_1_045.txt,marginal_lazy,Q1,345
set_66_1_045.txt,marginal_lazy,Q3,345
set_66_1_045.txt,marginal_lazy,Best,345
set_66_1_045.txt,marginal_lazy,Worst,345
set_66_1_045.txt,marginal_lazy,Average,345
set_66_1_045.txt,marginal_lazy,RouteDiversity,0.5003383383383383
set_66_1_045.txt,marginal_lazy,LocalRouteDiversity,0
set_66_1_045.txt,marginal_smart,Median,590
set_66_1_045.txt,marginal_smart,Q1,590
set_66_1_045.txt,marginal_smart,Q3,590
set_66_1_045.txt,marginal_smart,Best,590
set_66_1_045.txt,marginal_smart,Worst,590
set_66_1_045.txt,marginal_smart,Average,590
set_66_1_045.txt,marginal_smart,RouteDiversity,0.7494634634634635
set_66_1_045.txt,marginal_smart,LocalRouteDiversity,0
set_66_1_045.txt,marginal_wise,Median,590
set_66_1_045.txt,marginal_wise,Q1,590
set_66_1_045.txt,marginal_wise,Q3,590
set_66_1_045.txt,marginal_wise,Best,590
set_66_1_045.txt,marginal_wise,Worst,590
set_66_1_045.txt,marginal_wise,Average,590
set_66_1_045.txt,marginal_wise,RouteDiversity,0.5002582582582582
set_66_1_045.txt,marginal_wise,LocalRouteDiversity,0
set_66_1_045.txt,marginal_envy,Median,590
set_66_1_045.txt,marginal_envy,Q1,590
set_66_1_045.txt,marginal_envy,Q3,590
set_66_1_045.txt,marginal_envy,Best,590
set_66_1_045.txt,marginal_envy,Worst,590
set_66_1_045.txt,marginal_envy,Average,590
set_66_1_045.txt,marginal_envy,RouteDiversity,0.7503883883883884
set_66_1_045.txt,marginal_envy,LocalRouteDiversity,0
set_66_1_045.txt,total_greedy,Median,360
set_66_1_045.txt,total_greedy,Q1,310
set_66_1_045.txt,total_greedy,Q3,410
set_66_1_045.txt,total_greedy,Best,645
set_66_1_045.txt,total_greedy,Worst,120
set_66_1_045.txt,total_greedy,Average,360.717
set_66_1_045.txt,total_greedy,RouteDiversity,0.9780483141993702
set_66_1_045.txt,total_greedy,LocalRouteDiversity,0.745217437796948
set_66_1_045.txt,total_lazy,Median,415
set_66_1_045.txt,total_lazy,Q1,415
set_66_1_045.txt,total_lazy,Q3,415
set_66_1_045.txt,total_lazy,Best,415
set_66_1_045.txt,total_lazy,Worst,415
set_66_1_045.txt,total_lazy,Average,415
set_66_1_045.txt,total_lazy,RouteDiversity,0.5407767767759841
set_66_1_045.txt,total_lazy,LocalRouteDiversity,0
set_66_1_045.txt,total_smart,Median,600
set_66_1_045.txt,total_smart,Q1,590
set_66_1_045.txt,total_smart,Q3,600
set_66_1_045.txt,total_smart,Best,600
set_66_1_045.txt,total_smart,Worst,590
set_66_1_045.txt,total_smart,Average,595.168
set_66_1_045.txt,total_smart,RouteDiversity,0.7485925925925926
set_66_1_045.txt,total_smart,LocalRouteDiversity,0
set_66_1_045.txt,total_wise,Median,590
set_66_1_045.txt,total_wise,Q1,590
set_66_1_045.txt,total_wise,Q3,590
set_66_1_045.txt,total_wise,Best,590
set_66_1_045.txt,total_wise,Worst,590
set_66_1_045.txt,total_wise,Average,590
set_66_1_045.txt,total_wise,RouteDiversity,0.5004984984984985
set_66_1_045.txt,total_wise,LocalRouteDiversity,0
set_66_1_045.txt,total_envy,Median,570
set_66_1_045.txt,total_envy,Q1,570
set_66_1_045.txt,total_envy,Q3,570
set_66_1_045.txt,total_envy,Best,570
set_66_1_045.txt,total_envy,Worst,570
set_66_1_045.txt,total_envy,Average,570
set_66_1_045.txt,total_envy,RouteDiversity,0.7501301301301301
set_66_1_045.txt,total_envy,LocalRouteDiversity,0
set_66_1_045.txt,selected_random,Median,590
set_66_1_045.txt,selected_random,Q1,590
set_66_1_045.txt,selected_random,Q3,590
set_66_1_045.txt,selected_random,Best,600
set_66_1_045.txt,selected_random,Worst,570
set_66_1_045.txt,selected_random,Average,589.69
set_66_1_045.txt,selected_random,RouteDiversity,0.8491880814316769
set_66_1_045.txt,selected_random,LocalRouteDiversity,0.00955241418606936
set_66_1_045.txt,selected_random_random_tie,Median,600
set_66_1_045.txt,selected_random_random_tie,Q1,590
set_66_1_045.txt,selected_random_random_tie,Q3,600
set_66_1_045.txt,selected_random_random_tie,Best,600
set_66_1_045.txt,selected_random_random_tie,Worst,570
set_66_1_045.txt,selected_random_random_tie,Average,596.362
set_66_1_045.txt,selected_random_random_tie,RouteDiversity,0.8514272690128962
set_66_1_045.txt,selected_random_random_tie,LocalRouteDiversity,0.014265894095687189
set_66_1_045.txt,selected_random_tie_marginal_envy,Median,600
set_66_1_045.txt,selected_random_tie_marginal_envy,Q1,590
set_66_1_045.txt,selected_random_tie_marginal_envy,Q3,600
set_66_1_045.txt,selected_random_tie_marginal_envy,Best,600
set_66_1_045.txt,selected_random_tie_marginal_envy,Worst,570
set_66_1_045.txt,selected_random_tie_marginal_envy,Average,596.399
set_66_1_045.txt,selected_random_tie_marginal_envy,RouteDiversity,0.8518409105051872
set_66_1_045.txt,selected_random_tie_marginal_envy,LocalRouteDiversity,0.011113182715113742
set_66_1_045.txt,selected_random_tie_total_envy,Median,600
set_66_1_045.txt,selected_random_tie_total_envy,Q1,590
set_66_1_045.txt,selected_random_tie_total_envy,Q3,600
set_66_1_045.txt,selected_random_tie_total_envy,Best,600
set_66_1_045.txt,selected_random_tie_total_envy,Worst,570
set_66_1_045.txt,selected_random_tie_total_envy,Average,596.286
set_66_1_045.txt,selected_random_tie_total_envy,RouteDiversity,0.8547115478451133
set_66_1_045.txt,selected_random_tie_total_envy,LocalRouteDiversity,0.012299806997600096
set_66_1_045.txt,selected_random_tie_marginal_wise,Median,600
set_66_1_045.txt,selected_random_tie_marginal_wise,Q1,590
set_66_1_045.txt,selected_random_tie_marginal_wise,Q3,600
set_66_1_045.txt,selected_random_tie_marginal_wise,Best,600
set_66_1_045.txt,selected_random_tie_marginal_wise,Worst,570
set_66_1_045.txt,selected_random_tie_marginal_wise,Average,596.422
set_66_1_045.txt,selected_random_tie_marginal_wise,RouteDiversity,0.8535979117034603
set_66_1_045.txt,selected_random_tie_marginal_wise,LocalRouteDiversity,0.011872927904789972
tsiligirides_problem_3_budget_090.txt,marginal_greedy,Median,480
tsiligirides_problem_3_budget_090.txt,marginal_greedy,Q1,440
tsiligirides_problem_3_budget_090.txt,marginal_greedy,Q3,510
tsiligirides_problem_3_budget_090.txt,marginal_greedy,Best,660
tsiligirides_problem_3_budget_090.txt,marginal_greedy,Worst,320
tsiligirides_problem_3_budget_090.txt,marginal_greedy,Average,473.304
tsiligirides_problem_3_budget_090.txt,marginal_greedy,RouteDiversity,0.9064238950191111
tsiligirides_problem_3_budget_090.txt,marginal_greedy,LocalRouteDiversity,0.16666781284766288
tsiligirides_problem_3_budget_090.txt,marginal_lazy,Median,710
tsiligirides_problem_3_budget_090.txt,marginal_lazy,Q1,710
tsiligirides_problem_3_budget_090.txt,marginal_lazy,Q3,710
tsiligirides_problem_3_budget_090.txt,marginal_lazy,Best,710
tsiligirides_problem_3_budget_090.txt,marginal_lazy,Worst,710
tsiligirides_problem_3_budget_090.txt,marginal_lazy,Average,710
tsiligirides_problem_3_budget_090.txt,marginal_lazy,RouteDiversity,0
tsiligirides_problem_3_budget_090.txt,marginal_lazy,LocalRouteDiversity,0
tsiligirides_problem_3_budget_090.txt,marginal_smart,Median,710
tsiligirides_problem_3_budget_090.txt,marginal_smart,Q1,710
tsiligirides_problem_3_budget_090.txt,marginal_smart,Q3,710
tsiligirides_problem_3_budget_090.txt,marginal_smart,Best,710
tsiligirides_problem_3_budget_090.txt,marginal_smart,Worst,710
tsiligirides_problem_3_budget_090.txt,marginal_smart,Average,710
tsiligirides_problem_3_budget_090.txt,marginal_smart,RouteDiversity,0
tsiligirides_problem_3_budget_090.txt,marginal_smart,LocalRouteDiversity,0
tsiligirides_problem_3_budget_090.txt,marginal_wise,Median,720
tsiligirides_problem_3_budget_090.txt,marginal_wise,Q1,720
tsiligirides_problem_3_budget_090.txt,marginal_wise,Q3,720
tsiligirides_problem_3_budget_090.txt,marginal_wise,Best,720
tsiligirides_problem_3_budget_090.txt,marginal_wise,Worst,720
tsiligirides_problem_3_budget_090.txt,marginal_wise,Average,720
tsiligirides_problem_3_budget_090.txt,marginal_wise,RouteDiversity,0
tsiligirides_problem_3_budget_090.txt,marginal_wise,LocalRouteDiversity,0
tsiligirides_problem_3_budget_090.txt,marginal_envy,Median,700
tsiligirides_problem_3_budget_090.txt,marginal_envy,Q1,700
tsiligirides_problem_3_budget_090.txt,marginal_envy,Q3,700
tsiligirides_problem_3_budget_090.txt,marginal_envy,Best,700
tsiligirides_problem_3_budget_090.txt,marginal_envy,Worst,700
tsiligirides_problem_3_budget_090.txt,marginal_envy,Average,700
tsiligirides_problem_3_budget_090.txt,marginal_envy,RouteDiversity,0
tsiligirides_problem_3_budget_090.txt,marginal_envy,LocalRouteDiversity,0
tsiligirides_problem_3_budget_090.txt,total_greedy,Median,480
tsiligirides_problem_3_budget_090.txt,total_greedy,Q1,440
tsiligirides_problem_3_budget_090.txt,total_greedy,Q3,510
tsiligirides_problem_3_budget_090.txt,total_greedy,Best,640
tsiligirides_problem_3_budget_090.txt,total_greedy,Worst,320
tsiligirides_problem_3_budget_090.txt,total_greedy,Average,473.298
tsiligirides_problem_3_budget_090.txt,total_greedy,RouteDiversity,0.905535656187967
tsiligirides_problem_3_budget_090.txt,total_greedy,LocalRouteDiversity,0.15365400051302702
tsiligirides_problem_3_budget_090.txt,total_lazy,Median,710
tsiligirides_problem_3_budget_090.txt,total_lazy,Q1,710
tsiligirides_problem_3_budget_090.txt,total_lazy,Q3,710
tsiligirides_problem_3_budget_090.txt,total_lazy,Best,710
tsiligirides_problem_3_budget_090.txt,total_lazy,Worst,710
tsiligirides_problem_3_budget_090.txt,total_lazy,Average,710
tsiligirides_problem_3_budget_090.txt,total_lazy,RouteDiversity,0
tsiligirides_problem_3_budget_090.txt,total_lazy,LocalRouteDiversity,0
tsiligirides_problem_3_budget_090.txt,total_smart,Median,680
tsiligirides_problem_3_budget_090.txt,total_smart,Q1,680
tsiligirides_problem_3_budget_090.txt,total_smart,Q3,680
tsiligirides_problem_3_budget_090.txt,total_smart,Best,680
tsiligirides_problem_3_budget_090.txt,total_smart,Worst,680
tsiligirides_problem_3_budget_090.txt,total_smart,Average,680
tsiligirides_problem_3_budget_090.txt,total_smart,RouteDiversity,0
tsiligirides_problem_3_budget_090.txt,total_smart,LocalRouteDiversity,0
tsiligirides_problem_3_budget_090.txt,total_wise,Median,640
tsiligirides_problem_3_budget_090.txt,total_wise,Q1,640
tsiligirides_problem_3_budget_090.txt,total_wise,Q3,640
tsiligirides_problem_3_budget_090.txt,total_wise,Best,640
tsiligirides_problem_3_budget_090.txt,total_wise,Worst,640
tsiligirides_problem_3_budget_090.txt,total_wise,Average,640
tsiligirides_problem_3_budget_090.txt,total_wise,RouteDiversity,0
tsiligirides_problem_3_budget_090.txt,total_wise,LocalRouteDiversity,0
tsiligirides_problem_3_budget_090.txt,total_envy,Median,710
tsiligirides_problem_3_budget_090.txt,total_envy,Q1,710
tsiligirides_problem_3_budget_090.txt,total_envy,Q3,710
tsiligirides_problem_3_budget_090.txt,total_envy,Best,710
tsiligirides_problem_3_budget_090.txt,total_envy,Worst,710
tsiligirides_problem_3_budget_090.txt,total_envy,Average,710
tsiligirides_problem_3_budget_090.txt,total_envy,RouteDiversity,0
tsiligirides_problem_3_budget_090.txt,total_envy,LocalRouteDiversity,0
tsiligirides_problem_3_budget_090.txt,selected_random,Median,700
tsiligirides_problem_3_budget_090.txt,selected_random,Q1,680
tsiligirides_problem_3_budget_090.txt,selected_random,Q3,710
tsiligirides_problem_3_budget_090.txt,selected_random,Best,720
tsiligirides_problem_3_budget_090.txt,selected_random,Worst,650
tsiligirides_problem_3_budget_090.txt,selected_random,Average,696.872
tsiligirides_problem_3_budget_090.txt,selected_random,RouteDiversity,0.690309500078458
tsiligirides_problem_3_budget_090.txt,selected_random,LocalRouteDiversity,0.03211049204484452
tsiligirides_problem_3_budget_090.txt,selected_random_random_tie,Median,700
tsiligirides_problem_3_budget_090.txt,selected_random_random_tie,Q1,680
tsiligirides_problem_3_budget_090.txt,selected_random_random_tie,Q3,710
tsiligirides_problem_3_budget_090.txt,selected_random_random_tie,Best,720
tsiligirides_problem_3_budget_090.txt,selected_random_random_tie,Worst,650
tsiligirides_problem_3_budget_090.txt,selected_random_random_tie,Average,696.726
tsiligirides_problem_3_budget_090.txt,selected_random_random_tie,RouteDiversity,0.699078159378993
tsiligirides_problem_3_budget_090.txt,selected_random_random_tie,LocalRouteDiversity,0.03181302514286635
tsiligirides_problem_3_budget_090.txt,selected_random_tie_marginal_envy,Median,700
tsiligirides_problem_3_budget_090.txt,selected_random_tie_marginal_envy,Q1,680
tsiligirides_problem_3_budget_090.txt,selected_random_tie_marginal_envy,Q3,710
tsiligirides_problem_3_budget_090.txt,selected_random_tie_marginal_envy,Best,720
tsiligirides_problem_3_budget_090.txt,selected_random_tie_marginal_envy,Worst,650
tsiligirides_problem_3_budget_090.txt,selected_random_tie_marginal_envy,Average,697.328
tsiligirides_problem_3_budget_090.txt,selected_random_tie_marginal_envy,RouteDiversity,0.6910868384921034
tsiligirides_problem_3_budget_090.txt,selected_random_tie_marginal_envy,LocalRouteDiversity,0.03426394262753547
tsiligirides_problem_3_budget_090.txt,selected_random_tie_total_envy,Median,700
tsiligirides_problem_3_budget_090.txt,selected_random_tie_total_envy,Q1,680
tsiligirides_problem_3_budget_090.txt,selected_random_tie_total_envy,Q3,710
tsiligirides_problem_3_budget_090.txt,selected_random_tie_total_envy,Best,730
tsiligirides_problem_3_budget_090.txt,selected_random_tie_total_envy,Worst,650
tsiligirides_problem_3_budget_090.txt,selected_random_tie_total_envy,Average,697.618
tsiligirides_problem_3_budget_090.txt,selected_random_tie_total_envy,RouteDiversity,0.6928954966882794
tsiligirides_problem_3_budget_090.txt,selected_random_tie_total_envy,LocalRouteDiversity,0.03721999865927091
tsiligirides_problem_3_budget_090.txt,selected_random_tie_marginal_wise,Median,700
tsiligirides_problem_3_budget_090.txt,selected_random_tie_marginal_wise,Q1,680
tsiligirides_problem_3_budget_090.txt,selected_random_tie_marginal_wise,Q3,710
tsiligirides_problem_3_budget_090.txt,selected_random_tie_marginal_wise,Best,730
tsiligirides_problem_3_budget_090.txt,selected_random_tie_marginal_wise,Worst,650
tsiligirides_problem_3_budget_090.txt,selected_random_tie_marginal_wise,Average,696.96
tsiligirides_problem_3_budget_090.txt,selected_random_tie_marginal_wise,RouteDiversity,0.6920336173102207
tsiligirides_problem_3_budget_090.txt,selected_random_tie_marginal_wise,LocalRouteDiversity,0.030578714748580576
set_64_1_40.txt,marginal_greedy,Median,552
set_64_1_40.txt,marginal_greedy,Q1,516
set_64_1_40.txt,marginal_greedy,Q3,564
set_64_1_40.txt,marginal_greedy,Best,618
set_64_1_40.txt,marginal_greedy,Worst,408
set_64_1_40.txt,marginal_greedy,Average,538.8864
set_64_1_40.txt,marginal_greedy,RouteDiversity,0.8189424133604726
set_64_1_40.txt,marginal_greedy,LocalRouteDiversity,0.07580581069783904
set_64_1_40.txt,marginal_lazy,Median,426
set_64_1_40.txt,marginal_lazy,Q1,426
set_64_1_40.txt,marginal_lazy,Q3,492
set_64_1_40.txt,marginal_lazy,Best,492
set_64_1_40.txt,marginal_lazy,Worst,426
set_64_1_40.txt,marginal_lazy,Average,458.6832
set_64_1_40.txt,marginal_lazy,RouteDiversity,0.6634704840230333
set_64_1_40.txt,marginal_lazy,LocalRouteDiversity,0.00540098522167488
set_64_1_40.txt,marginal_smart,Median,570
set_64_1_40.txt,marginal_smart,Q1,570
set_64_1_40.txt,marginal_smart,Q3,582
set_64_1_40.txt,marginal_smart,Best,582
set_64_1_40.txt,marginal_smart,Worst,570
set_64_1_40.txt,marginal_smart,Average,575.9832
set_64_1_40.txt,marginal_smart,RouteDiversity,0.6609160549778227
set_64_1_40.txt,marginal_smart,LocalRouteDiversity,0
set_64_1_40.txt,marginal_wise,Median,558
set_64_1_40.txt,marginal_wise,Q1,558
set_64_1_40.txt,marginal_wise,Q3,564
set_64_1_40.txt,marginal_wise,Best,564
set_64_1_40.txt,marginal_wise,Worst,558
set_64_1_40.txt,marginal_wise,Average,560.9868
set_64_1_40.txt,marginal_wise,RouteDiversity,0.6643676470541167
set_64_1_40.txt,marginal_wise,LocalRouteDiversity,0.005572413793103457
set_64_1_40.txt,marginal_envy,Median,570
set_64_1_40.txt,marginal_envy,Q1,552
set_64_1_40.txt,marginal_envy,Q3,576
set_64_1_40.txt,marginal_envy,Best,576
set_64_1_40.txt,marginal_envy,Worst,552
set_64_1_40.txt,marginal_envy,Average,568.2528
set_64_1_40.txt,marginal_envy,RouteDiversity,0.6117758703234848
set_64_1_40.txt,marginal_envy,LocalRouteDiversity,0
set_64_1_40.txt,total_greedy,Median,552
set_64_1_40.txt,total_greedy,Q1,516
set_64_1_40.txt,total_greedy,Q3,564
set_64_1_40.txt,total_greedy,Best,618
set_64_1_40.txt,total_greedy,Worst,408
set_64_1_40.txt,total_greedy,Average,538.1448
set_64_1_40.txt,total_greedy,RouteDiversity,0.8175551564429544
set_64_1_40.txt,total_greedy,LocalRouteDiversity,0.08017642161761043
set_64_1_40.txt,total_lazy,Median,396
set_64_1_40.txt,total_lazy,Q1,384
set_64_1_40.txt,total_lazy,Q3,414
set_64_1_40.txt,total_lazy,Best,420
set_64_1_40.txt,total_lazy,Worst,366
set_64_1_40.txt,total_lazy,Average,398.2884
set_64_1_40.txt,total_lazy,RouteDiversity,0.7660676936973282
set_64_1_40.txt,total_lazy,LocalRouteDiversity,0.01934928050567642
set_64_1_40.txt,total_smart,Median,630
set_64_1_40.txt,total_smart,Q1,630
set_64_1_40.txt,total_smart,Q3,630
set_64_1_40.txt,total_smart,Best,630
set_64_1_40.txt,total_smart,Worst,630
set_64_1_40.txt,total_smart,Average,630
set_64_1_40.txt,total_smart,RouteDiversity,0.49977777777777777
set_64_1_40.txt,total_smart,LocalRouteDiversity,0
set_64_1_40.txt,total_wise,Median,588
set_64_1_40.txt,total_wise,Q1,582
set_64_1_40.txt,total_wise,Q3,588
set_64_1_40.txt,total_wise,Best,594
set_64_1_40.txt,total_wise,Worst,576
set_64_1_40.txt,total_wise,Average,584.9664
set_64_1_40.txt,total_wise,RouteDiversity,0.6336936850549771
set_64_1_40.txt,total_wise,LocalRouteDiversity,0
set_64_1_40.txt,total_envy,Median,618
set_64_1_40.txt,total_envy,Q1,600
set_64_1_40.txt,total_envy,Q3,624
set_64_1_40.txt,total_envy,Best,624
set_64_1_40.txt,total_envy,Worst,582
set_64_1_40.txt,total_envy,Average,606.4932
set_64_1_40.txt,total_envy,RouteDiversity,0.7157908842757242
set_64_1_40.txt,total_envy,LocalRouteDiversity,0
set_64_1_40.txt,selected_random,Median,606
set_64_1_40.txt,selected_random,Q1,588
set_64_1_40.txt,selected_random,Q3,630
set_64_1_40.txt,selected_random,Best,660
set_64_1_40.txt,selected_random,Worst,534
set_64_1_40.txt,selected_random,Average,603.8232
set_64_1_40.txt,selected_random,RouteDiversity,0.8304641733971763
set_64_1_40.txt,selected_random,LocalRouteDiversity,0.1537154860764178
set_64_1_40.txt,selected_random_random_tie,Median,588
set_64_1_40.txt,selected_random_random_tie,Q1,570
set_64_1_40.txt,selected_random_random_tie,Q3,606
set_64_1_40.txt,selected_random_random_tie,Best,660
set_64_1_40.txt,selected_random_random_tie,Worst,528
set_64_1_40.txt,selected_random_random_tie,Average,588.252
set_64_1_40.txt,selected_random_random_tie,RouteDiversity,0.8906281898166796
set_64_1_40.txt,selected_random_random_tie,LocalRouteDiversity,0.443471404405715
set_64_1_40.txt,selected_random_tie_marginal_envy,Median,588
set_64_1_40.txt,selected_random_tie_marginal_envy,Q1,570
set_64_1_40.txt,selected_random_tie_marginal_envy,Q3,606
set_64_1_40.txt,selected_random_tie_marginal_envy,Best,660
set_64_1_40.txt,selected_random_tie_marginal_envy,Worst,528
set_64_1_40.txt,selected_random_tie_marginal_envy,Average,588.2484
set_64_1_40.txt,selected_random_tie_marginal_envy,RouteDiversity,0.89052884758878
set_64_1_40.txt,selected_random_tie_marginal_envy,LocalRouteDiversity,0.4452178895285424
set_64_1_40.txt,selected_random_tie_total_envy,Median,594
set_64_1_40.txt,selected_random_tie_total_envy,Q1,576
set_64_1_40.txt,selected_random_tie_total_envy,Q3,606
set_64_1_40.txt,selected_random_tie_total_envy,Best,660
set_64_1_40.txt,selected_random_tie_total_envy,Worst,534
set_64_1_40.txt,selected_random_tie_total_envy,Average,590.1144
set_64_1_40.txt,selected_random_tie_total_envy,RouteDiversity,0.8820652313654969
set_64_1_40.txt,selected_random_tie_total_envy,LocalRouteDiversity,0.39562611222020816
set_64_1_40.txt,selected_random_tie_marginal_wise,Median,588
set_64_1_40.txt,selected_random_tie_marginal_wise,Q1,570
set_64_1_40.txt,selected_random_tie_marginal_wise,Q3,606
set_64_1_40.txt,selected_random_tie_marginal_wise,Best,654
set_64_1_40.txt,selected_random_tie_marginal_wise,Worst,528
set_64_1_40.txt,selected_random_tie_marginal_wise,Average,587.8536
set_64_1_40.txt,selected_random_tie_marginal_wise,RouteDiversity,0.8888498303438326
set_64_1_40.txt,selected_random_tie_marginal_wise,LocalRouteDiversity,0.43848705354443107
set_64_1_35.txt,marginal_greedy,Median,480
set_64_1_35.txt,marginal_greedy,Q1,378
set_64_1_35.txt,marginal_greedy,Q3,552
set_64_1_35.txt,marginal_greedy,Best,552
set_64_1_35.txt,marginal_greedy,Worst,306
set_64_1_35.txt,marginal_greedy,Average,445.4556
set_64_1_35.txt,marginal_greedy,RouteDiversity,0.7489160843111136
set_64_1_35.txt,marginal_greedy,LocalRouteDiversity,0.005148287220026347
set_64_1_35.txt,marginal_lazy,Median,294
set_64_1_35.txt,marginal_lazy,Q1,294
set_64_1_35.txt,marginal_lazy,Q3,342
set_64_1_35.txt,marginal_lazy,Best,342
set_64_1_35.txt,marginal_lazy,Worst,294
set_64_1_35.txt,marginal_lazy,Average,317.9232
set_64_1_35.txt,marginal_lazy,RouteDiversity,0.6781629535183467
set_64_1_35.txt,marginal_lazy,LocalRouteDiversity,0.005744
set_64_1_35.txt,marginal_smart,Median,486
set_64_1_35.txt,marginal_smart,Q1,486
set_64_1_35.txt,marginal_smart,Q3,492
set_64_1_35.txt,marginal_smart,Best,492
set_64_1_35.txt,marginal_smart,Worst,486
set_64_1_35.txt,marginal_smart,Average,488.9388
set_64_1_35.txt,marginal_smart,RouteDiversity,0.6402895899244079
set_64_1_35.txt,marginal_smart,LocalRouteDiversity,0
set_64_1_35.txt,marginal_wise,Median,426
set_64_1_35.txt,marginal_wise,Q1,426
set_64_1_35.txt,marginal_wise,Q3,456
set_64_1_35.txt,marginal_wise,Best,456
set_64_1_35.txt,marginal_wise,Worst,426
set_64_1_35.txt,marginal_wise,Average,440.724
set_64_1_35.txt,marginal_wise,RouteDiversity,0.6730564744285825
set_64_1_35.txt,marginal_wise,LocalRouteDiversity,0.0048935384615384605
set_64_1_35.txt,marginal_envy,Median,510
set_64_1_35.txt,marginal_envy,Q1,486
set_64_1_35.txt,marginal_envy,Q3,510
set_64_1_35.txt,marginal_envy,Best,510
set_64_1_35.txt,marginal_envy,Worst,486
set_64_1_35.txt,marginal_envy,Average,498.1824
set_64_1_35.txt,marginal_envy,RouteDiversity,0.5584409719102315
set_64_1_35.txt,marginal_envy,LocalRouteDiversity,0
set_64_1_35.txt,total_greedy,Median,480
set_64_1_35.txt,total_greedy,Q1,378
set_64_1_35.txt,total_greedy,Q3,552
set_64_1_35.txt,total_greedy,Best,552
set_64_1_35.txt,total_greedy,Worst,306
set_64_1_35.txt,total_greedy,Average,445.1412
set_64_1_35.txt,total_greedy,RouteDiversity,0.7488938634893292
set_64_1_35.txt,total_greedy,LocalRouteDiversity,0.004937549407114624
set_64_1_35.txt,total_lazy,Median,342
set_64_1_35.txt,total_lazy,Q1,342
set_64_1_35.txt,total_lazy,Q3,348
set_64_1_35.txt,total_lazy,Best,348
set_64_1_35.txt,total_lazy,Worst,330
set_64_1_35.txt,total_lazy,Average,340.6212
set_64_1_35.txt,total_lazy,RouteDiversity,0.7201387435482837
set_64_1_35.txt,total_lazy,LocalRouteDiversity,0.005326666666666667
set_64_1_35.txt,total_smart,Median,546
set_64_1_35.txt,total_smart,Q1,546
set_64_1_35.txt,total_smart,Q3,546
set_64_1_35.txt,total_smart,Best,546
set_64_1_35.txt,total_smart,Worst,546
set_64_1_35.txt,total_smart,Average,546
set_64_1_35.txt,total_smart,RouteDiversity,0.5004824824824825
set_64_1_35.txt,total_smart,LocalRouteDiversity,0
set_64_1_35.txt,total_wise,Median,510
set_64_1_35.txt,total_wise,Q1,504
set_64_1_35.txt,total_wise,Q3,510
set_64_1_35.txt,total_wise,Best,516
set_64_1_35.txt,total_wise,Worst,504
set_64_1_35.txt,total_wise,Average,509.9772
set_64_1_35.txt,total_wise,RouteDiversity,0.6016073461019682
set_64_1_35.txt,total_wise,LocalRouteDiversity,0
set_64_1_35.txt,total_envy,Median,546
set_64_1_35.txt,total_envy,Q1,534
set_64_1_35.txt,total_envy,Q3,546
set_64_1_35.txt,total_envy,Best,546
set_64_1_35.txt,total_envy,Worst,534
set_64_1_35.txt,total_envy,Average,540.1008
set_64_1_35.txt,total_envy,RouteDiversity,0.681321105230326
set_64_1_35.txt,total_envy,LocalRouteDiversity,0
set_64_1_35.txt,selected_random,Median,522
set_64_1_35.txt,selected_random,Q1,510
set_64_1_35.txt,selected_random,Q3,546
set_64_1_35.txt,selected_random,Best,546
set_64_1_35.txt,selected_random,Worst,390
set_64_1_35.txt,selected_random,Average,521.3592
set_64_1_35.txt,selected_random,RouteDiversity,0.8161145821660725
set_64_1_35.txt,selected_random,LocalRouteDiversity,0.14089916425896354
set_64_1_35.txt,selected_random_random_tie,Median,510
set_64_1_35.txt,selected_random_random_tie,Q1,504
set_64_1_35.txt,selected_random_random_tie,Q3,534
set_64_1_35.txt,selected_random_random_tie,Best,558
set_64_1_35.txt,selected_random_random_tie,Worst,390
set_64_1_35.txt,selected_random_random_tie,Average,513.5064
set_64_1_35.txt,selected_random_random_tie,RouteDiversity,0.88918162234726
set_64_1_35.txt,selected_random_random_tie,LocalRouteDiversity,0.36691770048337224
set_64_1_35.txt,selected_random_tie_marginal_envy,Median,516
set_64_1_35.txt,selected_random_tie_marginal_envy,Q1,504
set_64_1_35.txt,selected_random_tie_marginal_envy,Q3,534
set_64_1_35.txt,selected_random_tie_marginal_envy,Best,558
set_64_1_35.txt,selected_random_tie_marginal_envy,Worst,390
set_64_1_35.txt,selected_random_tie_marginal_envy,Average,513.5604
set_64_1_35.txt,selected_random_tie_marginal_envy,RouteDiversity,0.8888589832861115
set_64_1_35.txt,selected_random_tie_marginal_envy,LocalRouteDiversity,0.3650885561695447
set_64_1_35.txt,selected_random_tie_total_envy,Median,516
set_64_1_35.txt,selected_random_tie_total_envy,Q1,504
set_64_1_35.txt,selected_random_tie_total_envy,Q3,528
set_64_1_35.txt,selected_random_tie_total_envy,Best,558
set_64_1_35.txt,selected_random_tie_total_envy,Worst,390
set_64_1_35.txt,selected_random_tie_total_envy,Average,513.3996
set_64_1_35.txt,selected_random_tie_total_envy,RouteDiversity,0.8820821364562523
set_64_1_35.txt,selected_random_tie_total_envy,LocalRouteDiversity,0.3021655900067426
set_64_1_35.txt,selected_random_tie_marginal_wise,Median,510
set_64_1_35.txt,selected_random_tie_marginal_wise,Q1,504
set_64_1_35.txt,selected_random_tie_marginal_wise,Q3,534
set_64_1_35.txt,selected_random_tie_marginal_wise,Best,558
set_64_1_35.txt,selected_random_tie_marginal_wise,Worst,390
set_64_1_35.txt,selected_random_tie_marginal_wise,Average,513.732
set_64_1_35.txt,selected_random_tie_marginal_wise,RouteDiversity,0.888769905331557
set_64_1_35.txt,selected_random_tie_marginal_wise,LocalRouteDiversity,0.3593798214045706
set_64_1_15.txt,marginal_greedy,Median,84
set_64_1_15.txt,marginal_greedy,Q1,84
set_64_1_15.txt,marginal_greedy,Q3,84
set_64_1_15.txt,marginal_greedy,Best,84
set_64_1_15.txt,marginal_greedy,Worst,66
set_64_1_15.txt,marginal_greedy,Average,79.6404
set_64_1_15.txt,marginal_greedy,RouteDiversity,0.8383397206723116
set_64_1_15.txt,marginal_greedy,LocalRouteDiversity,0
set_64_1_15.txt,marginal_lazy,Median,78
set_64_1_15.txt,marginal_lazy,Q1,78
set_64_1_15.txt,marginal_lazy,Q3,78
set_64_1_15.txt,marginal_lazy,Best,78
set_64_1_15.txt,marginal_lazy,Worst,78
set_64_1_15.txt,marginal_lazy,Average,78
set_64_1_15.txt,marginal_lazy,RouteDiversity,0.20006486486419972
set_64_1_15.txt,marginal_lazy,LocalRouteDiversity,0
set_64_1_15.txt,marginal_smart,Median,96
set_64_1_15.txt,marginal_smart,Q1,96
set_64_1_15.txt,marginal_smart,Q3,96
set_64_1_15.txt,marginal_smart,Best,96
set_64_1_15.txt,marginal_smart,Worst,96
set_64_1_15.txt,marginal_smart,Average,96
set_64_1_15.txt,marginal_smart,RouteDiversity,0.19987987987921743
set_64_1_15.txt,marginal_smart,LocalRouteDiversity,0
set_64_1_15.txt,marginal_wise,Median,96
set_64_1_15.txt,marginal_wise,Q1,96
set_64_1_15.txt,marginal_wise,Q3,96
set_64_1_15.txt,marginal_wise,Best,96
set_64_1_15.txt,marginal_wise,Worst,96
set_64_1_15.txt,marginal_wise,Average,96
set_64_1_15.txt,marginal_wise,RouteDiversity,0.20008488488421944
set_64_1_15.txt,marginal_wise,LocalRouteDiversity,0
set_64_1_15.txt,marginal_envy,Median,96
set_64_1_15.txt,marginal_envy,Q1,96
set_64_1_15.txt,marginal_envy,Q3,96
set_64_1_15.txt,marginal_envy,Best,96
set_64_1_15.txt,marginal_envy,Worst,96
set_64_1_15.txt,marginal_envy,Average,96
set_64_1_15.txt,marginal_envy,RouteDiversity,0.19965885885819962
set_64_1_15.txt,marginal_envy,LocalRouteDiversity,0
set_64_1_15.txt,total_greedy,Median,84
set_64_1_15.txt,total_greedy,Q1,66
set_64_1_15.txt,total_greedy,Q3,84
set_64_1_15.txt,total_greedy,Best,84
set_64_1_15.txt,total_greedy,Worst,66
set_64_1_15.txt,total_greedy,Average,79.3488
set_64_1_15.txt,total_greedy,RouteDiversity,0.8365942966768265
set_64_1_15.txt,total_greedy,LocalRouteDiversity,0
set_64_1_15.txt,total_lazy,Median,90
set_64_1_15.txt,total_lazy,Q1,90
set_64_1_15.txt,total_lazy,Q3,90
set_64_1_15.txt,total_lazy,Best,90
set_64_1_15.txt,total_lazy,Worst,90
set_64_1_15.txt,total_lazy,Average,90
set_64_1_15.txt,total_lazy,RouteDiversity,0.20013533533466915
set_64_1_15.txt,total_lazy,LocalRouteDiversity,0
set_64_1_15.txt,total_smart,Median,84
set_64_1_15.txt,total_smart,Q1,84
set_64_1_15.txt,total_smart,Q3,84
set_64_1_15.txt,total_smart,Best,84
set_64_1_15.txt,total_smart,Worst,84
set_64_1_15.txt,total_smart,Average,84
set_64_1_15.txt,total_smart,RouteDiversity,0.5004284284284284
set_64_1_15.txt,total_smart,LocalRouteDiversity,0
set_64_1_15.txt,total_wise,Median,84
set_64_1_15.txt,total_wise,Q1,84
set_64_1_15.txt,total_wise,Q3,84
set_64_1_15.txt,total_wise,Best,84
set_64_1_15.txt,total_wise,Worst,84
set_64_1_15.txt,total_wise,Average,84
set_64_1_15.txt,total_wise,RouteDiversity,0.5004504504504504
set_64_1_15.txt,total_wise,LocalRouteDiversity,0
set_64_1_15.txt,total_envy,Median,84
set_64_1_15.txt,total_envy,Q1,84
set_64_1_15.txt,total_envy,Q3,84
set_64_1_15.txt,total_envy,Best,84
set_64_1_15.txt,total_envy,Worst,84
set_64_1_15.txt,total_envy,Average,84
set_64_1_15.txt,total_envy,RouteDiversity,0.5004024024024024
set_64_1_15.txt,total_envy,LocalRouteDiversity,0
set_64_1_15.txt,selected_random,Median,96
set_64_1_15.txt,selected_random,Q1,90
set_64_1_15.txt,selected_random,Q3,96
set_64_1_15.txt,selected_random,Best,96
set_64_1_15.txt,selected_random,Worst,60
set_64_1_15.txt,selected_random,Average,92.106
set_64_1_15.txt,selected_random,RouteDiversity,0.8153194863421356
set_64_1_15.txt,selected_random,LocalRouteDiversity,0.008165396825396826
set_64_1_15.txt,selected_random_random_tie,Median,96
set_64_1_15.txt,selected_random_random_tie,Q1,90
set_64_1_15.txt,selected_random_random_tie,Q3,96
set_64_1_15.txt,selected_random_random_tie,Best,96
set_64_1_15.txt,selected_random_random_tie,Worst,60
set_64_1_15.txt,selected_random_random_tie,Average,92.2908
set_64_1_15.txt,selected_random_random_tie,RouteDiversity,0.7930619617514714
set_64_1_15.txt,selected_random_random_tie,LocalRouteDiversity,0.01032285714285714
set_64_1_15.txt,selected_random_tie_marginal_envy,Median,96
set_64_1_15.txt,selected_random_tie_marginal_envy,Q1,90
set_64_1_15.txt,selected_random_tie_marginal_envy,Q3,96
set_64_1_15.txt,selected_random_tie_marginal_envy,Best,96
set_64_1_15.txt,selected_random_tie_marginal_envy,Worst,60
set_64_1_15.txt,selected_random_tie_marginal_envy,Average,91.9776
set_64_1_15.txt,selected_random_tie_marginal_envy,RouteDiversity,0.8043125156465364
set_64_1_15.txt,selected_random_tie_marginal_envy,LocalRouteDiversity,0.008339999999999998
set_64_1_15.txt,selected_random_tie_total_envy,Median,96
set_64_1_15.txt,selected_random_tie_total_envy,Q1,96
set_64_1_15.txt,selected_random_tie_total_envy,Q3,96
set_64_1_15.txt,selected_random_tie_total_envy,Best,96
set_64_1_15.txt,selected_random_tie_total_envy,Worst,78
set_64_1_15.txt,selected_random_tie_total_envy,Average,93.804
set_64_1_15.txt,selected_random_tie_total_envy,RouteDiversity,0.7160395969737504
set_64_1_15.txt,selected_random_tie_total_envy,LocalRouteDiversity,0.0014857142857142857
set_64_1_15.txt,selected_random_tie_marginal_wise,Median,96
set_64_1_15.txt,selected_random_tie_marginal_wise,Q1,90
set_64_1_15.txt,selected_random_tie_marginal_wise,Q3,96
set_64_1_15.txt,selected_random_tie_marginal_wise,Best,96
set_64_1_15.txt,selected_random_tie_marginal_wise,Worst,60
set_64_1_15.txt,selected_random_tie_marginal_wise,Average,92.1372
set_64_1_15.txt,selected_random_tie_marginal_wise,RouteDiversity,0.8069349794247833
set_64_1_15.txt,selected_random_tie_marginal_wise,LocalRouteDiversity,0.009025714285714283
tsiligirides_problem_3_budget_045.txt,marginal_greedy,Median,360
tsiligirides_problem_3_budget_045.txt,marginal_greedy,Q1,340
tsiligirides_problem_3_budget_045.txt,marginal_greedy,Q3,360
tsiligirides_problem_3_budget_045.txt,marginal_greedy,Best,370
tsiligirides_problem_3_budget_045.txt,marginal_greedy,Worst,280
tsiligirides_problem_3_budget_045.txt,marginal_greedy,Average,353.318
tsiligirides_problem_3_budget_045.txt,marginal_greedy,RouteDiversity,0.6953136436373369
tsiligirides_problem_3_budget_045.txt,marginal_greedy,LocalRouteDiversity,0
tsiligirides_problem_3_budget_045.txt,marginal_lazy,Median,370
tsiligirides_problem_3_budget_045.txt,marginal_lazy,Q1,370
tsiligirides_problem_3_budget_045.txt,marginal_lazy,Q3,370
tsiligirides_problem_3_budget_045.txt,marginal_lazy,Best,370
tsiligirides_problem_3_budget_045.txt,marginal_lazy,Worst,370
tsiligirides_problem_3_budget_045.txt,marginal_lazy,Average,370
tsiligirides_problem_3_budget_045.txt,marginal_lazy,RouteDiversity,0
tsiligirides_problem_3_budget_045.txt,marginal_lazy,LocalRouteDiversity,0
tsiligirides_problem_3_budget_045.txt,marginal_smart,Median,420
tsiligirides_problem_3_budget_045.txt,marginal_smart,Q1,420
tsiligirides_problem_3_budget_045.txt,marginal_smart,Q3,420
tsiligirides_problem_3_budget_045.txt,marginal_smart,Best,420
tsiligirides_problem_3_budget_045.txt,marginal_smart,Worst,420
tsiligirides_problem_3_budget_045.txt,marginal_smart,Average,420
tsiligirides_problem_3_budget_045.txt,marginal_smart,RouteDiversity,0
tsiligirides_problem_3_budget_045.txt,marginal_smart,LocalRouteDiversity,0
tsiligirides_problem_3_budget_045.txt,marginal_wise,Median,440
tsiligirides_problem_3_budget_045.txt,marginal_wise,Q1,440
tsiligirides_problem_3_budget_045.txt,marginal_wise,Q3,440
tsiligirides_problem_3_budget_045.txt,marginal_wise,Best,440
tsiligirides_problem_3_budget_045.txt,marginal_wise,Worst,440
tsiligirides_problem_3_budget_045.txt,marginal_wise,Average,440
tsiligirides_problem_3_budget_045.txt,marginal_wise,RouteDiversity,0
tsiligirides_problem_3_budget_045.txt,marginal_wise,LocalRouteDiversity,0
tsiligirides_problem_3_budget_045.txt,marginal_envy,Median,440
tsiligirides_problem_3_budget_045.txt,marginal_envy,Q1,440
tsiligirides_problem_3_budget_045.txt,marginal_envy,Q3,440
tsiligirides_problem_3_budget_045.txt,marginal_envy,Best,440
tsiligirides_problem_3_budget_045.txt,marginal_envy,Worst,440
tsiligirides_problem_3_budget_045.txt,marginal_envy,Average,440
tsiligirides_problem_3_budget_045.txt,marginal_envy,RouteDiversity,0
tsiligirides_problem_3_budget_045.txt,marginal_envy,LocalRouteDiversity,0
tsiligirides_problem_3_budget_045.txt,total_greedy,Median,360
tsiligirides_problem_3_budget_045.txt,total_greedy,Q1,340
tsiligirides_problem_3_budget_045.txt,total_greedy,Q3,360
tsiligirides_problem_3_budget_045.txt,total_greedy,Best,370
tsiligirides_problem_3_budget_045.txt,total_greedy,Worst,280
tsiligirides_problem_3_budget_045.txt,total_greedy,Average,352.96
tsiligirides_problem_3_budget_045.txt,total_greedy,RouteDiversity,0.7016407772390859
tsiligirides_problem_3_budget_045.txt,total_greedy,LocalRouteDiversity,0
tsiligirides_problem_3_budget_045.txt,total_lazy,Median,370
tsiligirides_problem_3_budget_045.txt,total_lazy,Q1,370
tsiligirides_problem_3_budget_045.txt,total_lazy,Q3,370
tsiligirides_problem_3_budget_045.txt,total_lazy,Best,370
tsiligirides_problem_3_budget_045.txt,total_lazy,Worst,370
tsiligirides_problem_3_budget_045.txt,total_lazy,Average,370
tsiligirides_problem_3_budget_045.txt,total_lazy,RouteDiversity,0
tsiligirides_problem_3_budget_045.txt,total_lazy,LocalRouteDiversity,0
tsiligirides_problem_3_budget_045.txt,total_smart,Median,400
tsiligirides_problem_3_budget_045.txt,total_smart,Q1,400
tsiligirides_problem_3_budget_045.txt,total_smart,Q3,400
tsiligirides_problem_3_budget_045.txt,total_smart,Best,400
tsiligirides_problem_3_budget_045.txt,total_smart,Worst,400
tsiligirides_problem_3_budget_045.txt,total_smart,Average,400
tsiligirides_problem_3_budget_045.txt,total_smart,RouteDiversity,0
tsiligirides_problem_3_budget_045.txt,total_smart,LocalRouteDiversity,0
tsiligirides_problem_3_budget_045.txt,total_wise,Median,420
tsiligirides_problem_3_budget_045.txt,total_wise,Q1,420
tsiligirides_problem_3_budget_045.txt,total_wise,Q3,420
tsiligirides_problem_3_budget_045.txt,total_wise,Best,420
tsiligirides_problem_3_budget_045.txt,total_wise,Worst,420
tsiligirides_problem_3_budget_045.txt,total_wise,Average,420
tsiligirides_problem_3_budget_045.txt,total_wise,RouteDiversity,0
tsiligirides_problem_3_budget_045.txt,total_wise,LocalRouteDiversity,0
tsiligirides_problem_3_budget_045.txt,total_envy,Median,440
tsiligirides_problem_3_budget_045.txt,total_envy,Q1,440
tsiligirides_problem_3_budget_045.txt,total_envy,Q3,440
tsiligirides_problem_3_budget_045.txt,total_envy,Best,440
tsiligirides_problem_3_budget_045.txt,total_envy,Worst,440
tsiligirides_problem_3_budget_045.txt,total_envy,Average,440
tsiligirides_problem_3_budget_045.txt,total_envy,RouteDiversity,0
tsiligirides_problem_3_budget_045.txt,total_envy,LocalRouteDiversity,0
tsiligirides_problem_3_budget_045.txt,selected_random,Median,420
tsiligirides_problem_3_budget_045.txt,selected_random,Q1,410
tsiligirides_problem_3_budget_045.txt,selected_random,Q3,440
tsiligirides_problem_3_budget_045.txt,selected_random,Best,450
tsiligirides_problem_3_budget_045.txt,selected_random,Worst,400
tsiligirides_problem_3_budget_045.txt,selected_random,Average,423.69
tsiligirides_problem_3_budget_045.txt,selected_random,RouteDiversity,0.7145208644368202
tsiligirides_problem_3_budget_045.txt,selected_random,LocalRouteDiversity,0.015063309325394394
tsiligirides_problem_3_budget_045.txt,selected_random_random_tie,Median,420
tsiligirides_problem_3_budget_045.txt,selected_random_random_tie,Q1,410
tsiligirides_problem_3_budget_045.txt,selected_random_random_tie,Q3,440
tsiligirides_problem_3_budget_045.txt,selected_random_random_tie,Best,450
tsiligirides_problem_3_budget_045.txt,selected_random_random_tie,Worst,400
tsiligirides_problem_3_budget_045.txt,selected_random_random_tie,Average,423.988
tsiligirides_problem_3_budget_045.txt,selected_random_random_tie,RouteDiversity,0.7047194303433554
tsiligirides_problem_3_budget_045.txt,selected_random_random_tie,LocalRouteDiversity,0.014289587474265762
tsiligirides_problem_3_budget_045.txt,selected_random_tie_marginal_envy,Median,420
tsiligirides_problem_3_budget_045.txt,selected_random_tie_marginal_envy,Q1,410
tsiligirides_problem_3_budget_045.txt,selected_random_tie_marginal_envy,Q3,440
tsiligirides_problem_3_budget_045.txt,selected_random_tie_marginal_envy,Best,450
tsiligirides_problem_3_budget_045.txt,selected_random_tie_marginal_envy,Worst,400
tsiligirides_problem_3_budget_045.txt,selected_random_tie_marginal_envy,Average,424.288
tsiligirides_problem_3_budget_045.txt,selected_random_tie_marginal_envy,RouteDiversity,0.7058489253089216
tsiligirides_problem_3_budget_045.txt,selected_random_tie_marginal_envy,LocalRouteDiversity,0.0142961843867982
tsiligirides_problem_3_budget_045.txt,selected_random_tie_total_envy,Median,420
tsiligirides_problem_3_budget_045.txt,selected_random_tie_total_envy,Q1,410
tsiligirides_problem_3_budget_045.txt,selected_random_tie_total_envy,Q3,440
tsiligirides_problem_3_budget_045.txt,selected_random_tie_total_envy,Best,450
tsiligirides_problem_3_budget_045.txt,selected_random_tie_total_envy,Worst,400
tsiligirides_problem_3_budget_045.txt,selected_random_tie_total_envy,Average,424.276
tsiligirides_problem_3_budget_045.txt,selected_random_tie_total_envy,RouteDiversity,0.7057487066732012
tsiligirides_problem_3_budget_045.txt,selected_random_tie_total_envy,LocalRouteDiversity,0.013510803263681169
tsiligirides_problem_3_budget_045.txt,selected_random_tie_marginal_wise,Median,420
tsiligirides_problem_3_budget_045.txt,selected_random_tie_marginal_wise,Q1,410
tsiligirides_problem_3_budget_045.txt,selected_random_tie_marginal_wise,Q3,440
tsiligirides_problem_3_budget_045.txt,selected_random_tie_marginal_wise,Best,450
tsiligirides_problem_3_budget_045.txt,selected_random_tie_marginal_wise,Worst,400
tsiligirides_problem_3_budget_045.txt,selected_random_tie_marginal_wise,Average,423.822
tsiligirides_problem_3_budget_045.txt,selected_random_tie_marginal_wise,RouteDiversity,0.701225910249721
tsiligirides_problem_3_budget_045.txt,selected_random_tie_marginal_wise,LocalRouteDiversity,0.015081058709316876
set_64_1_60.txt,marginal_greedy,Median,636
set_64_1_60.txt,marginal_greedy,Q1,558
set_64_1_60.txt,marginal_greedy,Q3,678
set_64_1_60.txt,marginal_greedy,Best,840
set_64_1_60.txt,marginal_greedy,Worst,480
set_64_1_60.txt,marginal_greedy,Average,626.8776
set_64_1_60.txt,marginal_greedy,RouteDiversity,0.8534119567250327
set_64_1_60.txt,marginal_greedy,LocalRouteDiversity,0.1986066346166347
set_64_1_60.txt,marginal_lazy,Median,756
set_64_1_60.txt,marginal_lazy,Q1,738
set_64_1_60.txt,marginal_lazy,Q3,762
set_64_1_60.txt,marginal_lazy,Best,786
set_64_1_60.txt,marginal_lazy,Worst,720
set_64_1_60.txt,marginal_lazy,Average,751.9212
set_64_1_60.txt,marginal_lazy,RouteDiversity,0.6874766007295383
set_64_1_60.txt,marginal_lazy,LocalRouteDiversity,0.006438654841093869
set_64_1_60.txt,marginal_smart,Median,948
set_64_1_60.txt,marginal_smart,Q1,912
set_64_1_60.txt,marginal_smart,Q3,948
set_64_1_60.txt,marginal_smart,Best,948
set_64_1_60.txt,marginal_smart,Worst,912
set_64_1_60.txt,marginal_smart,Average,930.1512
set_64_1_60.txt,marginal_smart,RouteDiversity,0.5530846038506277
set_64_1_60.txt,marginal_smart,LocalRouteDiversity,0
set_64_1_60.txt,marginal_wise,Median,888
set_64_1_60.txt,marginal_wise,Q1,888
set_64_1_60.txt,marginal_wise,Q3,918
set_64_1_60.txt,marginal_wise,Best,918
set_64_1_60.txt,marginal_wise,Worst,888
set_64_1_60.txt,marginal_wise,Average,902.706
set_64_1_60.txt,marginal_wise,RouteDiversity,0.5901962114973963
set_64_1_60.txt,marginal_wise,LocalRouteDiversity,0.004342857142857136
set_64_1_60.txt,marginal_envy,Median,972
set_64_1_60.txt,marginal_envy,Q1,966
set_64_1_60.txt,marginal_envy,Q3,972
set_64_1_60.txt,marginal_envy,Best,972
set_64_1_60.txt,marginal_envy,Worst,942
set_64_1_60.txt,marginal_envy,Average,963.1368
set_64_1_60.txt,marginal_envy,RouteDiversity,0.5692616248197403
set_64_1_60.txt,marginal_envy,LocalRouteDiversity,0
set_64_1_60.txt,total_greedy,Median,636
set_64_1_60.txt,total_greedy,Q1,576
set_64_1_60.txt,total_greedy,Q3,678
set_64_1_60.txt,total_greedy,Best,840
set_64_1_60.txt,total_greedy,Worst,480
set_64_1_60.txt,total_greedy,Average,630.6228
set_64_1_60.txt,total_greedy,RouteDiversity,0.854377686516361
set_64_1_60.txt,total_greedy,LocalRouteDiversity,0.19750304115237763
set_64_1_60.txt,total_lazy,Median,732
set_64_1_60.txt,total_lazy,Q1,690
set_64_1_60.txt,total_lazy,Q3,756
set_64_1_60.txt,total_lazy,Best,780
set_64_1_60.txt,total_lazy,Worst,660
set_64_1_60.txt,total_lazy,Average,722.8668
set_64_1_60.txt,total_lazy,RouteDiversity,0.7926190098624473
set_64_1_60.txt,total_lazy,LocalRouteDiversity,0.016745738767446817
set_64_1_60.txt,total_smart,Median,1032
set_64_1_60.txt,total_smart,Q1,1032
set_64_1_60.txt,total_smart,Q3,1032
set_64_1_60.txt,total_smart,Best,1032
set_64_1_60.txt,total_smart,Worst,1032
set_64_1_60.txt,total_smart,Average,1032
set_64_1_60.txt,total_smart,RouteDiversity,0.4613333333307073
set_64_1_60.txt,total_smart,LocalRouteDiversity,0
set_64_1_60.txt,total_wise,Median,984
set_64_1_60.txt,total_wise,Q1,882
set_64_1_60.txt,total_wise,Q3,990
set_64_1_60.txt,total_wise,Best,996
set_64_1_60.txt,total_wise,Worst,834
set_64_1_60.txt,total_wise,Average,931.4964
set_64_1_60.txt,total_wise,RouteDiversity,0.658576223090286
set_64_1_60.txt,total_wise,LocalRouteDiversity,0.0009063879210220676
set_64_1_60.txt,total_envy,Median,1026
set_64_1_60.txt,total_envy,Q1,954
set_64_1_60.txt,total_envy,Q3,1026
set_64_1_60.txt,total_envy,Best,1026
set_64_1_60.txt,total_envy,Worst,954
set_64_1_60.txt,total_envy,Average,990.9792
set_64_1_60.txt,total_envy,RouteDiversity,0.6819113866184475
set_64_1_60.txt,total_envy,LocalRouteDiversity,0
set_64_1_60.txt,selected_random,Median,990
set_64_1_60.txt,selected_random,Q1,966
set_64_1_60.txt,selected_random,Q3,1020
set_64_1_60.txt,selected_random,Best,1032
set_64_1_60.txt,selected_random,Worst,810
set_64_1_60.txt,selected_random,Average,985.374
set_64_1_60.txt,selected_random,RouteDiversity,0.7100754009669483
set_64_1_60.txt,selected_random,LocalRouteDiversity,0.14136350691365943
set_64_1_60.txt,selected_random_random_tie,Median,972
set_64_1_60.txt,selected_random_random_tie,Q1,948
set_64_1_60.txt,selected_random_random_tie,Q3,996
set_64_1_60.txt,selected_random_random_tie,Best,1050
set_64_1_60.txt,selected_random_random_tie,Worst,768
set_64_1_60.txt,selected_random_random_tie,Average,967.1952
set_64_1_60.txt,selected_random_random_tie,RouteDiversity,0.8245197865022618
set_64_1_60.txt,selected_random_random_tie,LocalRouteDiversity,0.4732527193012
set_64_1_60.txt,selected_random_tie_marginal_envy,Median,972
set_64_1_60.txt,selected_random_tie_marginal_envy,Q1,942
set_64_1_60.txt,selected_random_tie_marginal_envy,Q3,996
set_64_1_60.txt,selected_random_tie_marginal_envy,Best,1050
set_64_1_60.txt,selected_random_tie_marginal_envy,Worst,786
set_64_1_60.txt,selected_random_tie_marginal_envy,Average,965.3256
set_64_1_60.txt,selected_random_tie_marginal_envy,RouteDiversity,0.8236090244855612
set_64_1_60.txt,selected_random_tie_marginal_envy,LocalRouteDiversity,0.47560702813251776
set_64_1_60.txt,selected_random_tie_total_envy,Median,978
set_64_1_60.txt,selected_random_tie_total_envy,Q1,960
set_64_1_60.txt,selected_random_tie_total_envy,Q3,1002
set_64_1_60.txt,selected_random_tie_total_envy,Best,1050
set_64_1_60.txt,selected_random_tie_total_envy,Worst,792
set_64_1_60.txt,selected_random_tie_total_envy,Average,974.8296
set_64_1_60.txt,selected_random_tie_total_envy,RouteDiversity,0.8055212366626044
set_64_1_60.txt,selected_random_tie_total_envy,LocalRouteDiversity,0.42017259295917536
set_64_1_60.txt,selected_random_tie_marginal_wise,Median,972
set_64_1_60.txt,selected_random_tie_marginal_wise,Q1,942
set_64_1_60.txt,selected_random_tie_marginal_wise,Q3,996
set_64_1_60.txt,selected_random_tie_marginal_wise,Best,1050
set_64_1_60.txt,selected_random_tie_marginal_wise,Worst,798
set_64_1_60.txt,selected_random_tie_marginal_wise,Average,966.2304
set_64_1_60.txt,selected_random_tie_marginal_wise,RouteDiversity,0.8228698728303878
set_64_1_60.txt,selected_random_tie_marginal_wise,LocalRouteDiversity,0.4697198688844014
tsiligirides_problem_2_budget_38.txt,marginal_greedy,Median,285
tsiligirides_problem_2_budget_38.txt,marginal_greedy,Q1,215
tsiligirides_problem_2_budget_38.txt,marginal_greedy,Q3,305
tsiligirides_problem_2_budget_38.txt,marginal_greedy,Best,320
tsiligirides_problem_2_budget_38.txt,marginal_greedy,Worst,180
tsiligirides_problem_2_budget_38.txt,marginal_greedy,Average,260.466
tsiligirides_problem_2_budget_38.txt,marginal_greedy,RouteDiversity,0.7777389675799485
tsiligirides_problem_2_budget_38.txt,marginal_greedy,LocalRouteDiversity,0
tsiligirides_problem_2_budget_38.txt,marginal_lazy,Median,260
tsiligirides_problem_2_budget_38.txt,marginal_lazy,Q1,260
tsiligirides_problem_2_budget_38.txt,marginal_lazy,Q3,260
tsiligirides_problem_2_budget_38.txt,marginal_lazy,Best,260
tsiligirides_problem_2_budget_38.txt,marginal_lazy,Worst,260
tsiligirides_problem_2_budget_38.txt,marginal_lazy,Average,260
tsiligirides_problem_2_budget_38.txt,marginal_lazy,RouteDiversity,0
tsiligirides_problem_2_budget_38.txt,marginal_lazy,LocalRouteDiversity,0
tsiligirides_problem_2_budget_38.txt,marginal_smart,Median,260
tsiligirides_problem_2_budget_38.txt,marginal_smart,Q1,260
tsiligirides_problem_2_budget_38.txt,marginal_smart,Q3,260
tsiligirides_problem_2_budget_38.txt,marginal_smart,Best,260
tsiligirides_problem_2_budget_38.txt,marginal_smart,Worst,260
tsiligirides_problem_2_budget_38.txt,marginal_smart,Average,260
tsiligirides_problem_2_budget_38.txt,marginal_smart,RouteDiversity,0
tsiligirides_problem_2_budget_38.txt,marginal_smart,LocalRouteDiversity,0
tsiligirides_problem_2_budget_38.txt,marginal_wise,Median,260
tsiligirides_problem_2_budget_38.txt,marginal_wise,Q1,260
tsiligirides_problem_2_budget_38.txt,marginal_wise,Q3,260
tsiligirides_problem_2_budget_38.txt,marginal_wise,Best,260
tsiligirides_problem_2_budget_38.txt,marginal_wise,Worst,260
tsiligirides_problem_2_budget_38.txt,marginal_wise,Average,260
tsiligirides_problem_2_budget_38.txt,marginal_wise,RouteDiversity,0
tsiligirides_problem_2_budget_38.txt,marginal_wise,LocalRouteDiversity,0
tsiligirides_problem_2_budget_38.txt,marginal_envy,Median,330
tsiligirides_problem_2_budget_38.txt,marginal_envy,Q1,330
tsiligirides_problem_2_budget_38.txt,marginal_envy,Q3,330
tsiligirides_problem_2_budget_38.txt,marginal_envy,Best,330
tsiligirides_problem_2_budget_38.txt,marginal_envy,Worst,330
tsiligirides_problem_2_budget_38.txt,marginal_envy,Average,330
tsiligirides_problem_2_budget_38.txt,marginal_envy,RouteDiversity,0
tsiligirides_problem_2_budget_38.txt,marginal_envy,LocalRouteDiversity,0
tsiligirides_problem_2_budget_38.txt,total_greedy,Median,285
tsiligirides_problem_2_budget_38.txt,total_greedy,Q1,215
tsiligirides_problem_2_budget_38.txt,total_greedy,Q3,305
tsiligirides_problem_2_budget_38.txt,total_greedy,Best,320
tsiligirides_problem_2_budget_38.txt,total_greedy,Worst,180
tsiligirides_problem_2_budget_38.txt,total_greedy,Average,260.79
tsiligirides_problem_2_budget_38.txt,total_greedy,RouteDiversity,0.7812704325700635
tsiligirides_problem_2_budget_38.txt,total_greedy,LocalRouteDiversity,0
tsiligirides_problem_2_budget_38.txt,total_lazy,Median,260
tsiligirides_problem_2_budget_38.txt,total_lazy,Q1,260
tsiligirides_problem_2_budget_38.txt,total_lazy,Q3,260
tsiligirides_problem_2_budget_38.txt,total_lazy,Best,260
tsiligirides_problem_2_budget_38.txt,total_lazy,Worst,260
tsiligirides_problem_2_budget_38.txt,total_lazy,Average,260
tsiligirides_problem_2_budget_38.txt,total_lazy,RouteDiversity,0
tsiligirides_problem_2_budget_38.txt,total_lazy,LocalRouteDiversity,0
tsiligirides_problem_2_budget_38.txt,total_smart,Median,260
tsiligirides_problem_2_budget_38.txt,total_smart,Q1,260
tsiligirides_problem_2_budget_38.txt,total_smart,Q3,260
tsiligirides_problem_2_budget_38.txt,total_smart,Best,260
tsiligirides_problem_2_budget_38.txt,total_smart,Worst,260
tsiligirides_problem_2_budget_38.txt,total_smart,Average,260
tsiligirides_problem_2_budget_38.txt,total_smart,RouteDiversity,0
tsiligirides_problem_2_budget_38.txt,total_smart,LocalRouteDiversity,0
tsiligirides_problem_2_budget_38.txt,total_wise,Median,260
tsiligirides_problem_2_budget_38.txt,total_wise,Q1,260
tsiligirides_problem_2_budget_38.txt,total_wise,Q3,260
tsiligirides_problem_2_budget_38.txt,total_wise,Best,260
tsiligirides_problem_2_budget_38.txt,total_wise,Worst,260
tsiligirides_problem_2_budget_38.txt,total_wise,Average,260
tsiligirides_problem_2_budget_38.txt,total_wise,RouteDiversity,0
tsiligirides_problem_2_budget_38.txt,total_wise,LocalRouteDiversity,0
tsiligirides_problem_2_budget_38.txt,total_envy,Median,260
tsiligirides_problem_2_budget_38.txt,total_envy,Q1,260
tsiligirides_problem_2_budget_38.txt,total_envy,Q3,260
tsiligirides_problem_2_budget_38.txt,total_envy,Best,260
tsiligirides_problem_2_budget_38.txt,total_envy,Worst,260
tsiligirides_problem_2_budget_38.txt,total_envy,Average,260
tsiligirides_problem_2_budget_38.txt,total_envy,RouteDiversity,0
tsiligirides_problem_2_budget_38.txt,total_envy,LocalRouteDiversity,0
tsiligirides_problem_2_budget_38.txt,selected_random,Median,310
tsiligirides_problem_2_budget_38.txt,selected_random,Q1,260
tsiligirides_problem_2_budget_38.txt,selected_random,Q3,320
tsiligirides_problem_2_budget_38.txt,selected_random,Best,330
tsiligirides_problem_2_budget_38.txt,selected_random,Worst,260
tsiligirides_problem_2_budget_38.txt,selected_random,Average,291.908
tsiligirides_problem_2_budget_38.txt,selected_random,RouteDiversity,0.551245988424876
tsiligirides_problem_2_budget_38.txt,selected_random,LocalRouteDiversity,0
tsiligirides_problem_2_budget_38.txt,selected_random_random_tie,Median,310
tsiligirides_problem_2_budget_38.txt,selected_random_random_tie,Q1,260
tsiligirides_problem_2_budget_38.txt,selected_random_random_tie,Q3,320
tsiligirides_problem_2_budget_38.txt,selected_random_random_tie,Best,330
tsiligirides_problem_2_budget_38.txt,selected_random_random_tie,Worst,260
tsiligirides_problem_2_budget_38.txt,selected_random_random_tie,Average,292.302
tsiligirides_problem_2_budget_38.txt,selected_random_random_tie,RouteDiversity,0.5481511949359125
tsiligirides_problem_2_budget_38.txt,selected_random_random_tie,LocalRouteDiversity,0
tsiligirides_problem_2_budget_38.txt,selected_random_tie_marginal_envy,Median,310
tsiligirides_problem_2_budget_38.txt,selected_random_tie_marginal_envy,Q1,260
tsiligirides_problem_2_budget_38.txt,selected_random_tie_marginal_envy,Q3,320
tsiligirides_problem_2_budget_38.txt,selected_random_tie_marginal_envy,Best,330
tsiligirides_problem_2_budget_38.txt,selected_random_tie_marginal_envy,Worst,260
tsiligirides_problem_2_budget_38.txt,selected_random_tie_marginal_envy,Average,292.128
tsiligirides_problem_2_budget_38.txt,selected_random_tie_marginal_envy,RouteDiversity,0.5489607354591084
tsiligirides_problem_2_budget_38.txt,selected_random_tie_marginal_envy,LocalRouteDiversity,0
tsiligirides_problem_2_budget_38.txt,selected_random_tie_total_envy,Median,310
tsiligirides_problem_2_budget_38.txt,selected_random_tie_total_envy,Q1,260
tsiligirides_problem_2_budget_38.txt,selected_random_tie_total_envy,Q3,320
tsiligirides_problem_2_budget_38.txt,selected_random_tie_total_envy,Best,330
tsiligirides_problem_2_budget_38.txt,selected_random_tie_total_envy,Worst,260
tsiligirides_problem_2_budget_38.txt,selected_random_tie_total_envy,Average,292.46
tsiligirides_problem_2_budget_38.txt,selected_random_tie_total_envy,RouteDiversity,0.5504106019343898
tsiligirides_problem_2_budget_38.txt,selected_random_tie_total_envy,LocalRouteDiversity,0
tsiligirides_problem_2_budget_38.txt,selected_random_tie_marginal_wise,Median,310
tsiligirides_problem_2_budget_38.txt,selected_random_tie_marginal_wise,Q1,260
tsiligirides_problem_2_budget_38.txt,selected_random_tie_marginal_wise,Q3,320
tsiligirides_problem_2_budget_38.txt,selected_random_tie_marginal_wise,Best,330
tsiligirides_problem_2_budget_38.txt,selected_random_tie_marginal_wise,Worst,260
tsiligirides_problem_2_budget_38.txt,selected_random_tie_marginal_wise,Average,291.888
tsiligirides_problem_2_budget_38.txt,selected_random_tie_marginal_wise,RouteDiversity,0.543474277673556
tsiligirides_problem_2_budget_38.txt,selected_random_tie_marginal_wise,LocalRouteDiversity,0
set_66_1_005.txt,marginal_greedy,Median,10
set_66_1_005.txt,marginal_greedy,Q1,10
set_66_1_005.txt,marginal_greedy,Q3,10
set_66_1_005.txt,marginal_greedy,Best,10
set_66_1_005.txt,marginal_greedy,Worst,10
set_66_1_005.txt,marginal_greedy,Average,10
set_66_1_005.txt,marginal_greedy,RouteDiversity,0.7708512512498645
set_66_1_005.txt,marginal_greedy,LocalRouteDiversity,0
set_66_1_005.txt,marginal_lazy,Median,10
set_66_1_005.txt,marginal_lazy,Q1,10
set_66_1_005.txt,marginal_lazy,Q3,10
set_66_1_005.txt,marginal_lazy,Best,10
set_66_1_005.txt,marginal_lazy,Worst,10
set_66_1_005.txt,marginal_lazy,Average,10
set_66_1_005.txt,marginal_lazy,RouteDiversity,0.49914714714714714
set_66_1_005.txt,marginal_lazy,LocalRouteDiversity,0
set_66_1_005.txt,marginal_smart,Median,10
set_66_1_005.txt,marginal_smart,Q1,10
set_66_1_005.txt,marginal_smart,Q3,10
set_66_1_005.txt,marginal_smart,Best,10
set_66_1_005.txt,marginal_smart,Worst,10
set_66_1_005.txt,marginal_smart,Average,10
set_66_1_005.txt,marginal_smart,RouteDiversity,0.5004504504504504
set_66_1_005.txt,marginal_smart,LocalRouteDiversity,0
set_66_1_005.txt,marginal_wise,Median,10
set_66_1_005.txt,marginal_wise,Q1,10
set_66_1_005.txt,marginal_wise,Q3,10
set_66_1_005.txt,marginal_wise,Best,10
set_66_1_005.txt,marginal_wise,Worst,10
set_66_1_005.txt,marginal_wise,Average,10
set_66_1_005.txt,marginal_wise,RouteDiversity,0.5004504504504504
set_66_1_005.txt,marginal_wise,LocalRouteDiversity,0
set_66_1_005.txt,marginal_envy,Median,10
set_66_1_005.txt,marginal_envy,Q1,10
set_66_1_005.txt,marginal_envy,Q3,10
set_66_1_005.txt,marginal_envy,Best,10
set_66_1_005.txt,marginal_envy,Worst,10
set_66_1_005.txt,marginal_envy,Average,10
set_66_1_005.txt,marginal_envy,RouteDiversity,0.4995315315315315
set_66_1_005.txt,marginal_envy,LocalRouteDiversity,0
set_66_1_005.txt,total_greedy,Median,10
set_66_1_005.txt,total_greedy,Q1,10
set_66_1_005.txt,total_greedy,Q3,10
set_66_1_005.txt,total_greedy,Best,10
set_66_1_005.txt,total_greedy,Worst,10
set_66_1_005.txt,total_greedy,Average,10
set_66_1_005.txt,total_greedy,RouteDiversity,0.7672560560547426
set_66_1_005.txt,total_greedy,LocalRouteDiversity,0
set_66_1_005.txt,total_lazy,Median,10
set_66_1_005.txt,total_lazy,Q1,10
set_66_1_005.txt,total_lazy,Q3,10
set_66_1_005.txt,total_lazy,Best,10
set_66_1_005.txt,total_lazy,Worst,10
set_66_1_005.txt,total_lazy,Average,10
set_66_1_005.txt,total_lazy,RouteDiversity,0.5004024024024024
set_66_1_005.txt,total_lazy,LocalRouteDiversity,0
set_66_1_005.txt,total_smart,Median,10
set_66_1_005.txt,total_smart,Q1,10
set_66_1_005.txt,total_smart,Q3,10
set_66_1_005.txt,total_smart,Best,10
set_66_1_005.txt,total_smart,Worst,10
set_66_1_005.txt,total_smart,Average,10
set_66_1_005.txt,total_smart,RouteDiversity,0.5004924924924925
set_66_1_005.txt,total_smart,LocalRouteDiversity,0
set_66_1_005.txt,total_wise,Median,10
set_66_1_005.txt,total_wise,Q1,10
set_66_1_005.txt,total_wise,Q3,10
set_66_1_005.txt,total_wise,Best,10
set_66_1_005.txt,total_wise,Worst,10
set_66_1_005.txt,total_wise,Average,10
set_66_1_005.txt,total_wise,RouteDiversity,0.5003003003003003
set_66_1_005.txt,total_wise,LocalRouteDiversity,0
set_66_1_005.txt,total_envy,Median,10
set_66_1_005.txt,total_envy,Q1,10
set_66_1_005.txt,total_envy,Q3,10
set_66_1_005.txt,total_envy,Best,10
set_66_1_005.txt,total_envy,Worst,10
set_66_1_005.txt,total_envy,Average,10
set_66_1_005.txt,total_envy,RouteDiversity,0.49881681681681683
set_66_1_005.txt,total_envy,LocalRouteDiversity,0
set_66_1_005.txt,selected_random,Median,10
set_66_1_005.txt,selected_random,Q1,10
set_66_1_005.txt,selected_random,Q3,10
set_66_1_005.txt,selected_random,Best,10
set_66_1_005.txt,selected_random,Worst,10
set_66_1_005.txt,selected_random,Average,10
set_66_1_005.txt,selected_random,RouteDiversity,0.5004284284284284
set_66_1_005.txt,selected_random,LocalRouteDiversity,0
set_66_1_005.txt,selected_random_random_tie,Median,10
set_66_1_005.txt,selected_random_random_tie,Q1,10
set_66_1_005.txt,selected_random_random_tie,Q3,10
set_66_1_005.txt,selected_random_random_tie,Best,10
set_66_1_005.txt,selected_random_random_tie,Worst,10
set_66_1_005.txt,selected_random_random_tie,Average,10
set_66_1_005.txt,selected_random_random_tie,RouteDiversity,0.5004824824824825
set_66_1_005.txt,selected_random_random_tie,LocalRouteDiversity,0
set_66_1_005.txt,selected_random_tie_marginal_envy,Median,10
set_66_1_005.txt,selected_random_tie_marginal_envy,Q1,10
set_66_1_005.txt,selected_random_tie_marginal_envy,Q3,10
set_66_1_005.txt,selected_random_tie_marginal_envy,Best,10
set_66_1_005.txt,selected_random_tie_marginal_envy,Worst,10
set_66_1_005.txt,selected_random_tie_marginal_envy,Average,10
set_66_1_005.txt,selected_random_tie_marginal_envy,RouteDiversity,0.4956936936936937
set_66_1_005.txt,selected_random_tie_marginal_envy,LocalRouteDiversity,0
set_66_1_005.txt,selected_random_tie_total_envy,Median,10
set_66_1_005.txt,selected_random_tie_total_envy,Q1,10
set_66_1_005.txt,selected_random_tie_total_envy,Q3,10
set_66_1_005.txt,selected_random_tie_total_envy,Best,10
set_66_1_005.txt,selected_random_tie_total_envy,Worst,10
set_66_1_005.txt,selected_random_tie_total_envy,Average,10
set_66_1_005.txt,selected_random_tie_total_envy,RouteDiversity,0.5001621621621621
set_66_1_005.txt,selected_random_tie_total_envy,LocalRouteDiversity,0
set_66_1_005.txt,selected_random_tie_marginal_wise,Median,10
set_66_1_005.txt,selected_random_tie_marginal_wise,Q1,10
set_66_1_005.txt,selected_random_tie_marginal_wise,Q3,10
set_66_1_005.txt,selected_random_tie_marginal_wise,Best,10
set_66_1_005.txt,selected_random_tie_marginal_wise,Worst,10
set_66_1_005.txt,selected_random_tie_marginal_wise,Average,10
set_66_1_005.txt,selected_random_tie_marginal_wise,RouteDiversity,0.49934734734734737
set_66_1_005.txt,selected_random_tie_marginal_wise,LocalRouteDiversity,0
tsiligirides_problem_1_budget_10.txt,marginal_greedy,Median,15
tsiligirides_problem_1_budget_10.txt,marginal_greedy,Q1,15
tsiligirides_problem_1_budget_10.txt,marginal_greedy,Q3,15
tsiligirides_problem_1_budget_10.txt,marginal_greedy,Best,15
tsiligirides_problem_1_budget_10.txt,marginal_greedy,Worst,15
tsiligirides_problem_1_budget_10.txt,marginal_greedy,Average,15
tsiligirides_problem_1_budget_10.txt,marginal_greedy,RouteDiversity,0.4983203203203203
tsiligirides_problem_1_budget_10.txt,marginal_greedy,LocalRouteDiversity,0
tsiligirides_problem_1_budget_10.txt,marginal_lazy,Median,15
tsiligirides_problem_1_budget_10.txt,marginal_lazy,Q1,15
tsiligirides_problem_1_budget_10.txt,marginal_lazy,Q3,15
tsiligirides_problem_1_budget_10.txt,marginal_lazy,Best,15
tsiligirides_problem_1_budget_10.txt,marginal_lazy,Worst,15
tsiligirides_problem_1_budget_10.txt,marginal_lazy,Average,15
tsiligirides_problem_1_budget_10.txt,marginal_lazy,RouteDiversity,0
tsiligirides_problem_1_budget_10.txt,marginal_lazy,LocalRouteDiversity,0
tsiligirides_problem_1_budget_10.txt,marginal_smart,Median,15
tsiligirides_problem_1_budget_10.txt,marginal_smart,Q1,15
tsiligirides_problem_1_budget_10.txt,marginal_smart,Q3,15
tsiligirides_problem_1_budget_10.txt,marginal_smart,Best,15
tsiligirides_problem_1_budget_10.txt,marginal_smart,Worst,15
tsiligirides_problem_1_budget_10.txt,marginal_smart,Average,15
tsiligirides_problem_1_budget_10.txt,marginal_smart,RouteDiversity,0
tsiligirides_problem_1_budget_10.txt,marginal_smart,LocalRouteDiversity,0
tsiligirides_problem_1_budget_10.txt,marginal_wise,Median,15
tsiligirides_problem_1_budget_10.txt,marginal_wise,Q1,15
tsiligirides_problem_1_budget_10.txt,marginal_wise,Q3,15
tsiligirides_problem_1_budget_10.txt,marginal_wise,Best,15
tsiligirides_problem_1_budget_10.txt,marginal_wise,Worst,15
tsiligirides_problem_1_budget_10.txt,marginal_wise,Average,15
tsiligirides_problem_1_budget_10.txt,marginal_wise,RouteDiversity,0
tsiligirides_problem_1_budget_10.txt,marginal_wise,LocalRouteDiversity,0
tsiligirides_problem_1_budget_10.txt,marginal_envy,Median,15
tsiligirides_problem_1_budget_10.txt,marginal_envy,Q1,15
tsiligirides_problem_1_budget_10.txt,marginal_envy,Q3,15
tsiligirides_problem_1_budget_10.txt,marginal_envy,Best,15
tsiligirides_problem_1_budget_10.txt,marginal_envy,Worst,15
tsiligirides_problem_1_budget_10.txt,marginal_envy,Average,15
tsiligirides_problem_1_budget_10.txt,marginal_envy,RouteDiversity,0
tsiligirides_problem_1_budget_10.txt,marginal_envy,LocalRouteDiversity,0
tsiligirides_problem_1_budget_10.txt,total_greedy,Median,15
tsiligirides_problem_1_budget_10.txt,total_greedy,Q1,15
tsiligirides_problem_1_budget_10.txt,total_greedy,Q3,15
tsiligirides_problem_1_budget_10.txt,total_greedy,Best,15
tsiligirides_problem_1_budget_10.txt,total_greedy,Worst,15
tsiligirides_problem_1_budget_10.txt,total_greedy,Average,15
tsiligirides_problem_1_budget_10.txt,total_greedy,RouteDiversity,0.5004024024024024
tsiligirides_problem_1_budget_10.txt,total_greedy,LocalRouteDiversity,0
tsiligirides_problem_1_budget_10.txt,total_lazy,Median,15
tsiligirides_problem_1_budget_10.txt,total_lazy,Q1,15
tsiligirides_problem_1_budget_10.txt,total_lazy,Q3,15
tsiligirides_problem_1_budget_10.txt,total_lazy,Best,15
tsiligirides_problem_1_budget_10.txt,total_lazy,Worst,15
tsiligirides_problem_1_budget_10.txt,total_lazy,Average,15
tsiligirides_problem_1_budget_10.txt,total_lazy,RouteDiversity,0
tsiligirides_problem_1_budget_10.txt,total_lazy,LocalRouteDiversity,0
tsiligirides_problem_1_budget_10.txt,total_smart,Median,15
tsiligirides_problem_1_budget_10.txt,total_smart,Q1,15
tsiligirides_problem_1_budget_10.txt,total_smart,Q3,15
tsiligirides_problem_1_budget_10.txt,total_smart,Best,15
tsiligirides_problem_1_budget_10.txt,total_smart,Worst,15
tsiligirides_problem_1_budget_10.txt,total_smart,Average,15
tsiligirides_problem_1_budget_10.txt,total_smart,RouteDiversity,0
tsiligirides_problem_1_budget_10.txt,total_smart,LocalRouteDiversity,0
tsiligirides_problem_1_budget_10.txt,total_wise,Median,15
tsiligirides_problem_1_budget_10.txt,total_wise,Q1,15
tsiligirides_problem_1_budget_10.txt,total_wise,Q3,15
tsiligirides_problem_1_budget_10.txt,total_wise,Best,15
tsiligirides_problem_1_budget_10.txt,total_wise,Worst,15
tsiligirides_problem_1_budget_10.txt,total_wise,Average,15
tsiligirides_problem_1_budget_10.txt,total_wise,RouteDiversity,0
tsiligirides_problem_1_budget_10.txt,total_wise,LocalRouteDiversity,0
tsiligirides_problem_1_budget_10.txt,total_envy,Median,15
tsiligirides_problem_1_budget_10.txt,total_envy,Q1,15
tsiligirides_problem_1_budget_10.txt,total_envy,Q3,15
tsiligirides_problem_1_budget_10.txt,total_envy,Best,15
tsiligirides_problem_1_budget_10.txt,total_envy,Worst,15
tsiligirides_problem_1_budget_10.txt,total_envy,Average,15
tsiligirides_problem_1_budget_10.txt,total_envy,RouteDiversity,0
tsiligirides_problem_1_budget_10.txt,total_envy,LocalRouteDiversity,0
tsiligirides_problem_1_budget_10.txt,selected_random,Median,15
tsiligirides_problem_1_budget_10.txt,selected_random,Q1,15
tsiligirides_problem_1_budget_10.txt,selected_random,Q3,15
tsiligirides_problem_1_budget_10.txt,selected_random,Best,15
tsiligirides_problem_1_budget_10.txt,selected_random,Worst,15
tsiligirides_problem_1_budget_10.txt,selected_random,Average,15
tsiligirides_problem_1_budget_10.txt,selected_random,RouteDiversity,0
tsiligirides_problem_1_budget_10.txt,selected_random,LocalRouteDiversity,0
tsiligirides_problem_1_budget_10.txt,selected_random_random_tie,Median,15
tsiligirides_problem_1_budget_10.txt,selected_random_random_tie,Q1,15
tsiligirides_problem_1_budget_10.txt,selected_random_random_tie,Q3,15
tsiligirides_problem_1_budget_10.txt,selected_random_random_tie,Best,15
tsiligirides_problem_1_budget_10.txt,selected_random_random_tie,Worst,15
tsiligirides_problem_1_budget_10.txt,selected_random_random_tie,Average,15
tsiligirides_problem_1_budget_10.txt,selected_random_random_tie,RouteDiversity,0
tsiligirides_problem_1_budget_10.txt,selected_random_random_tie,LocalRouteDiversity,0
tsiligirides_problem_1_budget_10.txt,selected_random_tie_marginal_envy,Median,15
tsiligirides_problem_1_budget_10.txt,selected_random_tie_marginal_envy,Q1,15
tsiligirides_problem_1_budget_10.txt,selected_random_tie_marginal_envy,Q3,15
tsiligirides_problem_1_budget_10.txt,selected_random_tie_marginal_envy,Best,15
tsiligirides_problem_1_budget_10.txt,selected_random_tie_marginal_envy,Worst,15
tsiligirides_problem_1_budget_10.txt,selected_random_tie_marginal_envy,Average,15
tsiligirides_problem_1_budget_10.txt,selected_random_tie_marginal_envy,RouteDiversity,0
tsiligirides_problem_1_budget_10.txt,selected_random_tie_marginal_envy,LocalRouteDiversity,0
tsiligirides_problem_1_budget_10.txt,selected_random_tie_total_envy,Median,15
tsiligirides_problem_1_budget_10.txt,selected_random_tie_total_envy,Q1,15
tsiligirides_problem_1_budget_10.txt,selected_random_tie_total_envy,Q3,15
tsiligirides_problem_1_budget_10.txt,selected_random_tie_total_envy,Best,15
tsiligirides_problem_1_budget_10.txt,selected_random_tie_total_envy,Worst,15
tsiligirides_problem_1_budget_10.txt,selected_random_tie_total_envy,Average,15
tsiligirides_problem_1_budget_10.txt,selected_random_tie_total_envy,RouteDiversity,0
tsiligirides_problem_1_budget_10.txt,selected_random_tie_total_envy,LocalRouteDiversity,0
tsiligirides_problem_1_budget_10.txt,selected_random_tie_marginal_wise,Median,15
tsiligirides_problem_1_budget_10.txt,selected_random_tie_marginal_wise,Q1,15
tsiligirides_problem_1_budget_10.txt,selected_random_tie_marginal_wise,Q3,15
tsiligirides_problem_1_budget_10.txt,selected_random_tie_marginal_wise,Best,15
tsiligirides_problem_1_budget_10.txt,selected_random_tie_marginal_wise,Worst,15
tsiligirides_problem_1_budget_10.txt,selected_random_tie_marginal_wise,Average,15
tsiligirides_problem_1_budget_10.txt,selected_random_tie_marginal_wise,RouteDiversity,0
tsiligirides_problem_1_budget_10.txt,selected_random_tie_marginal_wise,LocalRouteDiversity,0
tsiligirides_problem_2_budget_23.txt,marginal_greedy,Median,100
tsiligirides_problem_2_budget_23.txt,marginal_greedy,Q1,100
tsiligirides_problem_2_budget_23.txt,marginal_greedy,Q3,100
tsiligirides_problem_2_budget_23.txt,marginal_greedy,Best,100
tsiligirides_problem_2_budget_23.txt,marginal_greedy,Worst,100
tsiligirides_problem_2_budget_23.txt,marginal_greedy,Average,100
tsiligirides_problem_2_budget_23.txt,marginal_greedy,RouteDiversity,0
tsiligirides_problem_2_budget_23.txt,marginal_greedy,LocalRouteDiversity,0
tsiligirides_problem_2_budget_23.txt,marginal_lazy,Median,200
tsiligirides_problem_2_budget_23.txt,marginal_lazy,Q1,200
tsiligirides_problem_2_budget_23.txt,marginal_lazy,Q3,200
tsiligirides_problem_2_budget_23.txt,marginal_lazy,Best,200
tsiligirides_problem_2_budget_23.txt,marginal_lazy,Worst,200
tsiligirides_problem_2_budget_23.txt,marginal_lazy,Average,200
tsiligirides_problem_2_budget_23.txt,marginal_lazy,RouteDiversity,0
tsiligirides_problem_2_budget_23.txt,marginal_lazy,LocalRouteDiversity,0
tsiligirides_problem_2_budget_23.txt,marginal_smart,Median,200
tsiligirides_problem_2_budget_23.txt,marginal_smart,Q1,200
tsiligirides_problem_2_budget_23.txt,marginal_smart,Q3,200
tsiligirides_problem_2_budget_23.txt,marginal_smart,Best,200
tsiligirides_problem_2_budget_23.txt,marginal_smart,Worst,200
tsiligirides_problem_2_budget_23.txt,marginal_smart,Average,200
tsiligirides_problem_2_budget_23.txt,marginal_smart,RouteDiversity,0
tsiligirides_problem_2_budget_23.txt,marginal_smart,LocalRouteDiversity,0
tsiligirides_problem_2_budget_23.txt,marginal_wise,Median,200
tsiligirides_problem_2_budget_23.txt,marginal_wise,Q1,200
tsiligirides_problem_2_budget_23.txt,marginal_wise,Q3,200
tsiligirides_problem_2_budget_23.txt,marginal_wise,Best,200
tsiligirides_problem_2_budget_23.txt,marginal_wise,Worst,200
tsiligirides_problem_2_budget_23.txt,marginal_wise,Average,200
tsiligirides_problem_2_budget_23.txt,marginal_wise,RouteDiversity,0
tsiligirides_problem_2_budget_23.txt,marginal_wise,LocalRouteDiversity,0
tsiligirides_problem_2_budget_23.txt,marginal_envy,Median,200
tsiligirides_problem_2_budget_23.txt,marginal_envy,Q1,200
tsiligirides_problem_2_budget_23.txt,marginal_envy,Q3,200
tsiligirides_problem_2_budget_23.txt,marginal_envy,Best,200
tsiligirides_problem_2_budget_23.txt,marginal_envy,Worst,200
tsiligirides_problem_2_budget_23.txt,marginal_envy,Average,200
tsiligirides_problem_2_budget_23.txt,marginal_envy,RouteDiversity,0
tsiligirides_problem_2_budget_23.txt,marginal_envy,LocalRouteDiversity,0
tsiligirides_problem_2_budget_23.txt,total_greedy,Median,100
tsiligirides_problem_2_budget_23.txt,total_greedy,Q1,100
tsiligirides_problem_2_budget_23.txt,total_greedy,Q3,100
tsiligirides_problem_2_budget_23.txt,total_greedy,Best,100
tsiligirides_problem_2_budget_23.txt,total_greedy,Worst,100
tsiligirides_problem_2_budget_23.txt,total_greedy,Average,100
tsiligirides_problem_2_budget_23.txt,total_greedy,RouteDiversity,0
tsiligirides_problem_2_budget_23.txt,total_greedy,LocalRouteDiversity,0
tsiligirides_problem_2_budget_23.txt,total_lazy,Median,200
tsiligirides_problem_2_budget_23.txt,total_lazy,Q1,200
tsiligirides_problem_2_budget_23.txt,total_lazy,Q3,200
tsiligirides_problem_2_budget_23.txt,total_lazy,Best,200
tsiligirides_problem_2_budget_23.txt,total_lazy,Worst,200
tsiligirides_problem_2_budget_23.txt,total_lazy,Average,200
tsiligirides_problem_2_budget_23.txt,total_lazy,RouteDiversity,0
tsiligirides_problem_2_budget_23.txt,total_lazy,LocalRouteDiversity,0
tsiligirides_problem_2_budget_23.txt,total_smart,Median,200
tsiligirides_problem_2_budget_23.txt,total_smart,Q1,200
tsiligirides_problem_2_budget_23.txt,total_smart,Q3,200
tsiligirides_problem_2_budget_23.txt,total_smart,Best,200
tsiligirides_problem_2_budget_23.txt,total_smart,Worst,200
tsiligirides_problem_2_budget_23.txt,total_smart,Average,200
tsiligirides_problem_2_budget_23.txt,total_smart,RouteDiversity,0
tsiligirides_problem_2_budget_23.txt,total_smart,LocalRouteDiversity,0
tsiligirides_problem_2_budget_23.txt,total_wise,Median,200
tsiligirides_problem_2_budget_23.txt,total_wise,Q1,200
tsiligirides_problem_2_budget_23.txt,total_wise,Q3,200
tsiligirides_problem_2_budget_23.txt,total_wise,Best,200
tsiligirides_problem_2_budget_23.txt,total_wise,Worst,200
tsiligirides_problem_2_budget_23.txt,total_wise,Average,200
tsiligirides_problem_2_budget_23.txt,total_wise,RouteDiversity,0
tsiligirides_problem_2_budget_23.txt,total_wise,LocalRouteDiversity,0
tsiligirides_problem_2_budget_23.txt,total_envy,Median,200
tsiligirides_problem_2_budget_23.txt,total_envy,Q1,200
tsiligirides_problem_2_budget_23.txt,total_envy,Q3,200
tsiligirides_problem_2_budget_23.txt,total_envy,Best,200
tsiligirides_problem_2_budget_23.txt,total_envy,Worst,200
tsiligirides_problem_2_budget_23.txt,total_envy,Average,200
tsiligirides_problem_2_budget_23.txt,total_envy,RouteDiversity,0
tsiligirides_problem_2_budget_23.txt,total_envy,LocalRouteDiversity,0
tsiligirides_problem_2_budget_23.txt,selected_random,Median,200
tsiligirides_problem_2_budget_23.txt,selected_random,Q1,200
tsiligirides_problem_2_budget_23.txt,selected_random,Q3,200
tsiligirides_problem_2_budget_23.txt,selected_random,Best,200
tsiligirides_problem_2_budget_23.txt,selected_random,Worst,190
tsiligirides_problem_2_budget_23.txt,selected_random,Average,198.21
tsiligirides_problem_2_budget_23.txt,selected_random,RouteDiversity,0.23962454120752943
tsiligirides_problem_2_budget_23.txt,selected_random,LocalRouteDiversity,0
tsiligirides_problem_2_budget_23.txt,selected_random_random_tie,Median,200
tsiligirides_problem_2_budget_23.txt,selected_random_random_tie,Q1,200
tsiligirides_problem_2_budget_23.txt,selected_random_random_tie,Q3,200
tsiligirides_problem_2_budget_23.txt,selected_random_random_tie,Best,200
tsiligirides_problem_2_budget_23.txt,selected_random_random_tie,Worst,190
tsiligirides_problem_2_budget_23.txt,selected_random_random_tie,Average,198.262
tsiligirides_problem_2_budget_23.txt,selected_random_random_tie,RouteDiversity,0.2268803247688859
tsiligirides_problem_2_budget_23.txt,selected_random_random_tie,LocalRouteDiversity,0
tsiligirides_problem_2_budget_23.txt,selected_random_tie_marginal_envy,Median,200
tsiligirides_problem_2_budget_23.txt,selected_random_tie_marginal_envy,Q1,200
tsiligirides_problem_2_budget_23.txt,selected_random_tie_marginal_envy,Q3,200
tsiligirides_problem_2_budget_23.txt,selected_random_tie_marginal_envy,Best,200
tsiligirides_problem_2_budget_23.txt,selected_random_tie_marginal_envy,Worst,190
tsiligirides_problem_2_budget_23.txt,selected_random_tie_marginal_envy,Average,198.32
tsiligirides_problem_2_budget_23.txt,selected_random_tie_marginal_envy,RouteDiversity,0.2508876654428572
tsiligirides_problem_2_budget_23.txt,selected_random_tie_marginal_envy,LocalRouteDiversity,0
tsiligirides_problem_2_budget_23.txt,selected_random_tie_total_envy,Median,200
tsiligirides_problem_2_budget_23.txt,selected_random_tie_total_envy,Q1,200
tsiligirides_problem_2_budget_23.txt,selected_random_tie_total_envy,Q3,200
tsiligirides_problem_2_budget_23.txt,selected_random_tie_total_envy,Best,200
tsiligirides_problem_2_budget_23.txt,selected_random_tie_total_envy,Worst,190
tsiligirides_problem_2_budget_23.txt,selected_random_tie_total_envy,Average,198.282
tsiligirides_problem_2_budget_23.txt,selected_random_tie_total_envy,RouteDiversity,0.24291669447191871
tsiligirides_problem_2_budget_23.txt,selected_random_tie_total_envy,LocalRouteDiversity,0
tsiligirides_problem_2_budget_23.txt,selected_random_tie_marginal_wise,Median,200
tsiligirides_problem_2_budget_23.txt,selected_random_tie_marginal_wise,Q1,200
tsiligirides_problem_2_budget_23.txt,selected_random_tie_marginal_wise,Q3,200
tsiligirides_problem_2_budget_23.txt,selected_random_tie_marginal_wise,Best,200
tsiligirides_problem_2_budget_23.txt,selected_random_tie_marginal_wise,Worst,190
tsiligirides_problem_2_budget_23.txt,selected_random_tie_marginal_wise,Average,198.338
tsiligirides_problem_2_budget_23.txt,selected_random_tie_marginal_wise,RouteDiversity,0.25070603937234137
tsiligirides_problem_2_budget_23.txt,selected_random_tie_marginal_wise,LocalRouteDiversity,0
set_66_1_070.txt,marginal_greedy,Median,510
set_66_1_070.txt,marginal_greedy,Q1,440
set_66_1_070.txt,marginal_greedy,Q3,580
set_66_1_070.txt,marginal_greedy,Best,945
set_66_1_070.txt,marginal_greedy,Worst,215
set_66_1_070.txt,marginal_greedy,Average,513.747
set_66_1_070.txt,marginal_greedy,RouteDiversity,0.9748929014312466
set_66_1_070.txt,marginal_greedy,LocalRouteDiversity,0.8050429732206795
set_66_1_070.txt,marginal_lazy,Median,620
set_66_1_070.txt,marginal_lazy,Q1,620
set_66_1_070.txt,marginal_lazy,Q3,620
set_66_1_070.txt,marginal_lazy,Best,620
set_66_1_070.txt,marginal_lazy,Worst,620
set_66_1_070.txt,marginal_lazy,Average,620
set_66_1_070.txt,marginal_lazy,RouteDiversity,0.48458058058058057
set_66_1_070.txt,marginal_lazy,LocalRouteDiversity,0
set_66_1_070.txt,marginal_smart,Median,960
set_66_1_070.txt,marginal_smart,Q1,960
set_66_1_070.txt,marginal_smart,Q3,960
set_66_1_070.txt,marginal_smart,Best,960
set_66_1_070.txt,marginal_smart,Worst,960
set_66_1_070.txt,marginal_smart,Average,960
set_66_1_070.txt,marginal_smart,RouteDiversity,0.7267828453453453
set_66_1_070.txt,marginal_smart,LocalRouteDiversity,0
set_66_1_070.txt,marginal_wise,Median,960
set_66_1_070.txt,marginal_wise,Q1,960
set_66_1_070.txt,marginal_wise,Q3,960
set_66_1_070.txt,marginal_wise,Best,960
set_66_1_070.txt,marginal_wise,Worst,960
set_66_1_070.txt,marginal_wise,Average,960
set_66_1_070.txt,marginal_wise,RouteDiversity,0.4999219219219219
set_66_1_070.txt,marginal_wise,LocalRouteDiversity,0
set_66_1_070.txt,marginal_envy,Median,960
set_66_1_070.txt,marginal_envy,Q1,960
set_66_1_070.txt,marginal_envy,Q3,960
set_66_1_070.txt,marginal_envy,Best,960
set_66_1_070.txt,marginal_envy,Worst,960
set_66_1_070.txt,marginal_envy,Average,960
set_66_1_070.txt,marginal_envy,RouteDiversity,0.7264532657657657
set_66_1_070.txt,marginal_envy,LocalRouteDiversity,0
set_66_1_070.txt,total_greedy,Median,510
set_66_1_070.txt,total_greedy,Q1,440
set_66_1_070.txt,total_greedy,Q3,580
set_66_1_070.txt,total_greedy,Best,1010
set_66_1_070.txt,total_greedy,Worst,225
set_66_1_070.txt,total_greedy,Average,513.44
set_66_1_070.txt,total_greedy,RouteDiversity,0.975032356052893
set_66_1_070.txt,total_greedy,LocalRouteDiversity,0.8051785528713895
set_66_1_070.txt,total_lazy,Median,680
set_66_1_070.txt,total_lazy,Q1,680
set_66_1_070.txt,total_lazy,Q3,690
set_66_1_070.txt,total_lazy,Best,690
set_66_1_070.txt,total_lazy,Worst,680
set_66_1_070.txt,total_lazy,Average,684.952
set_66_1_070.txt,total_lazy,RouteDiversity,0.5277430573426689
set_66_1_070.txt,total_lazy,LocalRouteDiversity,0
set_66_1_070.txt,total_smart,Median,970
set_66_1_070.txt,total_smart,Q1,960
set_66_1_070.txt,total_smart,Q3,970
set_66_1_070.txt,total_smart,Best,970
set_66_1_070.txt,total_smart,Worst,960
set_66_1_070.txt,total_smart,Average,965.06
set_66_1_070.txt,total_smart,RouteDiversity,0.7179285737357146
set_66_1_070.txt,total_smart,LocalRouteDiversity,0
set_66_1_070.txt,total_wise,Median,960
set_66_1_070.txt,total_wise,Q1,960
set_66_1_070.txt,total_wise,Q3,960
set_66_1_070.txt,total_wise,Best,960
set_66_1_070.txt,total_wise,Worst,960
set_66_1_070.txt,total_wise,Average,960
set_66_1_070.txt,total_wise,RouteDiversity,0.4998518518518518
set_66_1_070.txt,total_wise,LocalRouteDiversity,0
set_66_1_070.txt,total_envy,Median,960
set_66_1_070.txt,total_envy,Q1,960
set_66_1_070.txt,total_envy,Q3,960
set_66_1_070.txt,total_envy,Best,960
set_66_1_070.txt,total_envy,Worst,960
set_66_1_070.txt,total_envy,Average,960
set_66_1_070.txt,total_envy,RouteDiversity,0.7182146662798731
set_66_1_070.txt,total_envy,LocalRouteDiversity,0
set_66_1_070.txt,selected_random,Median,960
set_66_1_070.txt,selected_random,Q1,960
set_66_1_070.txt,selected_random,Q3,960
set_66_1_070.txt,selected_random,Best,970
set_66_1_070.txt,selected_random,Worst,940
set_66_1_070.txt,selected_random,Average,959.818
set_66_1_070.txt,selected_random,RouteDiversity,0.7828585716677674
set_66_1_070.txt,selected_random,LocalRouteDiversity,0.006959429390879966
set_66_1_070.txt,selected_random_random_tie,Median,960
set_66_1_070.txt,selected_random_random_tie,Q1,960
set_66_1_070.txt,selected_random_random_tie,Q3,960
set_66_1_070.txt,selected_random_random_tie,Best,980
set_66_1_070.txt,selected_random_random_tie,Worst,940
set_66_1_070.txt,selected_random_random_tie,Average,961.704
set_66_1_070.txt,selected_random_random_tie,RouteDiversity,0.7958662427055578
set_66_1_070.txt,selected_random_random_tie,LocalRouteDiversity,0.009549180988084474
set_66_1_070.txt,selected_random_tie_marginal_envy,Median,960
set_66_1_070.txt,selected_random_tie_marginal_envy,Q1,960
set_66_1_070.txt,selected_random_tie_marginal_envy,Q3,960
set_66_1_070.txt,selected_random_tie_marginal_envy,Best,970
set_66_1_070.txt,selected_random_tie_marginal_envy,Worst,940
set_66_1_070.txt,selected_random_tie_marginal_envy,Average,961.714
set_66_1_070.txt,selected_random_tie_marginal_envy,RouteDiversity,0.7954701947893779
set_66_1_070.txt,selected_random_tie_marginal_envy,LocalRouteDiversity,0.01098964012892126
set_66_1_070.txt,selected_random_tie_total_envy,Median,960
set_66_1_070.txt,selected_random_tie_total_envy,Q1,960
set_66_1_070.txt,selected_random_tie_total_envy,Q3,960
set_66_1_070.txt,selected_random_tie_total_envy,Best,970
set_66_1_070.txt,selected_random_tie_total_envy,Worst,940
set_66_1_070.txt,selected_random_tie_total_envy,Average,961.748
set_66_1_070.txt,selected_random_tie_total_envy,RouteDiversity,0.7981089977572581
set_66_1_070.txt,selected_random_tie_total_envy,LocalRouteDiversity,0.011516544702103108
set_66_1_070.txt,selected_random_tie_marginal_wise,Median,960
set_66_1_070.txt,selected_random_tie_marginal_wise,Q1,960
set_66_1_070.txt,selected_random_tie_marginal_wise,Q3,960
set_66_1_070.txt,selected_random_tie_marginal_wise,Best,970
set_66_1_070.txt,selected_random_tie_marginal_wise,Worst,940
set_66_1_070.txt,selected_random_tie_marginal_wise,Average,961.792
set_66_1_070.txt,selected_random_tie_marginal_wise,RouteDiversity,0.7966646407009764
set_66_1_070.txt,selected_random_tie_marginal_wise,LocalRouteDiversity,0.0122011391388261
tsiligirides_problem_1_budget_40.txt,marginal_greedy,Median,90
tsiligirides_problem_1_budget_40.txt,marginal_greedy,Q1,85
tsiligirides_problem_1_budget_40.txt,marginal_greedy,Q3,100
tsiligirides_problem_1_budget_40.txt,marginal_greedy,Best,135
tsiligirides_problem_1_budget_40.txt,marginal_greedy,Worst,60
tsiligirides_problem_1_budget_40.txt,marginal_greedy,Average,91.32
tsiligirides_problem_1_budget_40.txt,marginal_greedy,RouteDiversity,0.9038582845477403
tsiligirides_problem_1_budget_40.txt,marginal_greedy,LocalRouteDiversity,0.1307650573772633
tsiligirides_problem_1_budget_40.txt,marginal_lazy,Median,110
tsiligirides_problem_1_budget_40.txt,marginal_lazy,Q1,110
tsiligirides_problem_1_budget_40.txt,marginal_lazy,Q3,110
tsiligirides_problem_1_budget_40.txt,marginal_lazy,Best,110
tsiligirides_problem_1_budget_40.txt,marginal_lazy,Worst,110
tsiligirides_problem_1_budget_40.txt,marginal_lazy,Average,110
tsiligirides_problem_1_budget_40.txt,marginal_lazy,RouteDiversity,0
tsiligirides_problem_1_budget_40.txt,marginal_lazy,LocalRouteDiversity,0
tsiligirides_problem_1_budget_40.txt,marginal_smart,Median,115
tsiligirides_problem_1_budget_40.txt,marginal_smart,Q1,115
tsiligirides_problem_1_budget_40.txt,marginal_smart,Q3,115
tsiligirides_problem_1_budget_40.txt,marginal_smart,Best,115
tsiligirides_problem_1_budget_40.txt,marginal_smart,Worst,115
tsiligirides_problem_1_budget_40.txt,marginal_smart,Average,115
tsiligirides_problem_1_budget_40.txt,marginal_smart,RouteDiversity,0
tsiligirides_problem_1_budget_40.txt,marginal_smart,LocalRouteDiversity,0
tsiligirides_problem_1_budget_40.txt,marginal_wise,Median,115
tsiligirides_problem_1_budget_40.txt,marginal_wise,Q1,115
tsiligirides_problem_1_budget_40.txt,marginal_wise,Q3,115
tsiligirides_problem_1_budget_40.txt,marginal_wise,Best,115
tsiligirides_problem_1_budget_40.txt,marginal_wise,Worst,115
tsiligirides_problem_1_budget_40.txt,marginal_wise,Average,115
tsiligirides_problem_1_budget_40.txt,marginal_wise,RouteDiversity,0
tsiligirides_problem_1_budget_40.txt,marginal_wise,LocalRouteDiversity,0
tsiligirides_problem_1_budget_40.txt,marginal_envy,Median,130
tsiligirides_problem_1_budget_40.txt,marginal_envy,Q1,130
tsiligirides_problem_1_budget_40.txt,marginal_envy,Q3,130
tsiligirides_problem_1_budget_40.txt,marginal_envy,Best,130
tsiligirides_problem_1_budget_40.txt,marginal_envy,Worst,130
tsiligirides_problem_1_budget_40.txt,marginal_envy,Average,130
tsiligirides_problem_1_budget_40.txt,marginal_envy,RouteDiversity,0
tsiligirides_problem_1_budget_40.txt,marginal_envy,LocalRouteDiversity,0
tsiligirides_problem_1_budget_40.txt,total_greedy,Median,90
tsiligirides_problem_1_budget_40.txt,total_greedy,Q1,85
tsiligirides_problem_1_budget_40.txt,total_greedy,Q3,100
tsiligirides_problem_1_budget_40.txt,total_greedy,Best,145
tsiligirides_problem_1_budget_40.txt,total_greedy,Worst,60
tsiligirides_problem_1_budget_40.txt,total_greedy,Average,91.414
tsiligirides_problem_1_budget_40.txt,total_greedy,RouteDiversity,0.9030238228657543
tsiligirides_problem_1_budget_40.txt,total_greedy,LocalRouteDiversity,0.13844326693430412
tsiligirides_problem_1_budget_40.txt,total_lazy,Median,110
tsiligirides_problem_1_budget_40.txt,total_lazy,Q1,110
tsiligirides_problem_1_budget_40.txt,total_lazy,Q3,110
tsiligirides_problem_1_budget_40.txt,total_lazy,Best,110
tsiligirides_problem_1_budget_40.txt,total_lazy,Worst,110
tsiligirides_problem_1_budget_40.txt,total_lazy,Average,110
tsiligirides_problem_1_budget_40.txt,total_lazy,RouteDiversity,0
tsiligirides_problem_1_budget_40.txt,total_lazy,LocalRouteDiversity,0
tsiligirides_problem_1_budget_40.txt,total_smart,Median,115
tsiligirides_problem_1_budget_40.txt,total_smart,Q1,115
tsiligirides_problem_1_budget_40.txt,total_smart,Q3,115
tsiligirides_problem_1_budget_40.txt,total_smart,Best,115
tsiligirides_problem_1_budget_40.txt,total_smart,Worst,115
tsiligirides_problem_1_budget_40.txt,total_smart,Average,115
tsiligirides_problem_1_budget_40.txt,total_smart,RouteDiversity,0
tsiligirides_problem_1_budget_40.txt,total_smart,LocalRouteDiversity,0
tsiligirides_problem_1_budget_40.txt,total_wise,Median,115
tsiligirides_problem_1_budget_40.txt,total_wise,Q1,115
tsiligirides_problem_1_budget_40.txt,total_wise,Q3,115
tsiligirides_problem_1_budget_40.txt,total_wise,Best,115
tsiligirides_problem_1_budget_40.txt,total_wise,Worst,115
tsiligirides_problem_1_budget_40.txt,total_wise,Average,115
tsiligirides_problem_1_budget_40.txt,total_wise,RouteDiversity,0
tsiligirides_problem_1_budget_40.txt,total_wise,LocalRouteDiversity,0
tsiligirides_problem_1_budget_40.txt,total_envy,Median,120
tsiligirides_problem_1_budget_40.txt,total_envy,Q1,120
tsiligirides_problem_1_budget_40.txt,total_envy,Q3,120
tsiligirides_problem_1_budget_40.txt,total_envy,Best,120
tsiligirides_problem_1_budget_40.txt,total_envy,Worst,120
tsiligirides_problem_1_budget_40.txt,total_envy,Average,120
tsiligirides_problem_1_budget_40.txt,total_envy,RouteDiversity,0
tsiligirides_problem_1_budget_40.txt,total_envy,LocalRouteDiversity,0
tsiligirides_problem_1_budget_40.txt,selected_random,Median,125
tsiligirides_problem_1_budget_40.txt,selected_random,Q1,115
tsiligirides_problem_1_budget_40.txt,selected_random,Q3,130
tsiligirides_problem_1_budget_40.txt,selected_random,Best,135
tsiligirides_problem_1_budget_40.txt,selected_random,Worst,110
tsiligirides_problem_1_budget_40.txt,selected_random,Average,122.554
tsiligirides_problem_1_budget_40.txt,selected_random,RouteDiversity,0.7621386972541087
tsiligirides_problem_1_budget_40.txt,selected_random,LocalRouteDiversity,0.0017555555555555556
tsiligirides_problem_1_budget_40.txt,selected_random_random_tie,Median,125
tsiligirides_problem_1_budget_40.txt,selected_random_random_tie,Q1,115
tsiligirides_problem_1_budget_40.txt,selected_random_random_tie,Q3,130
tsiligirides_problem_1_budget_40.txt,selected_random_random_tie,Best,135
tsiligirides_problem_1_budget_40.txt,selected_random_random_tie,Worst,110
tsiligirides_problem_1_budget_40.txt,selected_random_random_tie,Average,122.322
tsiligirides_problem_1_budget_40.txt,selected_random_random_tie,RouteDiversity,0.764102105941001
tsiligirides_problem_1_budget_40.txt,selected_random_random_tie,LocalRouteDiversity,0.0011400000000000002
tsiligirides_problem_1_budget_40.txt,selected_random_tie_marginal_envy,Median,125
tsiligirides_problem_1_budget_40.txt,selected_random_tie_marginal_envy,Q1,115
tsiligirides_problem_1_budget_40.txt,selected_random_tie_marginal_envy,Q3,130
tsiligirides_problem_1_budget_40.txt,selected_random_tie_marginal_envy,Best,135
tsiligirides_problem_1_budget_40.txt,selected_random_tie_marginal_envy,Worst,110
tsiligirides_problem_1_budget_40.txt,selected_random_tie_marginal_envy,Average,122.525
tsiligirides_problem_1_budget_40.txt,selected_random_tie_marginal_envy,RouteDiversity,0.7646361219041009
tsiligirides_problem_1_budget_40.txt,selected_random_tie_marginal_envy,LocalRouteDiversity,0.0012755555555555558
tsiligirides_problem_1_budget_40.txt,selected_random_tie_total_envy,Median,125
tsiligirides_problem_1_budget_40.txt,selected_random_tie_total_envy,Q1,115
tsiligirides_problem_1_budget_40.txt,selected_random_tie_total_envy,Q3,130
tsiligirides_problem_1_budget_40.txt,selected_random_tie_total_envy,Best,135
tsiligirides_problem_1_budget_40.txt,selected_random_tie_total_envy,Worst,110
tsiligirides_problem_1_budget_40.txt,selected_random_tie_total_envy,Average,122.626
tsiligirides_problem_1_budget_40.txt,selected_random_tie_total_envy,RouteDiversity,0.7684852327983801
tsiligirides_problem_1_budget_40.txt,selected_random_tie_total_envy,LocalRouteDiversity,0.0008
tsiligirides_problem_1_budget_40.txt,selected_random_tie_marginal_wise,Median,125
tsiligirides_problem_1_budget_40.txt,selected_random_tie_marginal_wise,Q1,115
tsiligirides_problem_1_budget_40.txt,selected_random_tie_marginal_wise,Q3,130
tsiligirides_problem_1_budget_40.txt,selected_random_tie_marginal_wise,Best,135
tsiligirides_problem_1_budget_40.txt,selected_random_tie_marginal_wise,Worst,110
tsiligirides_problem_1_budget_40.txt,selected_random_tie_marginal_wise,Average,122.428
tsiligirides_problem_1_budget_40.txt,selected_random_tie_marginal_wise,RouteDiversity,0.759911847744741
tsiligirides_problem_1_budget_40.txt,selected_random_tie_marginal_wise,LocalRouteDiversity,0.0009555555555555556
tsiligirides_problem_1_budget_15.txt,marginal_greedy,Median,35
tsiligirides_problem_1_budget_15.txt,marginal_greedy,Q1,35
tsiligirides_problem_1_budget_15.txt,marginal_greedy,Q3,45
tsiligirides_problem_1_budget_15.txt,marginal_greedy,Best,45
tsiligirides_problem_1_budget_15.txt,marginal_greedy,Worst,35
tsiligirides_problem_1_budget_15.txt,marginal_greedy,Average,38.27
tsiligirides_problem_1_budget_15.txt,marginal_greedy,RouteDiversity,0.4548528528528529
tsiligirides_problem_1_budget_15.txt,marginal_greedy,LocalRouteDiversity,0
tsiligirides_problem_1_budget_15.txt,marginal_lazy,Median,35
tsiligirides_problem_1_budget_15.txt,marginal_lazy,Q1,35
tsiligirides_problem_1_budget_15.txt,marginal_lazy,Q3,35
tsiligirides_problem_1_budget_15.txt,marginal_lazy,Best,35
tsiligirides_problem_1_budget_15.txt,marginal_lazy,Worst,35
tsiligirides_problem_1_budget_15.txt,marginal_lazy,Average,35
tsiligirides_problem_1_budget_15.txt,marginal_lazy,RouteDiversity,0
tsiligirides_problem_1_budget_15.txt,marginal_lazy,LocalRouteDiversity,0
tsiligirides_problem_1_budget_15.txt,marginal_smart,Median,35
tsiligirides_problem_1_budget_15.txt,marginal_smart,Q1,35
tsiligirides_problem_1_budget_15.txt,marginal_smart,Q3,35
tsiligirides_problem_1_budget_15.txt,marginal_smart,Best,35
tsiligirides_problem_1_budget_15.txt,marginal_smart,Worst,35
tsiligirides_problem_1_budget_15.txt,marginal_smart,Average,35
tsiligirides_problem_1_budget_15.txt,marginal_smart,RouteDiversity,0
tsiligirides_problem_1_budget_15.txt,marginal_smart,LocalRouteDiversity,0
tsiligirides_problem_1_budget_15.txt,marginal_wise,Median,35
tsiligirides_problem_1_budget_15.txt,marginal_wise,Q1,35
tsiligirides_problem_1_budget_15.txt,marginal_wise,Q3,35
tsiligirides_problem_1_budget_15.txt,marginal_wise,Best,35
tsiligirides_problem_1_budget_15.txt,marginal_wise,Worst,35
tsiligirides_problem_1_budget_15.txt,marginal_wise,Average,35
tsiligirides_problem_1_budget_15.txt,marginal_wise,RouteDiversity,0
tsiligirides_problem_1_budget_15.txt,marginal_wise,LocalRouteDiversity,0
tsiligirides_problem_1_budget_15.txt,marginal_envy,Median,35
tsiligirides_problem_1_budget_15.txt,marginal_envy,Q1,35
tsiligirides_problem_1_budget_15.txt,marginal_envy,Q3,35
tsiligirides_problem_1_budget_15.txt,marginal_envy,Best,35
tsiligirides_problem_1_budget_15.txt,marginal_envy,Worst,35
tsiligirides_problem_1_budget_15.txt,marginal_envy,Average,35
tsiligirides_problem_1_budget_15.txt,marginal_envy,RouteDiversity,0
tsiligirides_problem_1_budget_15.txt,marginal_envy,LocalRouteDiversity,0
tsiligirides_problem_1_budget_15.txt,total_greedy,Median,35
tsiligirides_problem_1_budget_15.txt,total_greedy,Q1,35
tsiligirides_problem_1_budget_15.txt,total_greedy,Q3,45
tsiligirides_problem_1_budget_15.txt,total_greedy,Best,45
tsiligirides_problem_1_budget_15.txt,total_greedy,Worst,35
tsiligirides_problem_1_budget_15.txt,total_greedy,Average,38.352
tsiligirides_problem_1_budget_15.txt,total_greedy,RouteDiversity,0.4356356356356356
tsiligirides_problem_1_budget_15.txt,total_greedy,LocalRouteDiversity,0
tsiligirides_problem_1_budget_15.txt,total_lazy,Median,35
tsiligirides_problem_1_budget_15.txt,total_lazy,Q1,35
tsiligirides_problem_1_budget_15.txt,total_lazy,Q3,35
tsiligirides_problem_1_budget_15.txt,total_lazy,Best,35
tsiligirides_problem_1_budget_15.txt,total_lazy,Worst,35
tsiligirides_problem_1_budget_15.txt,total_lazy,Average,35
tsiligirides_problem_1_budget_15.txt,total_lazy,RouteDiversity,0
tsiligirides_problem_1_budget_15.txt,total_lazy,LocalRouteDiversity,0
tsiligirides_problem_1_budget_15.txt,total_smart,Median,35
tsiligirides_problem_1_budget_15.txt,total_smart,Q1,35
tsiligirides_problem_1_budget_15.txt,total_smart,Q3,35
tsiligirides_problem_1_budget_15.txt,total_smart,Best,35
tsiligirides_problem_1_budget_15.txt,total_smart,Worst,35
tsiligirides_problem_1_budget_15.txt,total_smart,Average,35
tsiligirides_problem_1_budget_15.txt,total_smart,RouteDiversity,0
tsiligirides_problem_1_budget_15.txt,total_smart,LocalRouteDiversity,0
tsiligirides_problem_1_budget_15.txt,total_wise,Median,35
tsiligirides_problem_1_budget_15.txt,total_wise,Q1,35
tsiligirides_problem_1_budget_15.txt,total_wise,Q3,35
tsiligirides_problem_1_budget_15.txt,total_wise,Best,35
tsiligirides_problem_1_budget_15.txt,total_wise,Worst,35
tsiligirides_problem_1_budget_15.txt,total_wise,Average,35
tsiligirides_problem_1_budget_15.txt,total_wise,RouteDiversity,0
tsiligirides_problem_1_budget_15.txt,total_wise,LocalRouteDiversity,0
tsiligirides_problem_1_budget_15.txt,total_envy,Median,35
tsiligirides_problem_1_budget_15.txt,total_envy,Q1,35
tsiligirides_problem_1_budget_15.txt,total_envy,Q3,35
tsiligirides_problem_1_budget_15.txt,total_envy,Best,35
tsiligirides_problem_1_budget_15.txt,total_envy,Worst,35
tsiligirides_problem_1_budget_15.txt,total_envy,Average,35
tsiligirides_problem_1_budget_15.txt,total_envy,RouteDiversity,0
tsiligirides_problem_1_budget_15.txt,total_envy,LocalRouteDiversity,0
tsiligirides_problem_1_budget_15.txt,selected_random,Median,35
tsiligirides_problem_1_budget_15.txt,selected_random,Q1,35
tsiligirides_problem_1_budget_15.txt,selected_random,Q3,35
tsiligirides_problem_1_budget_15.txt,selected_random,Best,35
tsiligirides_problem_1_budget_15.txt,selected_random,Worst,35
tsiligirides_problem_1_budget_15.txt,selected_random,Average,35
tsiligirides_problem_1_budget_15.txt,selected_random,RouteDiversity,0.43848648648648647
tsiligirides_problem_1_budget_15.txt,selected_random,LocalRouteDiversity,0
tsiligirides_problem_1_budget_15.txt,selected_random_random_tie,Median,35
tsiligirides_problem_1_budget_15.txt,selected_random_random_tie,Q1,35
tsiligirides_problem_1_budget_15.txt,selected_random_random_tie,Q3,35
tsiligirides_problem_1_budget_15.txt,selected_random_random_tie,Best,35
tsiligirides_problem_1_budget_15.txt,selected_random_random_tie,Worst,35
tsiligirides_problem_1_budget_15.txt,selected_random_random_tie,Average,35
tsiligirides_problem_1_budget_15.txt,selected_random_random_tie,RouteDiversity,0.4486066066066066
tsiligirides_problem_1_budget_15.txt,selected_random_random_tie,LocalRouteDiversity,0
tsiligirides_problem_1_budget_15.txt,selected_random_tie_marginal_envy,Median,35
tsiligirides_problem_1_budget_15.txt,selected_random_tie_marginal_envy,Q1,35
tsiligirides_problem_1_budget_15.txt,selected_random_tie_marginal_envy,Q3,35
tsiligirides_problem_1_budget_15.txt,selected_random_tie_marginal_envy,Best,35
tsiligirides_problem_1_budget_15.txt,selected_random_tie_marginal_envy,Worst,35
tsiligirides_problem_1_budget_15.txt,selected_random_tie_marginal_envy,Average,35
tsiligirides_problem_1_budget_15.txt,selected_random_tie_marginal_envy,RouteDiversity,0.45115315315315313
tsiligirides_problem_1_budget_15.txt,selected_random_tie_marginal_envy,LocalRouteDiversity,0
tsiligirides_problem_1_budget_15.txt,selected_random_tie_total_envy,Median,35
tsiligirides_problem_1_budget_15.txt,selected_random_tie_total_envy,Q1,35
tsiligirides_problem_1_budget_15.txt,selected_random_tie_total_envy,Q3,35
tsiligirides_problem_1_budget_15.txt,selected_random_tie_total_envy,Best,35
tsiligirides_problem_1_budget_15.txt,selected_random_tie_total_envy,Worst,35
tsiligirides_problem_1_budget_15.txt,selected_random_tie_total_envy,Average,35
tsiligirides_problem_1_budget_15.txt,selected_random_tie_total_envy,RouteDiversity,0.44332132132132135
tsiligirides_problem_1_budget_15.txt,selected_random_tie_total_envy,LocalRouteDiversity,0
tsiligirides_problem_1_budget_15.txt,selected_random_tie_marginal_wise,Median,35
tsiligirides_problem_1_budget_15.txt,selected_random_tie_marginal_wise,Q1,35
tsiligirides_problem_1_budget_15.txt,selected_random_tie_marginal_wise,Q3,35
tsiligirides_problem_1_budget_15.txt,selected_random_tie_marginal_wise,Best,35
tsiligirides_problem_1_budget_15.txt,selected_random_tie_marginal_wise,Worst,35
tsiligirides_problem_1_budget_15.txt,selected_random_tie_marginal_wise,Average,35
tsiligirides_problem_1_budget_15.txt,selected_random_tie_marginal_wise,RouteDiversity,0.44332132132132135
tsiligirides_problem_1_budget_15.txt,selected_random_tie_marginal_wise,LocalRouteDiversity,0
tsiligirides_problem_2_budget_20.txt,marginal_greedy,Median,120
tsiligirides_problem_2_budget_20.txt,marginal_greedy,Q1,75
tsiligirides_problem_2_budget_20.txt,marginal_greedy,Q3,130
tsiligirides_problem_2_budget_20.txt,marginal_greedy,Best,130
tsiligirides_problem_2_budget_20.txt,marginal_greedy,Worst,75
tsiligirides_problem_2_budget_20.txt,marginal_greedy,Average,101.8
tsiligirides_problem_2_budget_20.txt,marginal_greedy,RouteDiversity,0.5735864136858883
tsiligirides_problem_2_budget_20.txt,marginal_greedy,LocalRouteDiversity,0
tsiligirides_problem_2_budget_20.txt,marginal_lazy,Median,160
tsiligirides_problem_2_budget_20.txt,marginal_lazy,Q1,160
tsiligirides_problem_2_budget_20.txt,marginal_lazy,Q3,160
tsiligirides_problem_2_budget_20.txt,marginal_lazy,Best,160
tsiligirides_problem_2_budget_20.txt,marginal_lazy,Worst,160
tsiligirides_problem_2_budget_20.txt,marginal_lazy,Average,160
tsiligirides_problem_2_budget_20.txt,marginal_lazy,RouteDiversity,0
tsiligirides_problem_2_budget_20.txt,marginal_lazy,LocalRouteDiversity,0
tsiligirides_problem_2_budget_20.txt,marginal_smart,Median,150
tsiligirides_problem_2_budget_20.txt,marginal_smart,Q1,150
tsiligirides_problem_2_budget_20.txt,marginal_smart,Q3,150
tsiligirides_problem_2_budget_20.txt,marginal_smart,Best,150
tsiligirides_problem_2_budget_20.txt,marginal_smart,Worst,150
tsiligirides_problem_2_budget_20.txt,marginal_smart,Average,150
tsiligirides_problem_2_budget_20.txt,marginal_smart,RouteDiversity,0
tsiligirides_problem_2_budget_20.txt,marginal_smart,LocalRouteDiversity,0
tsiligirides_problem_2_budget_20.txt,marginal_wise,Median,160
tsiligirides_problem_2_budget_20.txt,marginal_wise,Q1,160
tsiligirides_problem_2_budget_20.txt,marginal_wise,Q3,160
tsiligirides_problem_2_budget_20.txt,marginal_wise,Best,160
tsiligirides_problem_2_budget_20.txt,marginal_wise,Worst,160
tsiligirides_problem_2_budget_20.txt,marginal_wise,Average,160
tsiligirides_problem_2_budget_20.txt,marginal_wise,RouteDiversity,0
tsiligirides_problem_2_budget_20.txt,marginal_wise,LocalRouteDiversity,0
tsiligirides_problem_2_budget_20.txt,marginal_envy,Median,160
tsiligirides_problem_2_budget_20.txt,marginal_envy,Q1,160
tsiligirides_problem_2_budget_20.txt,marginal_envy,Q3,160
tsiligirides_problem_2_budget_20.txt,marginal_envy,Best,160
tsiligirides_problem_2_budget_20.txt,marginal_envy,Worst,160
tsiligirides_problem_2_budget_20.txt,marginal_envy,Average,160
tsiligirides_problem_2_budget_20.txt,marginal_envy,RouteDiversity,0
tsiligirides_problem_2_budget_20.txt,marginal_envy,LocalRouteDiversity,0
tsiligirides_problem_2_budget_20.txt,total_greedy,Median,120
tsiligirides_problem_2_budget_20.txt,total_greedy,Q1,75
tsiligirides_problem_2_budget_20.txt,total_greedy,Q3,130
tsiligirides_problem_2_budget_20.txt,total_greedy,Best,130
tsiligirides_problem_2_budget_20.txt,total_greedy,Worst,75
tsiligirides_problem_2_budget_20.txt,total_greedy,Average,102.306
tsiligirides_problem_2_budget_20.txt,total_greedy,RouteDiversity,0.5701882488542592
tsiligirides_problem_2_budget_20.txt,total_greedy,LocalRouteDiversity,0
tsiligirides_problem_2_budget_20.txt,total_lazy,Median,160
tsiligirides_problem_2_budget_20.txt,total_lazy,Q1,160
tsiligirides_problem_2_budget_20.txt,total_lazy,Q3,160
tsiligirides_problem_2_budget_20.txt,total_lazy,Best,160
tsiligirides_problem_2_budget_20.txt,total_lazy,Worst,160
tsiligirides_problem_2_budget_20.txt,total_lazy,Average,160
tsiligirides_problem_2_budget_20.txt,total_lazy,RouteDiversity,0
tsiligirides_problem_2_budget_20.txt,total_lazy,LocalRouteDiversity,0
tsiligirides_problem_2_budget_20.txt,total_smart,Median,150
tsiligirides_problem_2_budget_20.txt,total_smart,Q1,150
tsiligirides_problem_2_budget_20.txt,total_smart,Q3,150
tsiligirides_problem_2_budget_20.txt,total_smart,Best,150
tsiligirides_problem_2_budget_20.txt,total_smart,Worst,150
tsiligirides_problem_2_budget_20.txt,total_smart,Average,150
tsiligirides_problem_2_budget_20.txt,total_smart,RouteDiversity,0
tsiligirides_problem_2_budget_20.txt,total_smart,LocalRouteDiversity,0
tsiligirides_problem_2_budget_20.txt,total_wise,Median,160
tsiligirides_problem_2_budget_20.txt,total_wise,Q1,160
tsiligirides_problem_2_budget_20.txt,total_wise,Q3,160
tsiligirides_problem_2_budget_20.txt,total_wise,Best,160
tsiligirides_problem_2_budget_20.txt,total_wise,Worst,160
tsiligirides_problem_2_budget_20.txt,total_wise,Average,160
tsiligirides_problem_2_budget_20.txt,total_wise,RouteDiversity,0
tsiligirides_problem_2_budget_20.txt,total_wise,LocalRouteDiversity,0
tsiligirides_problem_2_budget_20.txt,total_envy,Median,150
tsiligirides_problem_2_budget_20.txt,total_envy,Q1,150
tsiligirides_problem_2_budget_20.txt,total_envy,Q3,150
tsiligirides_problem_2_budget_20.txt,total_envy,Best,150
tsiligirides_problem_2_budget_20.txt,total_envy,Worst,150
tsiligirides_problem_2_budget_20.txt,total_envy,Average,150
tsiligirides_problem_2_budget_20.txt,total_envy,RouteDiversity,0
tsiligirides_problem_2_budget_20.txt,total_envy,LocalRouteDiversity,0
tsiligirides_problem_2_budget_20.txt,selected_random,Median,150
tsiligirides_problem_2_budget_20.txt,selected_random,Q1,150
tsiligirides_problem_2_budget_20.txt,selected_random,Q3,160
tsiligirides_problem_2_budget_20.txt,selected_random,Best,160
tsiligirides_problem_2_budget_20.txt,selected_random,Worst,150
tsiligirides_problem_2_budget_20.txt,selected_random,Average,153.266
tsiligirides_problem_2_budget_20.txt,selected_random,RouteDiversity,0.3011593227839812
tsiligirides_problem_2_budget_20.txt,selected_random,LocalRouteDiversity,0
tsiligirides_problem_2_budget_20.txt,selected_random_random_tie,Median,150
tsiligirides_problem_2_budget_20.txt,selected_random_random_tie,Q1,150
tsiligirides_problem_2_budget_20.txt,selected_random_random_tie,Q3,160
tsiligirides_problem_2_budget_20.txt,selected_random_random_tie,Best,160
tsiligirides_problem_2_budget_20.txt,selected_random_random_tie,Worst,150
tsiligirides_problem_2_budget_20.txt,selected_random_random_tie,Average,153.198
tsiligirides_problem_2_budget_20.txt,selected_random_random_tie,RouteDiversity,0.3070763167009757
tsiligirides_problem_2_budget_20.txt,selected_random_random_tie,LocalRouteDiversity,0
tsiligirides_problem_2_budget_20.txt,selected_random_tie_marginal_envy,Median,150
tsiligirides_problem_2_budget_20.txt,selected_random_tie_marginal_envy,Q1,150
tsiligirides_problem_2_budget_20.txt,selected_random_tie_marginal_envy,Q3,160
tsiligirides_problem_2_budget_20.txt,selected_random_tie_marginal_envy,Best,160
tsiligirides_problem_2_budget_20.txt,selected_random_tie_marginal_envy,Worst,150
tsiligirides_problem_2_budget_20.txt,selected_random_tie_marginal_envy,Average,153.154
tsiligirides_problem_2_budget_20.txt,selected_random_tie_marginal_envy,RouteDiversity,0.29362978362942416
tsiligirides_problem_2_budget_20.txt,selected_random_tie_marginal_envy,LocalRouteDiversity,0
tsiligirides_problem_2_budget_20.txt,selected_random_tie_total_envy,Median,150
tsiligirides_problem_2_budget_20.txt,selected_random_tie_total_envy,Q1,150
tsiligirides_problem_2_budget_20.txt,selected_random_tie_total_envy,Q3,160
tsiligirides_problem_2_budget_20.txt,selected_random_tie_total_envy,Best,160
tsiligirides_problem_2_budget_20.txt,selected_random_tie_total_envy,Worst,150
tsiligirides_problem_2_budget_20.txt,selected_random_tie_total_envy,Average,153.202
tsiligirides_problem_2_budget_20.txt,selected_random_tie_total_envy,RouteDiversity,0.31351637214108596
tsiligirides_problem_2_budget_20.txt,selected_random_tie_total_envy,LocalRouteDiversity,0
tsiligirides_problem_2_budget_20.txt,selected_random_tie_marginal_wise,Median,150
tsiligirides_problem_2_budget_20.txt,selected_random_tie_marginal_wise,Q1,150
tsiligirides_problem_2_budget_20.txt,selected_random_tie_marginal_wise,Q3,160
tsiligirides_problem_2_budget_20.txt,selected_random_tie_marginal_wise,Best,160
tsiligirides_problem_2_budget_20.txt,selected_random_tie_marginal_wise,Worst,150
tsiligirides_problem_2_budget_20.txt,selected_random_tie_marginal_wise,Average,153.298
tsiligirides_problem_2_budget_20.txt,selected_random_tie_marginal_wise,RouteDiversity,0.30333183183141865
tsiligirides_problem_2_budget_20.txt,selected_random_tie_marginal_wise,LocalRouteDiversity,0
set_64_1_70.txt,marginal_greedy,Median,684
set_64_1_70.txt,marginal_greedy,Q1,654
set_64_1_70.txt,marginal_greedy,Q3,738
set_64_1_70.txt,marginal_greedy,Best,870
set_64_1_70.txt,marginal_greedy,Worst,492
set_64_1_70.txt,marginal_greedy,Average,694.8252
set_64_1_70.txt,marginal_greedy,RouteDiversity,0.8644054794756159
set_64_1_70.txt,marginal_greedy,LocalRouteDiversity,0.3547902069760328
set_64_1_70.txt,marginal_lazy,Median,900
set_64_1_70.txt,marginal_lazy,Q1,870
set_64_1_70.txt,marginal_lazy,Q3,936
set_64_1_70.txt,marginal_lazy,Best,978
set_64_1_70.txt,marginal_lazy,Worst,828
set_64_1_70.txt,marginal_lazy,Average,901.9716
set_64_1_70.txt,marginal_lazy,RouteDiversity,0.6581058945277706
set_64_1_70.txt,marginal_lazy,LocalRouteDiversity,0.009562373613616792
set_64_1_70.txt,marginal_smart,Median,1104
set_64_1_70.txt,marginal_smart,Q1,1098
set_64_1_70.txt,marginal_smart,Q3,1104
set_64_1_70.txt,marginal_smart,Best,1104
set_64_1_70.txt,marginal_smart,Worst,1098
set_64_1_70.txt,marginal_smart,Average,1101.0168
set_64_1_70.txt,marginal_smart,RouteDiversity,0.44790320435886816
set_64_1_70.txt,marginal_smart,LocalRouteDiversity,0.0009333333333333338
set_64_1_70.txt,marginal_wise,Median,1086
set_64_1_70.txt,marginal_wise,Q1,1086
set_64_1_70.txt,marginal_wise,Q3,1098
set_64_1_70.txt,marginal_wise,Best,1098
set_64_1_70.txt,marginal_wise,Worst,1086
set_64_1_70.txt,marginal_wise,Average,1091.8608
set_64_1_70.txt,marginal_wise,RouteDiversity,0.45757836239465133
set_64_1_70.txt,marginal_wise,LocalRouteDiversity,0.0031999999999999976
set_64_1_70.txt,marginal_envy,Median,1098
set_64_1_70.txt,marginal_envy,Q1,1086
set_64_1_70.txt,marginal_envy,Q3,1098
set_64_1_70.txt,marginal_envy,Best,1098
set_64_1_70.txt,marginal_envy,Worst,1086
set_64_1_70.txt,marginal_envy,Average,1092.0936
set_64_1_70.txt,marginal_envy,RouteDiversity,0.573246400960747
set_64_1_70.txt,marginal_envy,LocalRouteDiversity,0.0019000000000000006
set_64_1_70.txt,total_greedy,Median,684
set_64_1_70.txt,total_greedy,Q1,654
set_64_1_70.txt,total_greedy,Q3,738
set_64_1_70.txt,total_greedy,Best,900
set_64_1_70.txt,total_greedy,Worst,492
set_64_1_70.txt,total_greedy,Average,694.3644
set_64_1_70.txt,total_greedy,RouteDiversity,0.8650320537392046
set_64_1_70.txt,total_greedy,LocalRouteDiversity,0.3534738703253986
set_64_1_70.txt,total_lazy,Median,870
set_64_1_70.txt,total_lazy,Q1,858
set_64_1_70.txt,total_lazy,Q3,894
set_64_1_70.txt,total_lazy,Best,936
set_64_1_70.txt,total_lazy,Worst,774
set_64_1_70.txt,total_lazy,Average,875.5812
set_64_1_70.txt,total_lazy,RouteDiversity,0.7841610398729599
set_64_1_70.txt,total_lazy,LocalRouteDiversity,0.017190900469551806
set_64_1_70.txt,total_smart,Median,1152
set_64_1_70.txt,total_smart,Q1,1152
set_64_1_70.txt,total_smart,Q3,1152
set_64_1_70.txt,total_smart,Best,1152
set_64_1_70.txt,total_smart,Worst,1152
set_64_1_70.txt,total_smart,Average,1152
set_64_1_70.txt,total_smart,RouteDiversity,0.42591664835671156
set_64_1_70.txt,total_smart,LocalRouteDiversity,0
set_64_1_70.txt,total_wise,Median,1104
set_64_1_70.txt,total_wise,Q1,1092
set_64_1_70.txt,total_wise,Q3,1110
set_64_1_70.txt,total_wise,Best,1116
set_64_1_70.txt,total_wise,Worst,1068
set_64_1_70.txt,total_wise,Average,1099.2012
set_64_1_70.txt,total_wise,RouteDiversity,0.5958971390040841
set_64_1_70.txt,total_wise,LocalRouteDiversity,0.0008166666666666675
set_64_1_70.txt,total_envy,Median,1146
set_64_1_70.txt,total_envy,Q1,1116
set_64_1_70.txt,total_envy,Q3,1146
set_64_1_70.txt,total_envy,Best,1146
set_64_1_70.txt,total_envy,Worst,1110
set_64_1_70.txt,total_envy,Average,1129.6764
set_64_1_70.txt,total_envy,RouteDiversity,0.626567252239438
set_64_1_70.txt,total_envy,LocalRouteDiversity,0
set_64_1_70.txt,selected_random,Median,1116
set_64_1_70.txt,selected_random,Q1,1098
set_64_1_70.txt,selected_random,Q3,1152
set_64_1_70.txt,selected_random,Best,1152
set_64_1_70.txt,selected_random,Worst,1056
set_64_1_70.txt,selected_random,Average,1119.024
set_64_1_70.txt,selected_random,RouteDiversity,0.6585027259124225
set_64_1_70.txt,selected_random,LocalRouteDiversity,0.12015365960436858
set_64_1_70.txt,selected_random_random_tie,Median,1116
set_64_1_70.txt,selected_random_random_tie,Q1,1098
set_64_1_70.txt,selected_random_random_tie,Q3,1128
set_64_1_70.txt,selected_random_random_tie,Best,1188
set_64_1_70.txt,selected_random_random_tie,Worst,996
set_64_1_70.txt,selected_random_random_tie,Average,1111.9332
set_64_1_70.txt,selected_random_random_tie,RouteDiversity,0.8001894837314057
set_64_1_70.txt,selected_random_random_tie,LocalRouteDiversity,0.5049233917891885
set_64_1_70.txt,selected_random_tie_marginal_envy,Median,1116
set_64_1_70.txt,selected_random_tie_marginal_envy,Q1,1098
set_64_1_70.txt,selected_random_tie_marginal_envy,Q3,1128
set_64_1_70.txt,selected_random_tie_marginal_envy,Best,1188
set_64_1_70.txt,selected_random_tie_marginal_envy,Worst,990
set_64_1_70.txt,selected_random_tie_marginal_envy,Average,1112.3808
set_64_1_70.txt,selected_random_tie_marginal_envy,RouteDiversity,0.8011511417969456
set_64_1_70.txt,selected_random_tie_marginal_envy,LocalRouteDiversity,0.5063589786974119
set_64_1_70.txt,selected_random_tie_total_envy,Median,1116
set_64_1_70.txt,selected_random_tie_total_envy,Q1,1098
set_64_1_70.txt,selected_random_tie_total_envy,Q3,1128
set_64_1_70.txt,selected_random_tie_total_envy,Best,1182
set_64_1_70.txt,selected_random_tie_total_envy,Worst,1044
set_64_1_70.txt,selected_random_tie_total_envy,Average,1111.3368
set_64_1_70.txt,selected_random_tie_total_envy,RouteDiversity,0.7904041518117134
set_64_1_70.txt,selected_random_tie_total_envy,LocalRouteDiversity,0.47621256388198424
set_64_1_70.txt,selected_random_tie_marginal_wise,Median,1116
set_64_1_70.txt,selected_random_tie_marginal_wise,Q1,1098
set_64_1_70.txt,selected_random_tie_marginal_wise,Q3,1134
set_64_1_70.txt,selected_random_tie_marginal_wise,Best,1188
set_64_1_70.txt,selected_random_tie_marginal_wise,Worst,1038
set_64_1_70.txt,selected_random_tie_marginal_wise,Average,1113.0228
set_64_1_70.txt,selected_random_tie_marginal_wise,RouteDiversity,0.800125923888767
set_64_1_70.txt,selected_random_tie_marginal_wise,LocalRouteDiversity,0.5054544668824449
tsiligirides_problem_2_budget_30.txt,marginal_greedy,Median,185
tsiligirides_problem_2_budget_30.txt,marginal_greedy,Q1,185
tsiligirides_problem_2_budget_30.txt,marginal_greedy,Q3,195
tsiligirides_problem_2_budget_30.txt,marginal_greedy,Best,195
tsiligirides_problem_2_budget_30.txt,marginal_greedy,Worst,185
tsiligirides_problem_2_budget_30.txt,marginal_greedy,Average,189.97
tsiligirides_problem_2_budget_30.txt,marginal_greedy,RouteDiversity,0.5002122122122122
tsiligirides_problem_2_budget_30.txt,marginal_greedy,LocalRouteDiversity,0
tsiligirides_problem_2_budget_30.txt,marginal_lazy,Median,230
tsiligirides_problem_2_budget_30.txt,marginal_lazy,Q1,230
tsiligirides_problem_2_budget_30.txt,marginal_lazy,Q3,230
tsiligirides_problem_2_budget_30.txt,marginal_lazy,Best,230
tsiligirides_problem_2_budget_30.txt,marginal_lazy,Worst,230
tsiligirides_problem_2_budget_30.txt,marginal_lazy,Average,230
tsiligirides_problem_2_budget_30.txt,marginal_lazy,RouteDiversity,0
tsiligirides_problem_2_budget_30.txt,marginal_lazy,LocalRouteDiversity,0
tsiligirides_problem_2_budget_30.txt,marginal_smart,Median,230
tsiligirides_problem_2_budget_30.txt,marginal_smart,Q1,230
tsiligirides_problem_2_budget_30.txt,marginal_smart,Q3,230
tsiligirides_problem_2_budget_30.txt,marginal_smart,Best,230
tsiligirides_problem_2_budget_30.txt,marginal_smart,Worst,230
tsiligirides_problem_2_budget_30.txt,marginal_smart,Average,230
tsiligirides_problem_2_budget_30.txt,marginal_smart,RouteDiversity,0
tsiligirides_problem_2_budget_30.txt,marginal_smart,LocalRouteDiversity,0
tsiligirides_problem_2_budget_30.txt,marginal_wise,Median,230
tsiligirides_problem_2_budget_30.txt,marginal_wise,Q1,230
tsiligirides_problem_2_budget_30.txt,marginal_wise,Q3,230
tsiligirides_problem_2_budget_30.txt,marginal_wise,Best,230
tsiligirides_problem_2_budget_30.txt,marginal_wise,Worst,230
tsiligirides_problem_2_budget_30.txt,marginal_wise,Average,230
tsiligirides_problem_2_budget_30.txt,marginal_wise,RouteDiversity,0
tsiligirides_problem_2_budget_30.txt,marginal_wise,LocalRouteDiversity,0
tsiligirides_problem_2_budget_30.txt,marginal_envy,Median,150
tsiligirides_problem_2_budget_30.txt,marginal_envy,Q1,150
tsiligirides_problem_2_budget_30.txt,marginal_envy,Q3,150
tsiligirides_problem_2_budget_30.txt,marginal_envy,Best,150
tsiligirides_problem_2_budget_30.txt,marginal_envy,Worst,150
tsiligirides_problem_2_budget_30.txt,marginal_envy,Average,150
tsiligirides_problem_2_budget_30.txt,marginal_envy,RouteDiversity,0
tsiligirides_problem_2_budget_30.txt,marginal_envy,LocalRouteDiversity,0
tsiligirides_problem_2_budget_30.txt,total_greedy,Median,185
tsiligirides_problem_2_budget_30.txt,total_greedy,Q1,185
tsiligirides_problem_2_budget_30.txt,total_greedy,Q3,195
tsiligirides_problem_2_budget_30.txt,total_greedy,Best,195
tsiligirides_problem_2_budget_30.txt,total_greedy,Worst,185
tsiligirides_problem_2_budget_30.txt,total_greedy,Average,189.982
tsiligirides_problem_2_budget_30.txt,total_greedy,RouteDiversity,0.5004504504504504
tsiligirides_problem_2_budget_30.txt,total_greedy,LocalRouteDiversity,0
tsiligirides_problem_2_budget_30.txt,total_lazy,Median,230
tsiligirides_problem_2_budget_30.txt,total_lazy,Q1,230
tsiligirides_problem_2_budget_30.txt,total_lazy,Q3,230
tsiligirides_problem_2_budget_30.txt,total_lazy,Best,230
tsiligirides_problem_2_budget_30.txt,total_lazy,Worst,230
tsiligirides_problem_2_budget_30.txt,total_lazy,Average,230
tsiligirides_problem_2_budget_30.txt,total_lazy,RouteDiversity,0
tsiligirides_problem_2_budget_30.txt,total_lazy,LocalRouteDiversity,0
tsiligirides_problem_2_budget_30.txt,total_smart,Median,230
tsiligirides_problem_2_budget_30.txt,total_smart,Q1,230
tsiligirides_problem_2_budget_30.txt,total_smart,Q3,230
tsiligirides_problem_2_budget_30.txt,total_smart,Best,230
tsiligirides_problem_2_budget_30.txt,total_smart,Worst,230
tsiligirides_problem_2_budget_30.txt,total_smart,Average,230
tsiligirides_problem_2_budget_30.txt,total_smart,RouteDiversity,0
tsiligirides_problem_2_budget_30.txt,total_smart,LocalRouteDiversity,0
tsiligirides_problem_2_budget_30.txt,total_wise,Median,230
tsiligirides_problem_2_budget_30.txt,total_wise,Q1,230
tsiligirides_problem_2_budget_30.txt,total_wise,Q3,230
tsiligirides_problem_2_budget_30.txt,total_wise,Best,230
tsiligirides_problem_2_budget_30.txt,total_wise,Worst,230
tsiligirides_problem_2_budget_30.txt,total_wise,Average,230
tsiligirides_problem_2_budget_30.txt,total_wise,RouteDiversity,0
tsiligirides_problem_2_budget_30.txt,total_wise,LocalRouteDiversity,0
tsiligirides_problem_2_budget_30.txt,total_envy,Median,230
tsiligirides_problem_2_budget_30.txt,total_envy,Q1,230
tsiligirides_problem_2_budget_30.txt,total_envy,Q3,230
tsiligirides_problem_2_budget_30.txt,total_envy,Best,230
tsiligirides_problem_2_budget_30.txt,total_envy,Worst,230
tsiligirides_problem_2_budget_30.txt,total_envy,Average,230
tsiligirides_problem_2_budget_30.txt,total_envy,RouteDiversity,0
tsiligirides_problem_2_budget_30.txt,total_envy,LocalRouteDiversity,0
tsiligirides_problem_2_budget_30.txt,selected_random,Median,230
tsiligirides_problem_2_budget_30.txt,selected_random,Q1,160
tsiligirides_problem_2_budget_30.txt,selected_random,Q3,230
tsiligirides_problem_2_budget_30.txt,selected_random,Best,230
tsiligirides_problem_2_budget_30.txt,selected_random,Worst,150
tsiligirides_problem_2_budget_30.txt,selected_random,Average,207.538
tsiligirides_problem_2_budget_30.txt,selected_random,RouteDiversity,0.5051037348684859
tsiligirides_problem_2_budget_30.txt,selected_random,LocalRouteDiversity,0
tsiligirides_problem_2_budget_30.txt,selected_random_random_tie,Median,230
tsiligirides_problem_2_budget_30.txt,selected_random_random_tie,Q1,160
tsiligirides_problem_2_budget_30.txt,selected_random_random_tie,Q3,230
tsiligirides_problem_2_budget_30.txt,selected_random_random_tie,Best,230
tsiligirides_problem_2_budget_30.txt,selected_random_random_tie,Worst,150
tsiligirides_problem_2_budget_30.txt,selected_random_random_tie,Average,208.226
tsiligirides_problem_2_budget_30.txt,selected_random_random_tie,RouteDiversity,0.4890720759994344
tsiligirides_problem_2_budget_30.txt,selected_random_random_tie,LocalRouteDiversity,0
tsiligirides_problem_2_budget_30.txt,selected_random_tie_marginal_envy,Median,230
tsiligirides_problem_2_budget_30.txt,selected_random_tie_marginal_envy,Q1,160
tsiligirides_problem_2_budget_30.txt,selected_random_tie_marginal_envy,Q3,230
tsiligirides_problem_2_budget_30.txt,selected_random_tie_marginal_envy,Best,230
tsiligirides_problem_2_budget_30.txt,selected_random_tie_marginal_envy,Worst,150
tsiligirides_problem_2_budget_30.txt,selected_random_tie_marginal_envy,Average,208.128
tsiligirides_problem_2_budget_30.txt,selected_random_tie_marginal_envy,RouteDiversity,0.49039857573625956
tsiligirides_problem_2_budget_30.txt,selected_random_tie_marginal_envy,LocalRouteDiversity,0
tsiligirides_problem_2_budget_30.txt,selected_random_tie_total_envy,Median,230
tsiligirides_problem_2_budget_30.txt,selected_random_tie_total_envy,Q1,160
tsiligirides_problem_2_budget_30.txt,selected_random_tie_total_envy,Q3,230
tsiligirides_problem_2_budget_30.txt,selected_random_tie_total_envy,Best,230
tsiligirides_problem_2_budget_30.txt,selected_random_tie_total_envy,Worst,150
tsiligirides_problem_2_budget_30.txt,selected_random_tie_total_envy,Average,207.422
tsiligirides_problem_2_budget_30.txt,selected_random_tie_total_envy,RouteDiversity,0.4947799507817378
tsiligirides_problem_2_budget_30.txt,selected_random_tie_total_envy,LocalRouteDiversity,0
tsiligirides_problem_2_budget_30.txt,selected_random_tie_marginal_wise,Median,230
tsiligirides_problem_2_budget_30.txt,selected_random_tie_marginal_wise,Q1,160
tsiligirides_problem_2_budget_30.txt,selected_random_tie_marginal_wise,Q3,230
tsiligirides_problem_2_budget_30.txt,selected_random_tie_marginal_wise,Best,230
tsiligirides_problem_2_budget_30.txt,selected_random_tie_marginal_wise,Worst,150
tsiligirides_problem_2_budget_30.txt,selected_random_tie_marginal_wise,Average,208.12
tsiligirides_problem_2_budget_30.txt,selected_random_tie_marginal_wise,RouteDiversity,0.5078527587461594
tsiligirides_problem_2_budget_30.txt,selected_random_tie_marginal_wise,LocalRouteDiversity,0
tsiligirides_problem_1_budget_50.txt,marginal_greedy,Median,125
tsiligirides_problem_1_budget_50.txt,marginal_greedy,Q1,115
tsiligirides_problem_1_budget_50.txt,marginal_greedy,Q3,130
tsiligirides_problem_1_budget_50.txt,marginal_greedy,Best,155
tsiligirides_problem_1_budget_50.txt,marginal_greedy,Worst,75
tsiligirides_problem_1_budget_50.txt,marginal_greedy,Average,122.017
tsiligirides_problem_1_budget_50.txt,marginal_greedy,RouteDiversity,0.8180713603489919
tsiligirides_problem_1_budget_50.txt,marginal_greedy,LocalRouteDiversity,0.038113221991287
tsiligirides_problem_1_budget_50.txt,marginal_lazy,Median,140
tsiligirides_problem_1_budget_50.txt,marginal_lazy,Q1,140
tsiligirides_problem_1_budget_50.txt,marginal_lazy,Q3,140
tsiligirides_problem_1_budget_50.txt,marginal_lazy,Best,140
tsiligirides_problem_1_budget_50.txt,marginal_lazy,Worst,140
tsiligirides_problem_1_budget_50.txt,marginal_lazy,Average,140
tsiligirides_problem_1_budget_50.txt,marginal_lazy,RouteDiversity,0
tsiligirides_problem_1_budget_50.txt,marginal_lazy,LocalRouteDiversity,0
tsiligirides_problem_1_budget_50.txt,marginal_smart,Median,130
tsiligirides_problem_1_budget_50.txt,marginal_smart,Q1,130
tsiligirides_problem_1_budget_50.txt,marginal_smart,Q3,130
tsiligirides_problem_1_budget_50.txt,marginal_smart,Best,130
tsiligirides_problem_1_budget_50.txt,marginal_smart,Worst,130
tsiligirides_problem_1_budget_50.txt,marginal_smart,Average,130
tsiligirides_problem_1_budget_50.txt,marginal_smart,RouteDiversity,0
tsiligirides_problem_1_budget_50.txt,marginal_smart,LocalRouteDiversity,0
tsiligirides_problem_1_budget_50.txt,marginal_wise,Median,130
tsiligirides_problem_1_budget_50.txt,marginal_wise,Q1,130
tsiligirides_problem_1_budget_50.txt,marginal_wise,Q3,130
tsiligirides_problem_1_budget_50.txt,marginal_wise,Best,130
tsiligirides_problem_1_budget_50.txt,marginal_wise,Worst,130
tsiligirides_problem_1_budget_50.txt,marginal_wise,Average,130
tsiligirides_problem_1_budget_50.txt,marginal_wise,RouteDiversity,0
tsiligirides_problem_1_budget_50.txt,marginal_wise,LocalRouteDiversity,0
tsiligirides_problem_1_budget_50.txt,marginal_envy,Median,160
tsiligirides_problem_1_budget_50.txt,marginal_envy,Q1,160
tsiligirides_problem_1_budget_50.txt,marginal_envy,Q3,160
tsiligirides_problem_1_budget_50.txt,marginal_envy,Best,160
tsiligirides_problem_1_budget_50.txt,marginal_envy,Worst,160
tsiligirides_problem_1_budget_50.txt,marginal_envy,Average,160
tsiligirides_problem_1_budget_50.txt,marginal_envy,RouteDiversity,0
tsiligirides_problem_1_budget_50.txt,marginal_envy,LocalRouteDiversity,0
tsiligirides_problem_1_budget_50.txt,total_greedy,Median,125
tsiligirides_problem_1_budget_50.txt,total_greedy,Q1,115
tsiligirides_problem_1_budget_50.txt,total_greedy,Q3,135
tsiligirides_problem_1_budget_50.txt,total_greedy,Best,165
tsiligirides_problem_1_budget_50.txt,total_greedy,Worst,75
tsiligirides_problem_1_budget_50.txt,total_greedy,Average,122.16
tsiligirides_problem_1_budget_50.txt,total_greedy,RouteDiversity,0.8182819803245793
tsiligirides_problem_1_budget_50.txt,total_greedy,LocalRouteDiversity,0.04659573845916722
tsiligirides_problem_1_budget_50.txt,total_lazy,Median,140
tsiligirides_problem_1_budget_50.txt,total_lazy,Q1,140
tsiligirides_problem_1_budget_50.txt,total_lazy,Q3,140
tsiligirides_problem_1_budget_50.txt,total_lazy,Best,140
tsiligirides_problem_1_budget_50.txt,total_lazy,Worst,140
tsiligirides_problem_1_budget_50.txt,total_lazy,Average,140
tsiligirides_problem_1_budget_50.txt,total_lazy,RouteDiversity,0
tsiligirides_problem_1_budget_50.txt,total_lazy,LocalRouteDiversity,0
tsiligirides_problem_1_budget_50.txt,total_smart,Median,130
tsiligirides_problem_1_budget_50.txt,total_smart,Q1,130
tsiligirides_problem_1_budget_50.txt,total_smart,Q3,130
tsiligirides_problem_1_budget_50.txt,total_smart,Best,130
tsiligirides_problem_1_budget_50.txt,total_smart,Worst,130
tsiligirides_problem_1_budget_50.txt,total_smart,Average,130
tsiligirides_problem_1_budget_50.txt,total_smart,RouteDiversity,0
tsiligirides_problem_1_budget_50.txt,total_smart,LocalRouteDiversity,0
tsiligirides_problem_1_budget_50.txt,total_wise,Median,130
tsiligirides_problem_1_budget_50.txt,total_wise,Q1,130
tsiligirides_problem_1_budget_50.txt,total_wise,Q3,130
tsiligirides_problem_1_budget_50.txt,total_wise,Best,130
tsiligirides_problem_1_budget_50.txt,total_wise,Worst,130
tsiligirides_problem_1_budget_50.txt,total_wise,Average,130
tsiligirides_problem_1_budget_50.txt,total_wise,RouteDiversity,0
tsiligirides_problem_1_budget_50.txt,total_wise,LocalRouteDiversity,0
tsiligirides_problem_1_budget_50.txt,total_envy,Median,155
tsiligirides_problem_1_budget_50.txt,total_envy,Q1,155
tsiligirides_problem_1_budget_50.txt,total_envy,Q3,155
tsiligirides_problem_1_budget_50.txt,total_envy,Best,155
tsiligirides_problem_1_budget_50.txt,total_envy,Worst,155
tsiligirides_problem_1_budget_50.txt,total_envy,Average,155
tsiligirides_problem_1_budget_50.txt,total_envy,RouteDiversity,0
tsiligirides_problem_1_budget_50.txt,total_envy,LocalRouteDiversity,0
tsiligirides_problem_1_budget_50.txt,selected_random,Median,155
tsiligirides_problem_1_budget_50.txt,selected_random,Q1,145
tsiligirides_problem_1_budget_50.txt,selected_random,Q3,165
tsiligirides_problem_1_budget_50.txt,selected_random,Best,165
tsiligirides_problem_1_budget_50.txt,selected_random,Worst,130
tsiligirides_problem_1_budget_50.txt,selected_random,Average,153.317
tsiligirides_problem_1_budget_50.txt,selected_random,RouteDiversity,0.7707385343726275
tsiligirides_problem_1_budget_50.txt,selected_random,LocalRouteDiversity,0.009433345395574494
tsiligirides_problem_1_budget_50.txt,selected_random_random_tie,Median,155
tsiligirides_problem_1_budget_50.txt,selected_random_random_tie,Q1,145
tsiligirides_problem_1_budget_50.txt,selected_random_random_tie,Q3,165
tsiligirides_problem_1_budget_50.txt,selected_random_random_tie,Best,165
tsiligirides_problem_1_budget_50.txt,selected_random_random_tie,Worst,130
tsiligirides_problem_1_budget_50.txt,selected_random_random_tie,Average,153.004
tsiligirides_problem_1_budget_50.txt,selected_random_random_tie,RouteDiversity,0.7745526722204148
tsiligirides_problem_1_budget_50.txt,selected_random_random_tie,LocalRouteDiversity,0.0073040458990613795
tsiligirides_problem_1_budget_50.txt,selected_random_tie_marginal_envy,Median,155
tsiligirides_problem_1_budget_50.txt,selected_random_tie_marginal_envy,Q1,145
tsiligirides_problem_1_budget_50.txt,selected_random_tie_marginal_envy,Q3,165
tsiligirides_problem_1_budget_50.txt,selected_random_tie_marginal_envy,Best,165
tsiligirides_problem_1_budget_50.txt,selected_random_tie_marginal_envy,Worst,130
tsiligirides_problem_1_budget_50.txt,selected_random_tie_marginal_envy,Average,153.184
tsiligirides_problem_1_budget_50.txt,selected_random_tie_marginal_envy,RouteDiversity,0.7730755989306183
tsiligirides_problem_1_budget_50.txt,selected_random_tie_marginal_envy,LocalRouteDiversity,0.00953595669208672
tsiligirides_problem_1_budget_50.txt,selected_random_tie_total_envy,Median,155
tsiligirides_problem_1_budget_50.txt,selected_random_tie_total_envy,Q1,145
tsiligirides_problem_1_budget_50.txt,selected_random_tie_total_envy,Q3,165
tsiligirides_problem_1_budget_50.txt,selected_random_tie_total_envy,Best,165
tsiligirides_problem_1_budget_50.txt,selected_random_tie_total_envy,Worst,130
tsiligirides_problem_1_budget_50.txt,selected_random_tie_total_envy,Average,153.082
tsiligirides_problem_1_budget_50.txt,selected_random_tie_total_envy,RouteDiversity,0.7731905717119957
tsiligirides_problem_1_budget_50.txt,selected_random_tie_total_envy,LocalRouteDiversity,0.008531853921792003
tsiligirides_problem_1_budget_50.txt,selected_random_tie_marginal_wise,Median,155
tsiligirides_problem_1_budget_50.txt,selected_random_tie_marginal_wise,Q1,145
tsiligirides_problem_1_budget_50.txt,selected_random_tie_marginal_wise,Q3,165
tsiligirides_problem_1_budget_50.txt,selected_random_tie_marginal_wise,Best,165
tsiligirides_problem_1_budget_50.txt,selected_random_tie_marginal_wise,Worst,130
tsiligirides_problem_1_budget_50.txt,selected_random_tie_marginal_wise,Average,153.053
tsiligirides_problem_1_budget_50.txt,selected_random_tie_marginal_wise,RouteDiversity,0.7736975422241981
tsiligirides_problem_1_budget_50.txt,selected_random_tie_marginal_wise,LocalRouteDiversity,0.009159686225367343
set_64_1_75.txt,marginal_greedy,Median,702
set_64_1_75.txt,marginal_greedy,Q1,654
set_64_1_75.txt,marginal_greedy,Q3,744
set_64_1_75.txt,marginal_greedy,Best,918
set_64_1_75.txt,marginal_greedy,Worst,528
set_64_1_75.txt,marginal_greedy,Average,700.5696
set_64_1_75.txt,marginal_greedy,RouteDiversity,0.8661384999574266
set_64_1_75.txt,marginal_greedy,LocalRouteDiversity,0.447257978726382
set_64_1_75.txt,marginal_lazy,Median,1014
set_64_1_75.txt,marginal_lazy,Q1,990
set_64_1_75.txt,marginal_lazy,Q3,1062
set_64_1_75.txt,marginal_lazy,Best,1092
set_64_1_75.txt,marginal_lazy,Worst,930
set_64_1_75.txt,marginal_lazy,Average,1022.0496
set_64_1_75.txt,marginal_lazy,RouteDiversity,0.5997408049561322
set_64_1_75.txt,marginal_lazy,LocalRouteDiversity,0.01122795728594173
set_64_1_75.txt,marginal_smart,Median,1152
set_64_1_75.txt,marginal_smart,Q1,1152
set_64_1_75.txt,marginal_smart,Q3,1158
set_64_1_75.txt,marginal_smart,Best,1164
set_64_1_75.txt,marginal_smart,Worst,1152
set_64_1_75.txt,marginal_smart,Average,1156.3296
set_64_1_75.txt,marginal_smart,RouteDiversity,0.45313956917156983
set_64_1_75.txt,marginal_smart,LocalRouteDiversity,0
set_64_1_75.txt,marginal_wise,Median,1146
set_64_1_75.txt,marginal_wise,Q1,1146
set_64_1_75.txt,marginal_wise,Q3,1152
set_64_1_75.txt,marginal_wise,Best,1152
set_64_1_75.txt,marginal_wise,Worst,1146
set_64_1_75.txt,marginal_wise,Average,1148.934
set_64_1_75.txt,marginal_wise,RouteDiversity,0.45539036970748803
set_64_1_75.txt,marginal_wise,LocalRouteDiversity,0.00798431372549018
set_64_1_75.txt,marginal_envy,Median,1140
set_64_1_75.txt,marginal_envy,Q1,1134
set_64_1_75.txt,marginal_envy,Q3,1152
set_64_1_75.txt,marginal_envy,Best,1152
set_64_1_75.txt,marginal_envy,Worst,1134
set_64_1_75.txt,marginal_envy,Average,1143.7344
set_64_1_75.txt,marginal_envy,RouteDiversity,0.5688472821363106
set_64_1_75.txt,marginal_envy,LocalRouteDiversity,0
set_64_1_75.txt,total_greedy,Median,702
set_64_1_75.txt,total_greedy,Q1,654
set_64_1_75.txt,total_greedy,Q3,744
set_64_1_75.txt,total_greedy,Best,924
set_64_1_75.txt,total_greedy,Worst,528
set_64_1_75.txt,total_greedy,Average,702.1008
set_64_1_75.txt,total_greedy,RouteDiversity,0.8676723697115846
set_64_1_75.txt,total_greedy,LocalRouteDiversity,0.46123796875293116
set_64_1_75.txt,total_lazy,Median,954
set_64_1_75.txt,total_lazy,Q1,930
set_64_1_75.txt,total_lazy,Q3,996
set_64_1_75.txt,total_lazy,Best,1038
set_64_1_75.txt,total_lazy,Worst,858
set_64_1_75.txt,total_lazy,Average,960.9744
set_64_1_75.txt,total_lazy,RouteDiversity,0.7734546575359691
set_64_1_75.txt,total_lazy,LocalRouteDiversity,0.01819527360658163
set_64_1_75.txt,total_smart,Median,1206
set_64_1_75.txt,total_smart,Q1,1206
set_64_1_75.txt,total_smart,Q3,1206
set_64_1_75.txt,total_smart,Best,1206
set_64_1_75.txt,total_smart,Worst,1206
set_64_1_75.txt,total_smart,Average,1206
set_64_1_75.txt,total_smart,RouteDiversity,0.4565107716428854
set_64_1_75.txt,total_smart,LocalRouteDiversity,0
set_64_1_75.txt,total_wise,Median,1152
set_64_1_75.txt,total_wise,Q1,1152
set_64_1_75.txt,total_wise,Q3,1158
set_64_1_75.txt,total_wise,Best,1164
set_64_1_75.txt,total_wise,Worst,1140
set_64_1_75.txt,total_wise,Average,1152.804
set_64_1_75.txt,total_wise,RouteDiversity,0.5874700423142124
set_64_1_75.txt,total_wise,LocalRouteDiversity,0.0008956862745098047
set_64_1_75.txt,total_envy,Median,1182
set_64_1_75.txt,total_envy,Q1,1170
set_64_1_75.txt,total_envy,Q3,1188
set_64_1_75.txt,total_envy,Best,1188
set_64_1_75.txt,total_envy,Worst,1170
set_64_1_75.txt,total_envy,Average,1177.6716
set_64_1_75.txt,total_envy,RouteDiversity,0.6324232997575278
set_64_1_75.txt,total_envy,LocalRouteDiversity,0
set_64_1_75.txt,selected_random,Median,1170
set_64_1_75.txt,selected_random,Q1,1146
set_64_1_75.txt,selected_random,Q3,1206
set_64_1_75.txt,selected_random,Best,1206
set_64_1_75.txt,selected_random,Worst,1098
set_64_1_75.txt,selected_random,Average,1172.1888
set_64_1_75.txt,selected_random,RouteDiversity,0.6679476477252763
set_64_1_75.txt,selected_random,LocalRouteDiversity,0.12147475991626704
set_64_1_75.txt,selected_random_random_tie,Median,1170
set_64_1_75.txt,selected_random_random_tie,Q1,1152
set_64_1_75.txt,selected_random_random_tie,Q3,1182
set_64_1_75.txt,selected_random_random_tie,Best,1236
set_64_1_75.txt,selected_random_random_tie,Worst,1092
set_64_1_75.txt,selected_random_random_tie,Average,1165.6488
set_64_1_75.txt,selected_random_random_tie,RouteDiversity,0.8092449813789264
set_64_1_75.txt,selected_random_random_tie,LocalRouteDiversity,0.546641757214801
set_64_1_75.txt,selected_random_tie_marginal_envy,Median,1170
set_64_1_75.txt,selected_random_tie_marginal_envy,Q1,1152
set_64_1_75.txt,selected_random_tie_marginal_envy,Q3,1182
set_64_1_75.txt,selected_random_tie_marginal_envy,Best,1236
set_64_1_75.txt,selected_random_tie_marginal_envy,Worst,1098
set_64_1_75.txt,selected_random_tie_marginal_envy,Average,1165.4916
set_64_1_75.txt,selected_random_tie_marginal_envy,RouteDiversity,0.8103863258867768
set_64_1_75.txt,selected_random_tie_marginal_envy,LocalRouteDiversity,0.5466912476032353
set_64_1_75.txt,selected_random_tie_total_envy,Median,1170
set_64_1_75.txt,selected_random_tie_total_envy,Q1,1152
set_64_1_75.txt,selected_random_tie_total_envy,Q3,1182
set_64_1_75.txt,selected_random_tie_total_envy,Best,1236
set_64_1_75.txt,selected_random_tie_total_envy,Worst,1092
set_64_1_75.txt,selected_random_tie_total_envy,Average,1164.0504
set_64_1_75.txt,selected_random_tie_total_envy,RouteDiversity,0.8017759267106216
set_64_1_75.txt,selected_random_tie_total_envy,LocalRouteDiversity,0.5256939265189566
set_64_1_75.txt,selected_random_tie_marginal_wise,Median,1170
set_64_1_75.txt,selected_random_tie_marginal_wise,Q1,1152
set_64_1_75.txt,selected_random_tie_marginal_wise,Q3,1182
set_64_1_75.txt,selected_random_tie_marginal_wise,Best,1236
set_64_1_75.txt,selected_random_tie_marginal_wise,Worst,1092
set_64_1_75.txt,selected_random_tie_marginal_wise,Average,1165.4604
set_64_1_75.txt,selected_random_tie_marginal_wise,RouteDiversity,0.8085495683227203
set_64_1_75.txt,selected_random_tie_marginal_wise,LocalRouteDiversity,0.5426275924912464
set_66_1_095.txt,marginal_greedy,Median,640
set_66_1_095.txt,marginal_greedy,Q1,560
set_66_1_095.txt,marginal_greedy,Q3,715
set_66_1_095.txt,marginal_greedy,Best,1070
set_66_1_095.txt,marginal_greedy,Worst,270
set_66_1_095.txt,marginal_greedy,Average,641.474
set_66_1_095.txt,marginal_greedy,RouteDiversity,0.9747599561602888
set_66_1_095.txt,marginal_greedy,LocalRouteDiversity,0.8321152218303873
set_66_1_095.txt,marginal_lazy,Median,1000
set_66_1_095.txt,marginal_lazy,Q1,1000
set_66_1_095.txt,marginal_lazy,Q3,1000
set_66_1_095.txt,marginal_lazy,Best,1000
set_66_1_095.txt,marginal_lazy,Worst,1000
set_66_1_095.txt,marginal_lazy,Average,1000
set_66_1_095.txt,marginal_lazy,RouteDiversity,0.48868527618425
set_66_1_095.txt,marginal_lazy,LocalRouteDiversity,0
set_66_1_095.txt,marginal_smart,Median,1335
set_66_1_095.txt,marginal_smart,Q1,1335
set_66_1_095.txt,marginal_smart,Q3,1335
set_66_1_095.txt,marginal_smart,Best,1335
set_66_1_095.txt,marginal_smart,Worst,1335
set_66_1_095.txt,marginal_smart,Average,1335
set_66_1_095.txt,marginal_smart,RouteDiversity,0.6247022184213994
set_66_1_095.txt,marginal_smart,LocalRouteDiversity,0
set_66_1_095.txt,marginal_wise,Median,1335
set_66_1_095.txt,marginal_wise,Q1,1335
set_66_1_095.txt,marginal_wise,Q3,1335
set_66_1_095.txt,marginal_wise,Best,1335
set_66_1_095.txt,marginal_wise,Worst,1335
set_66_1_095.txt,marginal_wise,Average,1335
set_66_1_095.txt,marginal_wise,RouteDiversity,0.5001621621621621
set_66_1_095.txt,marginal_wise,LocalRouteDiversity,0
set_66_1_095.txt,marginal_envy,Median,1335
set_66_1_095.txt,marginal_envy,Q1,1335
set_66_1_095.txt,marginal_envy,Q3,1335
set_66_1_095.txt,marginal_envy,Best,1335
set_66_1_095.txt,marginal_envy,Worst,1335
set_66_1_095.txt,marginal_envy,Average,1335
set_66_1_095.txt,marginal_envy,RouteDiversity,0.6254767854598018
set_66_1_095.txt,marginal_envy,LocalRouteDiversity,0
set_66_1_095.txt,total_greedy,Median,635
set_66_1_095.txt,total_greedy,Q1,560
set_66_1_095.txt,total_greedy,Q3,715
set_66_1_095.txt,total_greedy,Best,1180
set_66_1_095.txt,total_greedy,Worst,305
set_66_1_095.txt,total_greedy,Average,640.635
set_66_1_095.txt,total_greedy,RouteDiversity,0.9740959774611375
set_66_1_095.txt,total_greedy,LocalRouteDiversity,0.8300600866643962
set_66_1_095.txt,total_lazy,Median,1010
set_66_1_095.txt,total_lazy,Q1,1010
set_66_1_095.txt,total_lazy,Q3,1010
set_66_1_095.txt,total_lazy,Best,1010
set_66_1_095.txt,total_lazy,Worst,1010
set_66_1_095.txt,total_lazy,Average,1010
set_66_1_095.txt,total_lazy,RouteDiversity,0.4873646373636219
set_66_1_095.txt,total_lazy,LocalRouteDiversity,0
set_66_1_095.txt,total_smart,Median,1345
set_66_1_095.txt,total_smart,Q1,1335
set_66_1_095.txt,total_smart,Q3,1345
set_66_1_095.txt,total_smart,Best,1345
set_66_1_095.txt,total_smart,Worst,1335
set_66_1_095.txt,total_smart,Average,1340.126
set_66_1_095.txt,total_smart,RouteDiversity,0.6256305667369884
set_66_1_095.txt,total_smart,LocalRouteDiversity,0
set_66_1_095.txt,total_wise,Median,1335
set_66_1_095.txt,total_wise,Q1,1335
set_66_1_095.txt,total_wise,Q3,1335
set_66_1_095.txt,total_wise,Best,1335
set_66_1_095.txt,total_wise,Worst,1335
set_66_1_095.txt,total_wise,Average,1335
set_66_1_095.txt,total_wise,RouteDiversity,0.5004504504504504
set_66_1_095.txt,total_wise,LocalRouteDiversity,0
set_66_1_095.txt,total_envy,Median,1335
set_66_1_095.txt,total_envy,Q1,1335
set_66_1_095.txt,total_envy,Q3,1335
set_66_1_095.txt,total_envy,Best,1335
set_66_1_095.txt,total_envy,Worst,1335
set_66_1_095.txt,total_envy,Average,1335
set_66_1_095.txt,total_envy,RouteDiversity,0.6259900227560103
set_66_1_095.txt,total_envy,LocalRouteDiversity,0
set_66_1_095.txt,selected_random,Median,1335
set_66_1_095.txt,selected_random,Q1,1335
set_66_1_095.txt,selected_random,Q3,1335
set_66_1_095.txt,selected_random,Best,1345
set_66_1_095.txt,selected_random,Worst,1315
set_66_1_095.txt,selected_random,Average,1334.781
set_66_1_095.txt,selected_random,RouteDiversity,0.6880371849125047
set_66_1_095.txt,selected_random,LocalRouteDiversity,0.005155635997988939
set_66_1_095.txt,selected_random_random_tie,Median,1335
set_66_1_095.txt,selected_random_random_tie,Q1,1335
set_66_1_095.txt,selected_random_random_tie,Q3,1345
set_66_1_095.txt,selected_random_random_tie,Best,1350
set_66_1_095.txt,selected_random_random_tie,Worst,1315
set_66_1_095.txt,selected_random_random_tie,Average,1338.219
set_66_1_095.txt,selected_random_random_tie,RouteDiversity,0.7019183697632988
set_66_1_095.txt,selected_random_random_tie,LocalRouteDiversity,0.013567015637710404
set_66_1_095.txt,selected_random_tie_marginal_envy,Median,1335
set_66_1_095.txt,selected_random_tie_marginal_envy,Q1,1335
set_66_1_095.txt,selected_random_tie_marginal_envy,Q3,1345
set_66_1_095.txt,selected_random_tie_marginal_envy,Best,1345
set_66_1_095.txt,selected_random_tie_marginal_envy,Worst,1315
set_66_1_095.txt,selected_random_tie_marginal_envy,Average,1338.314
set_66_1_095.txt,selected_random_tie_marginal_envy,RouteDiversity,0.7009943210602975
set_66_1_095.txt,selected_random_tie_marginal_envy,LocalRouteDiversity,0.012451650982634323
set_66_1_095.txt,selected_random_tie_total_envy,Median,1335
set_66_1_095.txt,selected_random_tie_total_envy,Q1,1335
set_66_1_095.txt,selected_random_tie_total_envy,Q3,1345
set_66_1_095.txt,selected_random_tie_total_envy,Best,1350
set_66_1_095.txt,selected_random_tie_total_envy,Worst,1315
set_66_1_095.txt,selected_random_tie_total_envy,Average,1338.283
set_66_1_095.txt,selected_random_tie_total_envy,RouteDiversity,0.7034975426158627
set_66_1_095.txt,selected_random_tie_total_envy,LocalRouteDiversity,0.016033892495222104
set_66_1_095.txt,selected_random_tie_marginal_wise,Median,1335
set_66_1_095.txt,selected_random_tie_marginal_wise,Q1,1335
set_66_1_095.txt,selected_random_tie_marginal_wise,Q3,1345
set_66_1_095.txt,selected_random_tie_marginal_wise,Best,1345
set_66_1_095.txt,selected_random_tie_marginal_wise,Worst,1315
set_66_1_095.txt,selected_random_tie_marginal_wise,Average,1338.177
set_66_1_095.txt,selected_random_tie_marginal_wise,RouteDiversity,0.7021297413569965
set_66_1_095.txt,selected_random_tie_marginal_wise,LocalRouteDiversity,0.01384978616401478
tsiligirides_problem_1_budget_30.txt,marginal_greedy,Median,80
tsiligirides_problem_1_budget_30.txt,marginal_greedy,Q1,65
tsiligirides_problem_1_budget_30.txt,marginal_greedy,Q3,90
tsiligirides_problem_1_budget_30.txt,marginal_greedy,Best,110
tsiligirides_problem_1_budget_30.txt,marginal_greedy,Worst,55
tsiligirides_problem_1_budget_30.txt,marginal_greedy,Average,79.346
tsiligirides_problem_1_budget_30.txt,marginal_greedy,RouteDiversity,0.864323272706683
tsiligirides_problem_1_budget_30.txt,marginal_greedy,LocalRouteDiversity,0.012616046176046175
tsiligirides_problem_1_budget_30.txt,marginal_lazy,Median,60
tsiligirides_problem_1_budget_30.txt,marginal_lazy,Q1,60
tsiligirides_problem_1_budget_30.txt,marginal_lazy,Q3,60
tsiligirides_problem_1_budget_30.txt,marginal_lazy,Best,60
tsiligirides_problem_1_budget_30.txt,marginal_lazy,Worst,60
tsiligirides_problem_1_budget_30.txt,marginal_lazy,Average,60
tsiligirides_problem_1_budget_30.txt,marginal_lazy,RouteDiversity,0
tsiligirides_problem_1_budget_30.txt,marginal_lazy,LocalRouteDiversity,0
tsiligirides_problem_1_budget_30.txt,marginal_smart,Median,75
tsiligirides_problem_1_budget_30.txt,marginal_smart,Q1,75
tsiligirides_problem_1_budget_30.txt,marginal_smart,Q3,75
tsiligirides_problem_1_budget_30.txt,marginal_smart,Best,75
tsiligirides_problem_1_budget_30.txt,marginal_smart,Worst,75
tsiligirides_problem_1_budget_30.txt,marginal_smart,Average,75
tsiligirides_problem_1_budget_30.txt,marginal_smart,RouteDiversity,0
tsiligirides_problem_1_budget_30.txt,marginal_smart,LocalRouteDiversity,0
tsiligirides_problem_1_budget_30.txt,marginal_wise,Median,75
tsiligirides_problem_1_budget_30.txt,marginal_wise,Q1,75
tsiligirides_problem_1_budget_30.txt,marginal_wise,Q3,75
tsiligirides_problem_1_budget_30.txt,marginal_wise,Best,75
tsiligirides_problem_1_budget_30.txt,marginal_wise,Worst,75
tsiligirides_problem_1_budget_30.txt,marginal_wise,Average,75
tsiligirides_problem_1_budget_30.txt,marginal_wise,RouteDiversity,0
tsiligirides_problem_1_budget_30.txt,marginal_wise,LocalRouteDiversity,0
tsiligirides_problem_1_budget_30.txt,marginal_envy,Median,90
tsiligirides_problem_1_budget_30.txt,marginal_envy,Q1,90
tsiligirides_problem_1_budget_30.txt,marginal_envy,Q3,90
tsiligirides_problem_1_budget_30.txt,marginal_envy,Best,90
tsiligirides_problem_1_budget_30.txt,marginal_envy,Worst,90
tsiligirides_problem_1_budget_30.txt,marginal_envy,Average,90
tsiligirides_problem_1_budget_30.txt,marginal_envy,RouteDiversity,0
tsiligirides_problem_1_budget_30.txt,marginal_envy,LocalRouteDiversity,0
tsiligirides_problem_1_budget_30.txt,total_greedy,Median,75
tsiligirides_problem_1_budget_30.txt,total_greedy,Q1,65
tsiligirides_problem_1_budget_30.txt,total_greedy,Q3,90
tsiligirides_problem_1_budget_30.txt,total_greedy,Best,110
tsiligirides_problem_1_budget_30.txt,total_greedy,Worst,55
tsiligirides_problem_1_budget_30.txt,total_greedy,Average,78.747
tsiligirides_problem_1_budget_30.txt,total_greedy,RouteDiversity,0.8681853717122794
tsiligirides_problem_1_budget_30.txt,total_greedy,LocalRouteDiversity,0.008130043290043291
tsiligirides_problem_1_budget_30.txt,total_lazy,Median,60
tsiligirides_problem_1_budget_30.txt,total_lazy,Q1,60
tsiligirides_problem_1_budget_30.txt,total_lazy,Q3,60
tsiligirides_problem_1_budget_30.txt,total_lazy,Best,60
tsiligirides_problem_1_budget_30.txt,total_lazy,Worst,60
tsiligirides_problem_1_budget_30.txt,total_lazy,Average,60
tsiligirides_problem_1_budget_30.txt,total_lazy,RouteDiversity,0
tsiligirides_problem_1_budget_30.txt,total_lazy,LocalRouteDiversity,0
tsiligirides_problem_1_budget_30.txt,total_smart,Median,75
tsiligirides_problem_1_budget_30.txt,total_smart,Q1,75
tsiligirides_problem_1_budget_30.txt,total_smart,Q3,75
tsiligirides_problem_1_budget_30.txt,total_smart,Best,75
tsiligirides_problem_1_budget_30.txt,total_smart,Worst,75
tsiligirides_problem_1_budget_30.txt,total_smart,Average,75
tsiligirides_problem_1_budget_30.txt,total_smart,RouteDiversity,0
tsiligirides_problem_1_budget_30.txt,total_smart,LocalRouteDiversity,0
tsiligirides_problem_1_budget_30.txt,total_wise,Median,75
tsiligirides_problem_1_budget_30.txt,total_wise,Q1,75
tsiligirides_problem_1_budget_30.txt,total_wise,Q3,75
tsiligirides_problem_1_budget_30.txt,total_wise,Best,75
tsiligirides_problem_1_budget_30.txt,total_wise,Worst,75
tsiligirides_problem_1_budget_30.txt,total_wise,Average,75
tsiligirides_problem_1_budget_30.txt,total_wise,RouteDiversity,0
tsiligirides_problem_1_budget_30.txt,total_wise,LocalRouteDiversity,0
tsiligirides_problem_1_budget_30.txt,total_envy,Median,80
tsiligirides_problem_1_budget_30.txt,total_envy,Q1,80
tsiligirides_problem_1_budget_30.txt,total_envy,Q3,80
tsiligirides_problem_1_budget_30.txt,total_envy,Best,80
tsiligirides_problem_1_budget_30.txt,total_envy,Worst,80
tsiligirides_problem_1_budget_30.txt,total_envy,Average,80
tsiligirides_problem_1_budget_30.txt,total_envy,RouteDiversity,0
tsiligirides_problem_1_budget_30.txt,total_envy,LocalRouteDiversity,0
tsiligirides_problem_1_budget_30.txt,selected_random,Median,90
tsiligirides_problem_1_budget_30.txt,selected_random,Q1,75
tsiligirides_problem_1_budget_30.txt,selected_random,Q3,90
tsiligirides_problem_1_budget_30.txt,selected_random,Best,105
tsiligirides_problem_1_budget_30.txt,selected_random,Worst,75
tsiligirides_problem_1_budget_30.txt,selected_random,Average,84.873
tsiligirides_problem_1_budget_30.txt,selected_random,RouteDiversity,0.7317553780762237
tsiligirides_problem_1_budget_30.txt,selected_random,LocalRouteDiversity,0.001178021978021978
tsiligirides_problem_1_budget_30.txt,selected_random_random_tie,Median,90
tsiligirides_problem_1_budget_30.txt,selected_random_random_tie,Q1,75
tsiligirides_problem_1_budget_30.txt,selected_random_random_tie,Q3,90
tsiligirides_problem_1_budget_30.txt,selected_random_random_tie,Best,105
tsiligirides_problem_1_budget_30.txt,selected_random_random_tie,Worst,75
tsiligirides_problem_1_budget_30.txt,selected_random_random_tie,Average,84.749
tsiligirides_problem_1_budget_30.txt,selected_random_random_tie,RouteDiversity,0.7269938012774724
tsiligirides_problem_1_budget_30.txt,selected_random_random_tie,LocalRouteDiversity,0.0009208791208791209
tsiligirides_problem_1_budget_30.txt,selected_random_tie_marginal_envy,Median,90
tsiligirides_problem_1_budget_30.txt,selected_random_tie_marginal_envy,Q1,75
tsiligirides_problem_1_budget_30.txt,selected_random_tie_marginal_envy,Q3,90
tsiligirides_problem_1_budget_30.txt,selected_random_tie_marginal_envy,Best,105
tsiligirides_problem_1_budget_30.txt,selected_random_tie_marginal_envy,Worst,75
tsiligirides_problem_1_budget_30.txt,selected_random_tie_marginal_envy,Average,85.168
tsiligirides_problem_1_budget_30.txt,selected_random_tie_marginal_envy,RouteDiversity,0.7256507581414678
tsiligirides_problem_1_budget_30.txt,selected_random_tie_marginal_envy,LocalRouteDiversity,0.0005538461538461539
tsiligirides_problem_1_budget_30.txt,selected_random_tie_total_envy,Median,90
tsiligirides_problem_1_budget_30.txt,selected_random_tie_total_envy,Q1,75
tsiligirides_problem_1_budget_30.txt,selected_random_tie_total_envy,Q3,90
tsiligirides_problem_1_budget_30.txt,selected_random_tie_total_envy,Best,105
tsiligirides_problem_1_budget_30.txt,selected_random_tie_total_envy,Worst,75
tsiligirides_problem_1_budget_30.txt,selected_random_tie_total_envy,Average,85.103
tsiligirides_problem_1_budget_30.txt,selected_random_tie_total_envy,RouteDiversity,0.7451960640720361
tsiligirides_problem_1_budget_30.txt,selected_random_tie_total_envy,LocalRouteDiversity,0.0005538461538461539
tsiligirides_problem_1_budget_30.txt,selected_random_tie_marginal_wise,Median,90
tsiligirides_problem_1_budget_30.txt,selected_random_tie_marginal_wise,Q1,75
tsiligirides_problem_1_budget_30.txt,selected_random_tie_marginal_wise,Q3,90
tsiligirides_problem_1_budget_30.txt,selected_random_tie_marginal_wise,Best,105
tsiligirides_problem_1_budget_30.txt,selected_random_tie_marginal_wise,Worst,75
tsiligirides_problem_1_budget_30.txt,selected_random_tie_marginal_wise,Average,84.97
tsiligirides_problem_1_budget_30.txt,selected_random_tie_marginal_wise,RouteDiversity,0.7285558167902875
tsiligirides_problem_1_budget_30.txt,selected_random_tie_marginal_wise,LocalRouteDiversity,0.0010461538461538462
tsiligirides_problem_3_budget_015.txt,marginal_greedy,Median,160
tsiligirides_problem_3_budget_015.txt,marginal_greedy,Q1,120
tsiligirides_problem_3_budget_015.txt,marginal_greedy,Q3,160
tsiligirides_problem_3_budget_015.txt,marginal_greedy,Best,160
tsiligirides_problem_3_budget_015.txt,marginal_greedy,Worst,120
tsiligirides_problem_3_budget_015.txt,marginal_greedy,Average,140.176
tsiligirides_problem_3_budget_015.txt,marginal_greedy,RouteDiversity,0.5504992992989386
tsiligirides_problem_3_budget_015.txt,marginal_greedy,LocalRouteDiversity,0
tsiligirides_problem_3_budget_015.txt,marginal_lazy,Median,160
tsiligirides_problem_3_budget_015.txt,marginal_lazy,Q1,160
tsiligirides_problem_3_budget_015.txt,marginal_lazy,Q3,160
tsiligirides_problem_3_budget_015.txt,marginal_lazy,Best,160
tsiligirides_problem_3_budget_015.txt,marginal_lazy,Worst,160
tsiligirides_problem_3_budget_015.txt,marginal_lazy,Average,160
tsiligirides_problem_3_budget_015.txt,marginal_lazy,RouteDiversity,0
tsiligirides_problem_3_budget_015.txt,marginal_lazy,LocalRouteDiversity,0
tsiligirides_problem_3_budget_015.txt,marginal_smart,Median,140
tsiligirides_problem_3_budget_015.txt,marginal_smart,Q1,140
tsiligirides_problem_3_budget_015.txt,marginal_smart,Q3,140
tsiligirides_problem_3_budget_015.txt,marginal_smart,Best,140
tsiligirides_problem_3_budget_015.txt,marginal_smart,Worst,140
tsiligirides_problem_3_budget_015.txt,marginal_smart,Average,140
tsiligirides_problem_3_budget_015.txt,marginal_smart,RouteDiversity,0
tsiligirides_problem_3_budget_015.txt,marginal_smart,LocalRouteDiversity,0
tsiligirides_problem_3_budget_015.txt,marginal_wise,Median,160
tsiligirides_problem_3_budget_015.txt,marginal_wise,Q1,160
tsiligirides_problem_3_budget_015.txt,marginal_wise,Q3,160
tsiligirides_problem_3_budget_015.txt,marginal_wise,Best,160
tsiligirides_problem_3_budget_015.txt,marginal_wise,Worst,160
tsiligirides_problem_3_budget_015.txt,marginal_wise,Average,160
tsiligirides_problem_3_budget_015.txt,marginal_wise,RouteDiversity,0
tsiligirides_problem_3_budget_015.txt,marginal_wise,LocalRouteDiversity,0
tsiligirides_problem_3_budget_015.txt,marginal_envy,Median,160
tsiligirides_problem_3_budget_015.txt,marginal_envy,Q1,160
tsiligirides_problem_3_budget_015.txt,marginal_envy,Q3,160
tsiligirides_problem_3_budget_015.txt,marginal_envy,Best,160
tsiligirides_problem_3_budget_015.txt,marginal_envy,Worst,160
tsiligirides_problem_3_budget_015.txt,marginal_envy,Average,160
tsiligirides_problem_3_budget_015.txt,marginal_envy,RouteDiversity,0
tsiligirides_problem_3_budget_015.txt,marginal_envy,LocalRouteDiversity,0
tsiligirides_problem_3_budget_015.txt,total_greedy,Median,160
tsiligirides_problem_3_budget_015.txt,total_greedy,Q1,120
tsiligirides_problem_3_budget_015.txt,total_greedy,Q3,160
tsiligirides_problem_3_budget_015.txt,total_greedy,Best,160
tsiligirides_problem_3_budget_015.txt,total_greedy,Worst,120
tsiligirides_problem_3_budget_015.txt,total_greedy,Average,140.192
tsiligirides_problem_3_budget_015.txt,total_greedy,RouteDiversity,0.5443743743740401
tsiligirides_problem_3_budget_015.txt,total_greedy,LocalRouteDiversity,0
tsiligirides_problem_3_budget_015.txt,total_lazy,Median,160
tsiligirides_problem_3_budget_015.txt,total_lazy,Q1,160
tsiligirides_problem_3_budget_015.txt,total_lazy,Q3,160
tsiligirides_problem_3_budget_015.txt,total_lazy,Best,160
tsiligirides_problem_3_budget_015.txt,total_lazy,Worst,160
tsiligirides_problem_3_budget_015.txt,total_lazy,Average,160
tsiligirides_problem_3_budget_015.txt,total_lazy,RouteDiversity,0
tsiligirides_problem_3_budget_015.txt,total_lazy,LocalRouteDiversity,0
tsiligirides_problem_3_budget_015.txt,total_smart,Median,140
tsiligirides_problem_3_budget_015.txt,total_smart,Q1,140
tsiligirides_problem_3_budget_015.txt,total_smart,Q3,140
tsiligirides_problem_3_budget_015.txt,total_smart,Best,140
tsiligirides_problem_3_budget_015.txt,total_smart,Worst,140
tsiligirides_problem_3_budget_015.txt,total_smart,Average,140
tsiligirides_problem_3_budget_015.txt,total_smart,RouteDiversity,0
tsiligirides_problem_3_budget_015.txt,total_smart,LocalRouteDiversity,0
tsiligirides_problem_3_budget_015.txt,total_wise,Median,140
tsiligirides_problem_3_budget_015.txt,total_wise,Q1,140
tsiligirides_problem_3_budget_015.txt,total_wise,Q3,140
tsiligirides_problem_3_budget_015.txt,total_wise,Best,140
tsiligirides_problem_3_budget_015.txt,total_wise,Worst,140
tsiligirides_problem_3_budget_015.txt,total_wise,Average,140
tsiligirides_problem_3_budget_015.txt,total_wise,RouteDiversity,0
tsiligirides_problem_3_budget_015.txt,total_wise,LocalRouteDiversity,0
tsiligirides_problem_3_budget_015.txt,total_envy,Median,160
tsiligirides_problem_3_budget_015.txt,total_envy,Q1,160
tsiligirides_problem_3_budget_015.txt,total_envy,Q3,160
tsiligirides_problem_3_budget_015.txt,total_envy,Best,160
tsiligirides_problem_3_budget_015.txt,total_envy,Worst,160
tsiligirides_problem_3_budget_015.txt,total_envy,Average,160
tsiligirides_problem_3_budget_015.txt,total_envy,RouteDiversity,0
tsiligirides_problem_3_budget_015.txt,total_envy,LocalRouteDiversity,0
tsiligirides_problem_3_budget_015.txt,selected_random,Median,150
tsiligirides_problem_3_budget_015.txt,selected_random,Q1,140
tsiligirides_problem_3_budget_015.txt,selected_random,Q3,160
tsiligirides_problem_3_budget_015.txt,selected_random,Best,170
tsiligirides_problem_3_budget_015.txt,selected_random,Worst,140
tsiligirides_problem_3_budget_015.txt,selected_random,Average,151.968
tsiligirides_problem_3_budget_015.txt,selected_random,RouteDiversity,0.6603842471502336
tsiligirides_problem_3_budget_015.txt,selected_random,LocalRouteDiversity,0.0008727272727272726
tsiligirides_problem_3_budget_015.txt,selected_random_random_tie,Median,150
tsiligirides_problem_3_budget_015.txt,selected_random_random_tie,Q1,140
tsiligirides_problem_3_budget_015.txt,selected_random_random_tie,Q3,160
tsiligirides_problem_3_budget_015.txt,selected_random_random_tie,Best,170
tsiligirides_problem_3_budget_015.txt,selected_random_random_tie,Worst,140
tsiligirides_problem_3_budget_015.txt,selected_random_random_tie,Average,151.858
tsiligirides_problem_3_budget_015.txt,selected_random_random_tie,RouteDiversity,0.6566684919842569
tsiligirides_problem_3_budget_015.txt,selected_random_random_tie,LocalRouteDiversity,0.0013454545454545457
tsiligirides_problem_3_budget_015.txt,selected_random_tie_marginal_envy,Median,150
tsiligirides_problem_3_budget_015.txt,selected_random_tie_marginal_envy,Q1,140
tsiligirides_problem_3_budget_015.txt,selected_random_tie_marginal_envy,Q3,160
tsiligirides_problem_3_budget_015.txt,selected_random_tie_marginal_envy,Best,170
tsiligirides_problem_3_budget_015.txt,selected_random_tie_marginal_envy,Worst,140
tsiligirides_problem_3_budget_015.txt,selected_random_tie_marginal_envy,Average,151.902
tsiligirides_problem_3_budget_015.txt,selected_random_tie_marginal_envy,RouteDiversity,0.6501270941177205
tsiligirides_problem_3_budget_015.txt,selected_random_tie_marginal_envy,LocalRouteDiversity,0.0017454545454545457
tsiligirides_problem_3_budget_015.txt,selected_random_tie_total_envy,Median,150
tsiligirides_problem_3_budget_015.txt,selected_random_tie_total_envy,Q1,140
tsiligirides_problem_3_budget_015.txt,selected_random_tie_total_envy,Q3,160
tsiligirides_problem_3_budget_015.txt,selected_random_tie_total_envy,Best,170
tsiligirides_problem_3_budget_015.txt,selected_random_tie_total_envy,Worst,140
tsiligirides_problem_3_budget_015.txt,selected_random_tie_total_envy,Average,151.892
tsiligirides_problem_3_budget_015.txt,selected_random_tie_total_envy,RouteDiversity,0.6582995270987094
tsiligirides_problem_3_budget_015.txt,selected_random_tie_total_envy,LocalRouteDiversity,0.0013454545454545455
tsiligirides_problem_3_budget_015.txt,selected_random_tie_marginal_wise,Median,150
tsiligirides_problem_3_budget_015.txt,selected_random_tie_marginal_wise,Q1,140
tsiligirides_problem_3_budget_015.txt,selected_random_tie_marginal_wise,Q3,160
tsiligirides_problem_3_budget_015.txt,selected_random_tie_marginal_wise,Best,170
tsiligirides_problem_3_budget_015.txt,selected_random_tie_marginal_wise,Worst,140
tsiligirides_problem_3_budget_015.txt,selected_random_tie_marginal_wise,Average,151.776
tsiligirides_problem_3_budget_015.txt,selected_random_tie_marginal_wise,RouteDiversity,0.6557113958440264
tsiligirides_problem_3_budget_015.txt,selected_random_tie_marginal_wise,LocalRouteDiversity,0.0016727272727272726
tsiligirides_problem_3_budget_105.txt,marginal_greedy,Median,550
tsiligirides_problem_3_budget_105.txt,marginal_greedy,Q1,510
tsiligirides_problem_3_budget_105.txt,marginal_greedy,Q3,590
tsiligirides_problem_3_budget_105.txt,marginal_greedy,Best,700
tsiligirides_problem_3_budget_105.txt,marginal_greedy,Worst,350
tsiligirides_problem_3_budget_105.txt,marginal_greedy,Average,547.864
tsiligirides_problem_3_budget_105.txt,marginal_greedy,RouteDiversity,0.8970408824472493
tsiligirides_problem_3_budget_105.txt,marginal_greedy,LocalRouteDiversity,0.3103353505962045
tsiligirides_problem_3_budget_105.txt,marginal_lazy,Median,800
tsiligirides_problem_3_budget_105.txt,marginal_lazy,Q1,800
tsiligirides_problem_3_budget_105.txt,marginal_lazy,Q3,800
tsiligirides_problem_3_budget_105.txt,marginal_lazy,Best,800
tsiligirides_problem_3_budget_105.txt,marginal_lazy,Worst,800
tsiligirides_problem_3_budget_105.txt,marginal_lazy,Average,800
tsiligirides_problem_3_budget_105.txt,marginal_lazy,RouteDiversity,0
tsiligirides_problem_3_budget_105.txt,marginal_lazy,LocalRouteDiversity,0
tsiligirides_problem_3_budget_105.txt,marginal_smart,Median,790
tsiligirides_problem_3_budget_105.txt,marginal_smart,Q1,790
tsiligirides_problem_3_budget_105.txt,marginal_smart,Q3,790
tsiligirides_problem_3_budget_105.txt,marginal_smart,Best,790
tsiligirides_problem_3_budget_105.txt,marginal_smart,Worst,790
tsiligirides_problem_3_budget_105.txt,marginal_smart,Average,790
tsiligirides_problem_3_budget_105.txt,marginal_smart,RouteDiversity,0
tsiligirides_problem_3_budget_105.txt,marginal_smart,LocalRouteDiversity,0
tsiligirides_problem_3_budget_105.txt,marginal_wise,Median,800
tsiligirides_problem_3_budget_105.txt,marginal_wise,Q1,800
tsiligirides_problem_3_budget_105.txt,marginal_wise,Q3,800
tsiligirides_problem_3_budget_105.txt,marginal_wise,Best,800
tsiligirides_problem_3_budget_105.txt,marginal_wise,Worst,800
tsiligirides_problem_3_budget_105.txt,marginal_wise,Average,800
tsiligirides_problem_3_budget_105.txt,marginal_wise,RouteDiversity,0
tsiligirides_problem_3_budget_105.txt,marginal_wise,LocalRouteDiversity,0
tsiligirides_problem_3_budget_105.txt,marginal_envy,Median,790
tsiligirides_problem_3_budget_105.txt,marginal_envy,Q1,790
tsiligirides_problem_3_budget_105.txt,marginal_envy,Q3,790
tsiligirides_problem_3_budget_105.txt,marginal_envy,Best,790
tsiligirides_problem_3_budget_105.txt,marginal_envy,Worst,790
tsiligirides_problem_3_budget_105.txt,marginal_envy,Average,790
tsiligirides_problem_3_budget_105.txt,marginal_envy,RouteDiversity,0
tsiligirides_problem_3_budget_105.txt,marginal_envy,LocalRouteDiversity,0
tsiligirides_problem_3_budget_105.txt,total_greedy,Median,550
tsiligirides_problem_3_budget_105.txt,total_greedy,Q1,500
tsiligirides_problem_3_budget_105.txt,total_greedy,Q3,590
tsiligirides_problem_3_budget_105.txt,total_greedy,Best,700
tsiligirides_problem_3_budget_105.txt,total_greedy,Worst,350
tsiligirides_problem_3_budget_105.txt,total_greedy,Average,545.8
tsiligirides_problem_3_budget_105.txt,total_greedy,RouteDiversity,0.9000750274551818
tsiligirides_problem_3_budget_105.txt,total_greedy,LocalRouteDiversity,0.32176241805242795
tsiligirides_problem_3_budget_105.txt,total_lazy,Median,800
tsiligirides_problem_3_budget_105.txt,total_lazy,Q1,800
tsiligirides_problem_3_budget_105.txt,total_lazy,Q3,800
tsiligirides_problem_3_budget_105.txt,total_lazy,Best,800
tsiligirides_problem_3_budget_105.txt,total_lazy,Worst,800
tsiligirides_problem_3_budget_105.txt,total_lazy,Average,800
tsiligirides_problem_3_budget_105.txt,total_lazy,RouteDiversity,0
tsiligirides_problem_3_budget_105.txt,total_lazy,LocalRouteDiversity,0
tsiligirides_problem_3_budget_105.txt,total_smart,Median,790
tsiligirides_problem_3_budget_105.txt,total_smart,Q1,790
tsiligirides_problem_3_budget_105.txt,total_smart,Q3,790
tsiligirides_problem_3_budget_105.txt,total_smart,Best,790
tsiligirides_problem_3_budget_105.txt,total_smart,Worst,790
tsiligirides_problem_3_budget_105.txt,total_smart,Average,790
tsiligirides_problem_3_budget_105.txt,total_smart,RouteDiversity,0
tsiligirides_problem_3_budget_105.txt,total_smart,LocalRouteDiversity,0
tsiligirides_problem_3_budget_105.txt,total_wise,Median,750
tsiligirides_problem_3_budget_105.txt,total_wise,Q1,750
tsiligirides_problem_3_budget_105.txt,total_wise,Q3,750
tsiligirides_problem_3_budget_105.txt,total_wise,Best,750
tsiligirides_problem_3_budget_105.txt,total_wise,Worst,750
tsiligirides_problem_3_budget_105.txt,total_wise,Average,750
tsiligirides_problem_3_budget_105.txt,total_wise,RouteDiversity,0
tsiligirides_problem_3_budget_105.txt,total_wise,LocalRouteDiversity,0
tsiligirides_problem_3_budget_105.txt,total_envy,Median,790
tsiligirides_problem_3_budget_105.txt,total_envy,Q1,790
tsiligirides_problem_3_budget_105.txt,total_envy,Q3,790
tsiligirides_problem_3_budget_105.txt,total_envy,Best,790
tsiligirides_problem_3_budget_105.txt,total_envy,Worst,790
tsiligirides_problem_3_budget_105.txt,total_envy,Average,790
tsiligirides_problem_3_budget_105.txt,total_envy,RouteDiversity,0
tsiligirides_problem_3_budget_105.txt,total_envy,LocalRouteDiversity,0
tsiligirides_problem_3_budget_105.txt,selected_random,Median,790
tsiligirides_problem_3_budget_105.txt,selected_random,Q1,790
tsiligirides_problem_3_budget_105.txt,selected_random,Q3,790
tsiligirides_problem_3_budget_105.txt,selected_random,Best,800
tsiligirides_problem_3_budget_105.txt,selected_random,Worst,720
tsiligirides_problem_3_budget_105.txt,selected_random,Average,789.324
tsiligirides_problem_3_budget_105.txt,selected_random,RouteDiversity,0.6546695283148093
tsiligirides_problem_3_budget_105.txt,selected_random,LocalRouteDiversity,0.024193457052954143
tsiligirides_problem_3_budget_105.txt,selected_random_random_tie,Median,790
tsiligirides_problem_3_budget_105.txt,selected_random_random_tie,Q1,790
tsiligirides_problem_3_budget_105.txt,selected_random_random_tie,Q3,790
tsiligirides_problem_3_budget_105.txt,selected_random_random_tie,Best,800
tsiligirides_problem_3_budget_105.txt,selected_random_random_tie,Worst,720
tsiligirides_problem_3_budget_105.txt,selected_random_random_tie,Average,788.864
tsiligirides_problem_3_budget_105.txt,selected_random_random_tie,RouteDiversity,0.6642407958698618
tsiligirides_problem_3_budget_105.txt,selected_random_random_tie,LocalRouteDiversity,0.02929131655171525
tsiligirides_problem_3_budget_105.txt,selected_random_tie_marginal_envy,Median,790
tsiligirides_problem_3_budget_105.txt,selected_random_tie_marginal_envy,Q1,790
tsiligirides_problem_3_budget_105.txt,selected_random_tie_marginal_envy,Q3,790
tsiligirides_problem_3_budget_105.txt,selected_random_tie_marginal_envy,Best,800
tsiligirides_problem_3_budget_105.txt,selected_random_tie_marginal_envy,Worst,720
tsiligirides_problem_3_budget_105.txt,selected_random_tie_marginal_envy,Average,789.296
tsiligirides_problem_3_budget_105.txt,selected_random_tie_marginal_envy,RouteDiversity,0.658923887175861
tsiligirides_problem_3_budget_105.txt,selected_random_tie_marginal_envy,LocalRouteDiversity,0.024658202851953123
tsiligirides_problem_3_budget_105.txt,selected_random_tie_total_envy,Median,790
tsiligirides_problem_3_budget_105.txt,selected_random_tie_total_envy,Q1,790
tsiligirides_problem_3_budget_105.txt,selected_random_tie_total_envy,Q3,790
tsiligirides_problem_3_budget_105.txt,selected_random_tie_total_envy,Best,800
tsiligirides_problem_3_budget_105.txt,selected_random_tie_total_envy,Worst,750
tsiligirides_problem_3_budget_105.txt,selected_random_tie_total_envy,Average,789
tsiligirides_problem_3_budget_105.txt,selected_random_tie_total_envy,RouteDiversity,0.6513473024278118
tsiligirides_problem_3_budget_105.txt,selected_random_tie_total_envy,LocalRouteDiversity,0.028879435184187518
tsiligirides_problem_3_budget_105.txt,selected_random_tie_marginal_wise,Median,790
tsiligirides_problem_3_budget_105.txt,selected_random_tie_marginal_wise,Q1,790
tsiligirides_problem_3_budget_105.txt,selected_random_tie_marginal_wise,Q3,790
tsiligirides_problem_3_budget_105.txt,selected_random_tie_marginal_wise,Best,800
tsiligirides_problem_3_budget_105.txt,selected_random_tie_marginal_wise,Worst,720
tsiligirides_problem_3_budget_105.txt,selected_random_tie_marginal_wise,Average,789.128
tsiligirides_problem_3_budget_105.txt,selected_random_tie_marginal_wise,RouteDiversity,0.6554064914009219
tsiligirides_problem_3_budget_105.txt,selected_random_tie_marginal_wise,LocalRouteDiversity,0.02404437973512278
tsiligirides_problem_3_budget_050.txt,marginal_greedy,Median,380
tsiligirides_problem_3_budget_050.txt,marginal_greedy,Q1,360
tsiligirides_problem_3_budget_050.txt,marginal_greedy,Q3,390
tsiligirides_problem_3_budget_050.txt,marginal_greedy,Best,430
tsiligirides_problem_3_budget_050.txt,marginal_greedy,Worst,320
tsiligirides_problem_3_budget_050.txt,marginal_greedy,Average,373.972
tsiligirides_problem_3_budget_050.txt,marginal_greedy,RouteDiversity,0.8133325861863703
tsiligirides_problem_3_budget_050.txt,marginal_greedy,LocalRouteDiversity,0.0025103174603174606
tsiligirides_problem_3_budget_050.txt,marginal_lazy,Median,400
tsiligirides_problem_3_budget_050.txt,marginal_lazy,Q1,400
tsiligirides_problem_3_budget_050.txt,marginal_lazy,Q3,400
tsiligirides_problem_3_budget_050.txt,marginal_lazy,Best,400
tsiligirides_problem_3_budget_050.txt,marginal_lazy,Worst,400
tsiligirides_problem_3_budget_050.txt,marginal_lazy,Average,400
tsiligirides_problem_3_budget_050.txt,marginal_lazy,RouteDiversity,0
tsiligirides_problem_3_budget_050.txt,marginal_lazy,LocalRouteDiversity,0
tsiligirides_problem_3_budget_050.txt,marginal_smart,Median,450
tsiligirides_problem_3_budget_050.txt,marginal_smart,Q1,450
tsiligirides_problem_3_budget_050.txt,marginal_smart,Q3,450
tsiligirides_problem_3_budget_050.txt,marginal_smart,Best,450
tsiligirides_problem_3_budget_050.txt,marginal_smart,Worst,450
tsiligirides_problem_3_budget_050.txt,marginal_smart,Average,450
tsiligirides_problem_3_budget_050.txt,marginal_smart,RouteDiversity,0
tsiligirides_problem_3_budget_050.txt,marginal_smart,LocalRouteDiversity,0
tsiligirides_problem_3_budget_050.txt,marginal_wise,Median,470
tsiligirides_problem_3_budget_050.txt,marginal_wise,Q1,470
tsiligirides_problem_3_budget_050.txt,marginal_wise,Q3,470
tsiligirides_problem_3_budget_050.txt,marginal_wise,Best,470
tsiligirides_problem_3_budget_050.txt,marginal_wise,Worst,470
tsiligirides_problem_3_budget_050.txt,marginal_wise,Average,470
tsiligirides_problem_3_budget_050.txt,marginal_wise,RouteDiversity,0
tsiligirides_problem_3_budget_050.txt,marginal_wise,LocalRouteDiversity,0
tsiligirides_problem_3_budget_050.txt,marginal_envy,Median,470
tsiligirides_problem_3_budget_050.txt,marginal_envy,Q1,470
tsiligirides_problem_3_budget_050.txt,marginal_envy,Q3,470
tsiligirides_problem_3_budget_050.txt,marginal_envy,Best,470
tsiligirides_problem_3_budget_050.txt,marginal_envy,Worst,470
tsiligirides_problem_3_budget_050.txt,marginal_envy,Average,470
tsiligirides_problem_3_budget_050.txt,marginal_envy,RouteDiversity,0
tsiligirides_problem_3_budget_050.txt,marginal_envy,LocalRouteDiversity,0
tsiligirides_problem_3_budget_050.txt,total_greedy,Median,380
tsiligirides_problem_3_budget_050.txt,total_greedy,Q1,360
tsiligirides_problem_3_budget_050.txt,total_greedy,Q3,390
tsiligirides_problem_3_budget_050.txt,total_greedy,Best,430
tsiligirides_problem_3_budget_050.txt,total_greedy,Worst,320
tsiligirides_problem_3_budget_050.txt,total_greedy,Average,374.2
tsiligirides_problem_3_budget_050.txt,total_greedy,RouteDiversity,0.8100550930891057
tsiligirides_problem_3_budget_050.txt,total_greedy,LocalRouteDiversity,0.002654325396825397
tsiligirides_problem_3_budget_050.txt,total_lazy,Median,400
tsiligirides_problem_3_budget_050.txt,total_lazy,Q1,400
tsiligirides_problem_3_budget_050.txt,total_lazy,Q3,400
tsiligirides_problem_3_budget_050.txt,total_lazy,Best,400
tsiligirides_problem_3_budget_050.txt,total_lazy,Worst,400
tsiligirides_problem_3_budget_050.txt,total_lazy,Average,400
tsiligirides_problem_3_budget_050.txt,total_lazy,RouteDiversity,0
tsiligirides_problem_3_budget_050.txt,total_lazy,LocalRouteDiversity,0
tsiligirides_problem_3_budget_050.txt,total_smart,Median,440
tsiligirides_problem_3_budget_050.txt,total_smart,Q1,440
tsiligirides_problem_3_budget_050.txt,total_smart,Q3,440
tsiligirides_problem_3_budget_050.txt,total_smart,Best,440
tsiligirides_problem_3_budget_050.txt,total_smart,Worst,440
tsiligirides_problem_3_budget_050.txt,total_smart,Average,440
tsiligirides_problem_3_budget_050.txt,total_smart,RouteDiversity,0
tsiligirides_problem_3_budget_050.txt,total_smart,LocalRouteDiversity,0
tsiligirides_problem_3_budget_050.txt,total_wise,Median,450
tsiligirides_problem_3_budget_050.txt,total_wise,Q1,450
tsiligirides_problem_3_budget_050.txt,total_wise,Q3,450
tsiligirides_problem_3_budget_050.txt,total_wise,Best,450
tsiligirides_problem_3_budget_050.txt,total_wise,Worst,450
tsiligirides_problem_3_budget_050.txt,total_wise,Average,450
tsiligirides_problem_3_budget_050.txt,total_wise,RouteDiversity,0
tsiligirides_problem_3_budget_050.txt,total_wise,LocalRouteDiversity,0
tsiligirides_problem_3_budget_050.txt,total_envy,Median,470
tsiligirides_problem_3_budget_050.txt,total_envy,Q1,470
tsiligirides_problem_3_budget_050.txt,total_envy,Q3,470
tsiligirides_problem_3_budget_050.txt,total_envy,Best,470
tsiligirides_problem_3_budget_050.txt,total_envy,Worst,470
tsiligirides_problem_3_budget_050.txt,total_envy,Average,470
tsiligirides_problem_3_budget_050.txt,total_envy,RouteDiversity,0
tsiligirides_problem_3_budget_050.txt,total_envy,LocalRouteDiversity,0
tsiligirides_problem_3_budget_050.txt,selected_random,Median,450
tsiligirides_problem_3_budget_050.txt,selected_random,Q1,450
tsiligirides_problem_3_budget_050.txt,selected_random,Q3,470
tsiligirides_problem_3_budget_050.txt,selected_random,Best,490
tsiligirides_problem_3_budget_050.txt,selected_random,Worst,430
tsiligirides_problem_3_budget_050.txt,selected_random,Average,456.89
tsiligirides_problem_3_budget_050.txt,selected_random,RouteDiversity,0.670197832390887
tsiligirides_problem_3_budget_050.txt,selected_random,LocalRouteDiversity,0.013200087154645506
tsiligirides_problem_3_budget_050.txt,selected_random_random_tie,Median,450
tsiligirides_problem_3_budget_050.txt,selected_random_random_tie,Q1,450
tsiligirides_problem_3_budget_050.txt,selected_random_random_tie,Q3,470
tsiligirides_problem_3_budget_050.txt,selected_random_random_tie,Best,490
tsiligirides_problem_3_budget_050.txt,selected_random_random_tie,Worst,430
tsiligirides_problem_3_budget_050.txt,selected_random_random_tie,Average,457.126
tsiligirides_problem_3_budget_050.txt,selected_random_random_tie,RouteDiversity,0.6653552713103856
tsiligirides_problem_3_budget_050.txt,selected_random_random_tie,LocalRouteDiversity,0.014282054525184962
tsiligirides_problem_3_budget_050.txt,selected_random_tie_marginal_envy,Median,450
tsiligirides_problem_3_budget_050.txt,selected_random_tie_marginal_envy,Q1,450
tsiligirides_problem_3_budget_050.txt,selected_random_tie_marginal_envy,Q3,470
tsiligirides_problem_3_budget_050.txt,selected_random_tie_marginal_envy,Best,490
tsiligirides_problem_3_budget_050.txt,selected_random_tie_marginal_envy,Worst,430
tsiligirides_problem_3_budget_050.txt,selected_random_tie_marginal_envy,Average,456.926
tsiligirides_problem_3_budget_050.txt,selected_random_tie_marginal_envy,RouteDiversity,0.6786589690588294
tsiligirides_problem_3_budget_050.txt,selected_random_tie_marginal_envy,LocalRouteDiversity,0.014235885068910242
tsiligirides_problem_3_budget_050.txt,selected_random_tie_total_envy,Median,450
tsiligirides_problem_3_budget_050.txt,selected_random_tie_total_envy,Q1,450
tsiligirides_problem_3_budget_050.txt,selected_random_tie_total_envy,Q3,470
tsiligirides_problem_3_budget_050.txt,selected_random_tie_total_envy,Best,490
tsiligirides_problem_3_budget_050.txt,selected_random_tie_total_envy,Worst,430
tsiligirides_problem_3_budget_050.txt,selected_random_tie_total_envy,Average,457.086
tsiligirides_problem_3_budget_050.txt,selected_random_tie_total_envy,RouteDiversity,0.6825240438887337
tsiligirides_problem_3_budget_050.txt,selected_random_tie_total_envy,LocalRouteDiversity,0.010767485224920006
tsiligirides_problem_3_budget_050.txt,selected_random_tie_marginal_wise,Median,450
tsiligirides_problem_3_budget_050.txt,selected_random_tie_marginal_wise,Q1,450
tsiligirides_problem_3_budget_050.txt,selected_random_tie_marginal_wise,Q3,470
tsiligirides_problem_3_budget_050.txt,selected_random_tie_marginal_wise,Best,490
tsiligirides_problem_3_budget_050.txt,selected_random_tie_marginal_wise,Worst,430
tsiligirides_problem_3_budget_050.txt,selected_random_tie_marginal_wise,Average,457.218
tsiligirides_problem_3_budget_050.txt,selected_random_tie_marginal_wise,RouteDiversity,0.6778803185375709
tsiligirides_problem_3_budget_050.txt,selected_random_tie_marginal_wise,LocalRouteDiversity,0.014303551277098186
set_66_1_015.txt,marginal_greedy,Median,95
set_66_1_015.txt,marginal_greedy,Q1,95
set_66_1_015.txt,marginal_greedy,Q3,120
set_66_1_015.txt,marginal_greedy,Best,120
set_66_1_015.txt,marginal_greedy,Worst,60
set_66_1_015.txt,marginal_greedy,Average,99.357
set_66_1_015.txt,marginal_greedy,RouteDiversity,0.8812322770102042
set_66_1_015.txt,marginal_greedy,LocalRouteDiversity,0
set_66_1_015.txt,marginal_lazy,Median,50
set_66_1_015.txt,marginal_lazy,Q1,50
set_66_1_015.txt,marginal_lazy,Q3,50
set_66_1_015.txt,marginal_lazy,Best,50
set_66_1_015.txt,marginal_lazy,Worst,50
set_66_1_015.txt,marginal_lazy,Average,50
set_66_1_015.txt,marginal_lazy,RouteDiversity,0.5002582582582582
set_66_1_015.txt,marginal_lazy,LocalRouteDiversity,0
set_66_1_015.txt,marginal_smart,Median,95
set_66_1_015.txt,marginal_smart,Q1,95
set_66_1_015.txt,marginal_smart,Q3,95
set_66_1_015.txt,marginal_smart,Best,95
set_66_1_015.txt,marginal_smart,Worst,95
set_66_1_015.txt,marginal_smart,Average,95
set_66_1_015.txt,marginal_smart,RouteDiversity,0.6955497211494719
set_66_1_015.txt,marginal_smart,LocalRouteDiversity,0
set_66_1_015.txt,marginal_wise,Median,95
set_66_1_015.txt,marginal_wise,Q1,95
set_66_1_015.txt,marginal_wise,Q3,95
set_66_1_015.txt,marginal_wise,Best,95
set_66_1_015.txt,marginal_wise,Worst,95
set_66_1_015.txt,marginal_wise,Average,95
set_66_1_015.txt,marginal_wise,RouteDiversity,0.4976096096096096
set_66_1_015.txt,marginal_wise,LocalRouteDiversity,0
set_66_1_015.txt,marginal_envy,Median,95
set_66_1_015.txt,marginal_envy,Q1,95
set_66_1_015.txt,marginal_envy,Q3,95
set_66_1_015.txt,marginal_envy,Best,95
set_66_1_015.txt,marginal_envy,Worst,95
set_66_1_015.txt,marginal_envy,Average,95
set_66_1_015.txt,marginal_envy,RouteDiversity,0.7492032032032032
set_66_1_015.txt,marginal_envy,LocalRouteDiversity,0
set_66_1_015.txt,total_greedy,Median,95
set_66_1_015.txt,total_greedy,Q1,95
set_66_1_015.txt,total_greedy,Q3,120
set_66_1_015.txt,total_greedy,Best,120
set_66_1_015.txt,total_greedy,Worst,60
set_66_1_015.txt,total_greedy,Average,99.515
set_66_1_015.txt,total_greedy,RouteDiversity,0.8796482112705681
set_66_1_015.txt,total_greedy,LocalRouteDiversity,0
set_66_1_015.txt,total_lazy,Median,50
set_66_1_015.txt,total_lazy,Q1,50
set_66_1_015.txt,total_lazy,Q3,50
set_66_1_015.txt,total_lazy,Best,50
set_66_1_015.txt,total_lazy,Worst,50
set_66_1_015.txt,total_lazy,Average,50
set_66_1_015.txt,total_lazy,RouteDiversity,0.4950870870870871
set_66_1_015.txt,total_lazy,LocalRouteDiversity,0
set_66_1_015.txt,total_smart,Median,95
set_66_1_015.txt,total_smart,Q1,95
set_66_1_015.txt,total_smart,Q3,95
set_66_1_015.txt,total_smart,Best,95
set_66_1_015.txt,total_smart,Worst,95
set_66_1_015.txt,total_smart,Average,95
set_66_1_015.txt,total_smart,RouteDiversity,0.7497537537537537
set_66_1_015.txt,total_smart,LocalRouteDiversity,0
set_66_1_015.txt,total_wise,Median,95
set_66_1_015.txt,total_wise,Q1,95
set_66_1_015.txt,total_wise,Q3,95
set_66_1_015.txt,total_wise,Best,95
set_66_1_015.txt,total_wise,Worst,95
set_66_1_015.txt,total_wise,Average,95
set_66_1_015.txt,total_wise,RouteDiversity,0.5003003003003003
set_66_1_015.txt,total_wise,LocalRouteDiversity,0
set_66_1_015.txt,total_envy,Median,95
set_66_1_015.txt,total_envy,Q1,95
set_66_1_015.txt,total_envy,Q3,95
set_66_1_015.txt,total_envy,Best,95
set_66_1_015.txt,total_envy,Worst,95
set_66_1_015.txt,total_envy,Average,95
set_66_1_015.txt,total_envy,RouteDiversity,0.7506126126126126
set_66_1_015.txt,total_envy,LocalRouteDiversity,0
set_66_1_015.txt,selected_random,Median,95
set_66_1_015.txt,selected_random,Q1,95
set_66_1_015.txt,selected_random,Q3,100
set_66_1_015.txt,selected_random,Best,120
set_66_1_015.txt,selected_random,Worst,95
set_66_1_015.txt,selected_random,Average,100.535
set_66_1_015.txt,selected_random,RouteDiversity,0.8614459953459209
set_66_1_015.txt,selected_random,LocalRouteDiversity,0
set_66_1_015.txt,selected_random_random_tie,Median,95
set_66_1_015.txt,selected_random_random_tie,Q1,95
set_66_1_015.txt,selected_random_random_tie,Q3,100
set_66_1_015.txt,selected_random_random_tie,Best,120
set_66_1_015.txt,selected_random_random_tie,Worst,95
set_66_1_015.txt,selected_random_random_tie,Average,100.609
set_66_1_015.txt,selected_random_random_tie,RouteDiversity,0.8599707933040533
set_66_1_015.txt,selected_random_random_tie,LocalRouteDiversity,0.0038545454545454542
set_66_1_015.txt,selected_random_tie_marginal_envy,Median,95
set_66_1_015.txt,selected_random_tie_marginal_envy,Q1,95
set_66_1_015.txt,selected_random_tie_marginal_envy,Q3,100
set_66_1_015.txt,selected_random_tie_marginal_envy,Best,120
set_66_1_015.txt,selected_random_tie_marginal_envy,Worst,95
set_66_1_015.txt,selected_random_tie_marginal_envy,Average,100.732
set_66_1_015.txt,selected_random_tie_marginal_envy,RouteDiversity,0.8681502645501725
set_66_1_015.txt,selected_random_tie_marginal_envy,LocalRouteDiversity,0.003636363636363636
set_66_1_015.txt,selected_random_tie_total_envy,Median,95
set_66_1_015.txt,selected_random_tie_total_envy,Q1,95
set_66_1_015.txt,selected_random_tie_total_envy,Q3,100
set_66_1_015.txt,selected_random_tie_total_envy,Best,120
set_66_1_015.txt,selected_random_tie_total_envy,Worst,95
set_66_1_015.txt,selected_random_tie_total_envy,Average,100.707
set_66_1_015.txt,selected_random_tie_total_envy,RouteDiversity,0.8591903778236322
set_66_1_015.txt,selected_random_tie_total_envy,LocalRouteDiversity,0.003709090909090909
set_66_1_015.txt,selected_random_tie_marginal_wise,Median,95
set_66_1_015.txt,selected_random_tie_marginal_wise,Q1,95
set_66_1_015.txt,selected_random_tie_marginal_wise,Q3,100
set_66_1_015.txt,selected_random_tie_marginal_wise,Best,120
set_66_1_015.txt,selected_random_tie_marginal_wise,Worst,95
set_66_1_015.txt,selected_random_tie_marginal_wise,Average,100.81
set_66_1_015.txt,selected_random_tie_marginal_wise,RouteDiversity,0.8631702048367745
set_66_1_015.txt,selected_random_tie_marginal_wise,LocalRouteDiversity,0.0037999999999999996
set_66_1_060.txt,marginal_greedy,Median,450
set_66_1_060.txt,marginal_greedy,Q1,390
set_66_1_060.txt,marginal_greedy,Q3,515
set_66_1_060.txt,marginal_greedy,Best,855
set_66_1_060.txt,marginal_greedy,Worst,155
set_66_1_060.txt,marginal_greedy,Average,454.181
set_66_1_060.txt,marginal_greedy,RouteDiversity,0.9768898758897577
set_66_1_060.txt,marginal_greedy,LocalRouteDiversity,0.7947953008409931
set_66_1_060.txt,marginal_lazy,Median,500
set_66_1_060.txt,marginal_lazy,Q1,500
set_66_1_060.txt,marginal_lazy,Q3,500
set_66_1_060.txt,marginal_lazy,Best,500
set_66_1_060.txt,marginal_lazy,Worst,500
set_66_1_060.txt,marginal_lazy,Average,500
set_66_1_060.txt,marginal_lazy,RouteDiversity,0.5141849683792926
set_66_1_060.txt,marginal_lazy,LocalRouteDiversity,0
set_66_1_060.txt,marginal_smart,Median,815
set_66_1_060.txt,marginal_smart,Q1,815
set_66_1_060.txt,marginal_smart,Q3,815
set_66_1_060.txt,marginal_smart,Best,815
set_66_1_060.txt,marginal_smart,Worst,815
set_66_1_060.txt,marginal_smart,Average,815
set_66_1_060.txt,marginal_smart,RouteDiversity,0.7500760760760761
set_66_1_060.txt,marginal_smart,LocalRouteDiversity,0
set_66_1_060.txt,marginal_wise,Median,815
set_66_1_060.txt,marginal_wise,Q1,815
set_66_1_060.txt,marginal_wise,Q3,815
set_66_1_060.txt,marginal_wise,Best,815
set_66_1_060.txt,marginal_wise,Worst,815
set_66_1_060.txt,marginal_wise,Average,815
set_66_1_060.txt,marginal_wise,RouteDiversity,0.5001081081081081
set_66_1_060.txt,marginal_wise,LocalRouteDiversity,0
set_66_1_060.txt,marginal_envy,Median,815
set_66_1_060.txt,marginal_envy,Q1,815
set_66_1_060.txt,marginal_envy,Q3,815
set_66_1_060.txt,marginal_envy,Best,815
set_66_1_060.txt,marginal_envy,Worst,815
set_66_1_060.txt,marginal_envy,Average,815
set_66_1_060.txt,marginal_envy,RouteDiversity,0.7502642642642643
set_66_1_060.txt,marginal_envy,LocalRouteDiversity,0
set_66_1_060.txt,total_greedy,Median,455
set_66_1_060.txt,total_greedy,Q1,390
set_66_1_060.txt,total_greedy,Q3,520
set_66_1_060.txt,total_greedy,Best,855
set_66_1_060.txt,total_greedy,Worst,180
set_66_1_060.txt,total_greedy,Average,457.859
set_66_1_060.txt,total_greedy,RouteDiversity,0.9769364998484383
set_66_1_060.txt,total_greedy,LocalRouteDiversity,0.7915576636817424
set_66_1_060.txt,total_lazy,Median,580
set_66_1_060.txt,total_lazy,Q1,580
set_66_1_060.txt,total_lazy,Q3,580
set_66_1_060.txt,total_lazy,Best,580
set_66_1_060.txt,total_lazy,Worst,580
set_66_1_060.txt,total_lazy,Average,580
set_66_1_060.txt,total_lazy,RouteDiversity,0.4994414414414414
set_66_1_060.txt,total_lazy,LocalRouteDiversity,0
set_66_1_060.txt,total_smart,Median,815
set_66_1_060.txt,total_smart,Q1,805
set_66_1_060.txt,total_smart,Q3,815
set_66_1_060.txt,total_smart,Best,815
set_66_1_060.txt,total_smart,Worst,805
set_66_1_060.txt,total_smart,Average,810.148
set_66_1_060.txt,total_smart,RouteDiversity,0.7529994570850629
set_66_1_060.txt,total_smart,LocalRouteDiversity,0
set_66_1_060.txt,total_wise,Median,815
set_66_1_060.txt,total_wise,Q1,815
set_66_1_060.txt,total_wise,Q3,815
set_66_1_060.txt,total_wise,Best,815
set_66_1_060.txt,total_wise,Worst,815
set_66_1_060.txt,total_wise,Average,815
set_66_1_060.txt,total_wise,RouteDiversity,0.49961761761761764
set_66_1_060.txt,total_wise,LocalRouteDiversity,0
set_66_1_060.txt,total_envy,Median,815
set_66_1_060.txt,total_envy,Q1,815
set_66_1_060.txt,total_envy,Q3,815
set_66_1_060.txt,total_envy,Best,815
set_66_1_060.txt,total_envy,Worst,815
set_66_1_060.txt,total_envy,Average,815
set_66_1_060.txt,total_envy,RouteDiversity,0.7489169169169169
set_66_1_060.txt,total_envy,LocalRouteDiversity,0
set_66_1_060.txt,selected_random,Median,815
set_66_1_060.txt,selected_random,Q1,815
set_66_1_060.txt,selected_random,Q3,815
set_66_1_060.txt,selected_random,Best,815
set_66_1_060.txt,selected_random,Worst,785
set_66_1_060.txt,selected_random,Average,812.48
set_66_1_060.txt,selected_random,RouteDiversity,0.814180457358964
set_66_1_060.txt,selected_random,LocalRouteDiversity,0.007321717259952554
set_66_1_060.txt,selected_random_random_tie,Median,815
set_66_1_060.txt,selected_random_random_tie,Q1,815
set_66_1_060.txt,selected_random_random_tie,Q3,815
set_66_1_060.txt,selected_random_random_tie,Best,815
set_66_1_060.txt,selected_random_random_tie,Worst,795
set_66_1_060.txt,selected_random_random_tie,Average,814.194
set_66_1_060.txt,selected_random_random_tie,RouteDiversity,0.82326695706752
set_66_1_060.txt,selected_random_random_tie,LocalRouteDiversity,0.01700577412783295
set_66_1_060.txt,selected_random_tie_marginal_envy,Median,815
set_66_1_060.txt,selected_random_tie_marginal_envy,Q1,815
set_66_1_060.txt,selected_random_tie_marginal_envy,Q3,815
set_66_1_060.txt,selected_random_tie_marginal_envy,Best,815
set_66_1_060.txt,selected_random_tie_marginal_envy,Worst,795
set_66_1_060.txt,selected_random_tie_marginal_envy,Average,814.132
set_66_1_060.txt,selected_random_tie_marginal_envy,RouteDiversity,0.8263373886742504
set_66_1_060.txt,selected_random_tie_marginal_envy,LocalRouteDiversity,0.01703178453070094
set_66_1_060.txt,selected_random_tie_total_envy,Median,815
set_66_1_060.txt,selected_random_tie_total_envy,Q1,815
set_66_1_060.txt,selected_random_tie_total_envy,Q3,815
set_66_1_060.txt,selected_random_tie_total_envy,Best,815
set_66_1_060.txt,selected_random_tie_total_envy,Worst,795
set_66_1_060.txt,selected_random_tie_total_envy,Average,814.088
set_66_1_060.txt,selected_random_tie_total_envy,RouteDiversity,0.8241640069801446
set_66_1_060.txt,selected_random_tie_total_envy,LocalRouteDiversity,0.01610404682757624
set_66_1_060.txt,selected_random_tie_marginal_wise,Median,815
set_66_1_060.txt,selected_random_tie_marginal_wise,Q1,815
set_66_1_060.txt,selected_random_tie_marginal_wise,Q3,815
set_66_1_060.txt,selected_random_tie_marginal_wise,Best,815
set_66_1_060.txt,selected_random_tie_marginal_wise,Worst,795
set_66_1_060.txt,selected_random_tie_marginal_wise,Average,814.126
set_66_1_060.txt,selected_random_tie_marginal_wise,RouteDiversity,0.824358768606516
set_66_1_060.txt,selected_random_tie_marginal_wise,LocalRouteDiversity,0.018784705159705154
set_64_1_30.txt,marginal_greedy,Median,384
set_64_1_30.txt,marginal_greedy,Q1,354
set_64_1_30.txt,marginal_greedy,Q3,402
set_64_1_30.txt,marginal_greedy,Best,444
set_64_1_30.txt,marginal_greedy,Worst,294
set_64_1_30.txt,marginal_greedy,Average,382.7784
set_64_1_30.txt,marginal_greedy,RouteDiversity,0.8649206158955717
set_64_1_30.txt,marginal_greedy,LocalRouteDiversity,0.14680085284726202
set_64_1_30.txt,marginal_lazy,Median,228
set_64_1_30.txt,marginal_lazy,Q1,228
set_64_1_30.txt,marginal_lazy,Q3,258
set_64_1_30.txt,marginal_lazy,Best,258
set_64_1_30.txt,marginal_lazy,Worst,228
set_64_1_30.txt,marginal_lazy,Average,242.784
set_64_1_30.txt,marginal_lazy,RouteDiversity,0.703871031361
set_64_1_30.txt,marginal_lazy,LocalRouteDiversity,0.05483982683982681
set_64_1_30.txt,marginal_smart,Median,378
set_64_1_30.txt,marginal_smart,Q1,354
set_64_1_30.txt,marginal_smart,Q3,378
set_64_1_30.txt,marginal_smart,Best,378
set_64_1_30.txt,marginal_smart,Worst,354
set_64_1_30.txt,marginal_smart,Average,366.0192
set_64_1_30.txt,marginal_smart,RouteDiversity,0.6671866096584866
set_64_1_30.txt,marginal_smart,LocalRouteDiversity,0
set_64_1_30.txt,marginal_wise,Median,330
set_64_1_30.txt,marginal_wise,Q1,324
set_64_1_30.txt,marginal_wise,Q3,330
set_64_1_30.txt,marginal_wise,Best,330
set_64_1_30.txt,marginal_wise,Worst,324
set_64_1_30.txt,marginal_wise,Average,327.0372
set_64_1_30.txt,marginal_wise,RouteDiversity,0.7010748937877888
set_64_1_30.txt,marginal_wise,LocalRouteDiversity,0.005963636363636353
set_64_1_30.txt,marginal_envy,Median,390
set_64_1_30.txt,marginal_envy,Q1,366
set_64_1_30.txt,marginal_envy,Q3,390
set_64_1_30.txt,marginal_envy,Best,390
set_64_1_30.txt,marginal_envy,Worst,366
set_64_1_30.txt,marginal_envy,Average,378.12
set_64_1_30.txt,marginal_envy,RouteDiversity,0.5231514245090846
set_64_1_30.txt,marginal_envy,LocalRouteDiversity,0
set_64_1_30.txt,total_greedy,Median,384
set_64_1_30.txt,total_greedy,Q1,354
set_64_1_30.txt,total_greedy,Q3,402
set_64_1_30.txt,total_greedy,Best,444
set_64_1_30.txt,total_greedy,Worst,294
set_64_1_30.txt,total_greedy,Average,383.184
set_64_1_30.txt,total_greedy,RouteDiversity,0.862573972633071
set_64_1_30.txt,total_greedy,LocalRouteDiversity,0.13904135182041769
set_64_1_30.txt,total_lazy,Median,258
set_64_1_30.txt,total_lazy,Q1,258
set_64_1_30.txt,total_lazy,Q3,282
set_64_1_30.txt,total_lazy,Best,282
set_64_1_30.txt,total_lazy,Worst,258
set_64_1_30.txt,total_lazy,Average,265.5648
set_64_1_30.txt,total_lazy,RouteDiversity,0.714972493257983
set_64_1_30.txt,total_lazy,LocalRouteDiversity,0.030003463203463223
set_64_1_30.txt,total_smart,Median,462
set_64_1_30.txt,total_smart,Q1,462
set_64_1_30.txt,total_smart,Q3,462
set_64_1_30.txt,total_smart,Best,462
set_64_1_30.txt,total_smart,Worst,462
set_64_1_30.txt,total_smart,Average,462
set_64_1_30.txt,total_smart,RouteDiversity,0.49804804804804803
set_64_1_30.txt,total_smart,LocalRouteDiversity,0
set_64_1_30.txt,total_wise,Median,414
set_64_1_30.txt,total_wise,Q1,408
set_64_1_30.txt,total_wise,Q3,420
set_64_1_30.txt,total_wise,Best,420
set_64_1_30.txt,total_wise,Worst,408
set_64_1_30.txt,total_wise,Average,413.994
set_64_1_30.txt,total_wise,RouteDiversity,0.6139844115938703
set_64_1_30.txt,total_wise,LocalRouteDiversity,0
set_64_1_30.txt,total_envy,Median,456
set_64_1_30.txt,total_envy,Q1,456
set_64_1_30.txt,total_envy,Q3,468
set_64_1_30.txt,total_envy,Best,468
set_64_1_30.txt,total_envy,Worst,450
set_64_1_30.txt,total_envy,Average,460.4988
set_64_1_30.txt,total_envy,RouteDiversity,0.6731822954715557
set_64_1_30.txt,total_envy,LocalRouteDiversity,0
set_64_1_30.txt,selected_random,Median,450
set_64_1_30.txt,selected_random,Q1,432
set_64_1_30.txt,selected_random,Q3,462
set_64_1_30.txt,selected_random,Best,468
set_64_1_30.txt,selected_random,Worst,288
set_64_1_30.txt,selected_random,Average,437.6316
set_64_1_30.txt,selected_random,RouteDiversity,0.8374443965030085
set_64_1_30.txt,selected_random,LocalRouteDiversity,0.12750055405624983
set_64_1_30.txt,selected_random_random_tie,Median,444
set_64_1_30.txt,selected_random_random_tie,Q1,432
set_64_1_30.txt,selected_random_random_tie,Q3,462
set_64_1_30.txt,selected_random_random_tie,Best,468
set_64_1_30.txt,selected_random_random_tie,Worst,288
set_64_1_30.txt,selected_random_random_tie,Average,435.5532
set_64_1_30.txt,selected_random_random_tie,RouteDiversity,0.8834605773511938
set_64_1_30.txt,selected_random_random_tie,LocalRouteDiversity,0.2721229124195982
set_64_1_30.txt,selected_random_tie_marginal_envy,Median,444
set_64_1_30.txt,selected_random_tie_marginal_envy,Q1,432
set_64_1_30.txt,selected_random_tie_marginal_envy,Q3,462
set_64_1_30.txt,selected_random_tie_marginal_envy,Best,468
set_64_1_30.txt,selected_random_tie_marginal_envy,Worst,270
set_64_1_30.txt,selected_random_tie_marginal_envy,Average,434.9496
set_64_1_30.txt,selected_random_tie_marginal_envy,RouteDiversity,0.885352717545889
set_64_1_30.txt,selected_random_tie_marginal_envy,LocalRouteDiversity,0.27705000091729
set_64_1_30.txt,selected_random_tie_total_envy,Median,444
set_64_1_30.txt,selected_random_tie_total_envy,Q1,396
set_64_1_30.txt,selected_random_tie_total_envy,Q3,462
set_64_1_30.txt,selected_random_tie_total_envy,Best,468
set_64_1_30.txt,selected_random_tie_total_envy,Worst,300
set_64_1_30.txt,selected_random_tie_total_envy,Average,429.822
set_64_1_30.txt,selected_random_tie_total_envy,RouteDiversity,0.8807616138749487
set_64_1_30.txt,selected_random_tie_total_envy,LocalRouteDiversity,0.20769474987220565
set_64_1_30.txt,selected_random_tie_marginal_wise,Median,444
set_64_1_30.txt,selected_random_tie_marginal_wise,Q1,426
set_64_1_30.txt,selected_random_tie_marginal_wise,Q3,462
set_64_1_30.txt,selected_random_tie_marginal_wise,Best,468
set_64_1_30.txt,selected_random_tie_marginal_wise,Worst,300
set_64_1_30.txt,selected_random_tie_marginal_wise,Average,433.992
set_64_1_30.txt,selected_random_tie_marginal_wise,RouteDiversity,0.8848565684123764
set_64_1_30.txt,selected_random_tie_marginal_wise,LocalRouteDiversity,0.2773359393744683
tsiligirides_problem_3_budget_100.txt,marginal_greedy,Median,520
tsiligirides_problem_3_budget_100.txt,marginal_greedy,Q1,480
tsiligirides_problem_3_budget_100.txt,marginal_greedy,Q3,560
tsiligirides_problem_3_budget_100.txt,marginal_greedy,Best,690
tsiligirides_problem_3_budget_100.txt,marginal_greedy,Worst,350
tsiligirides_problem_3_budget_100.txt,marginal_greedy,Average,521.174
tsiligirides_problem_3_budget_100.txt,marginal_greedy,RouteDiversity,0.9007120595547072
tsiligirides_problem_3_budget_100.txt,marginal_greedy,LocalRouteDiversity,0.205131355974793
tsiligirides_problem_3_budget_100.txt,marginal_lazy,Median,750
tsiligirides_problem_3_budget_100.txt,marginal_lazy,Q1,750
tsiligirides_problem_3_budget_100.txt,marginal_lazy,Q3,750
tsiligirides_problem_3_budget_100.txt,marginal_lazy,Best,750
tsiligirides_problem_3_budget_100.txt,marginal_lazy,Worst,750
tsiligirides_problem_3_budget_100.txt,marginal_lazy,Average,750
tsiligirides_problem_3_budget_100.txt,marginal_lazy,RouteDiversity,0
tsiligirides_problem_3_budget_100.txt,marginal_lazy,LocalRouteDiversity,0
tsiligirides_problem_3_budget_100.txt,marginal_smart,Median,760
tsiligirides_problem_3_budget_100.txt,marginal_smart,Q1,760
tsiligirides_problem_3_budget_100.txt,marginal_smart,Q3,760
tsiligirides_problem_3_budget_100.txt,marginal_smart,Best,760
tsiligirides_problem_3_budget_100.txt,marginal_smart,Worst,760
tsiligirides_problem_3_budget_100.txt,marginal_smart,Average,760
tsiligirides_problem_3_budget_100.txt,marginal_smart,RouteDiversity,0
tsiligirides_problem_3_budget_100.txt,marginal_smart,LocalRouteDiversity,0
tsiligirides_problem_3_budget_100.txt,marginal_wise,Median,790
tsiligirides_problem_3_budget_100.txt,marginal_wise,Q1,790
tsiligirides_problem_3_budget_100.txt,marginal_wise,Q3,790
tsiligirides_problem_3_budget_100.txt,marginal_wise,Best,790
tsiligirides_problem_3_budget_100.txt,marginal_wise,Worst,790
tsiligirides_problem_3_budget_100.txt,marginal_wise,Average,790
tsiligirides_problem_3_budget_100.txt,marginal_wise,RouteDiversity,0
tsiligirides_problem_3_budget_100.txt,marginal_wise,LocalRouteDiversity,0
tsiligirides_problem_3_budget_100.txt,marginal_envy,Median,780
tsiligirides_problem_3_budget_100.txt,marginal_envy,Q1,780
tsiligirides_problem_3_budget_100.txt,marginal_envy,Q3,780
tsiligirides_problem_3_budget_100.txt,marginal_envy,Best,780
tsiligirides_problem_3_budget_100.txt,marginal_envy,Worst,780
tsiligirides_problem_3_budget_100.txt,marginal_envy,Average,780
tsiligirides_problem_3_budget_100.txt,marginal_envy,RouteDiversity,0
tsiligirides_problem_3_budget_100.txt,marginal_envy,LocalRouteDiversity,0
tsiligirides_problem_3_budget_100.txt,total_greedy,Median,530
tsiligirides_problem_3_budget_100.txt,total_greedy,Q1,480
tsiligirides_problem_3_budget_100.txt,total_greedy,Q3,560
tsiligirides_problem_3_budget_100.txt,total_greedy,Best,670
tsiligirides_problem_3_budget_100.txt,total_greedy,Worst,350
tsiligirides_problem_3_budget_100.txt,total_greedy,Average,522.068
tsiligirides_problem_3_budget_100.txt,total_greedy,RouteDiversity,0.8992580551149448
tsiligirides_problem_3_budget_100.txt,total_greedy,LocalRouteDiversity,0.21239308917902333
tsiligirides_problem_3_budget_100.txt,total_lazy,Median,750
tsiligirides_problem_3_budget_100.txt,total_lazy,Q1,750
tsiligirides_problem_3_budget_100.txt,total_lazy,Q3,750
tsiligirides_problem_3_budget_100.txt,total_lazy,Best,750
tsiligirides_problem_3_budget_100.txt,total_lazy,Worst,750
tsiligirides_problem_3_budget_100.txt,total_lazy,Average,750
tsiligirides_problem_3_budget_100.txt,total_lazy,RouteDiversity,0
tsiligirides_problem_3_budget_100.txt,total_lazy,LocalRouteDiversity,0
tsiligirides_problem_3_budget_100.txt,total_smart,Median,750
tsiligirides_problem_3_budget_100.txt,total_smart,Q1,750
tsiligirides_problem_3_budget_100.txt,total_smart,Q3,750
tsiligirides_problem_3_budget_100.txt,total_smart,Best,750
tsiligirides_problem_3_budget_100.txt,total_smart,Worst,750
tsiligirides_problem_3_budget_100.txt,total_smart,Average,750
tsiligirides_problem_3_budget_100.txt,total_smart,RouteDiversity,0
tsiligirides_problem_3_budget_100.txt,total_smart,LocalRouteDiversity,0
tsiligirides_problem_3_budget_100.txt,total_wise,Median,710
tsiligirides_problem_3_budget_100.txt,total_wise,Q1,710
tsiligirides_problem_3_budget_100.txt,total_wise,Q3,710
tsiligirides_problem_3_budget_100.txt,total_wise,Best,710
tsiligirides_problem_3_budget_100.txt,total_wise,Worst,710
tsiligirides_problem_3_budget_100.txt,total_wise,Average,710
tsiligirides_problem_3_budget_100.txt,total_wise,RouteDiversity,0
tsiligirides_problem_3_budget_100.txt,total_wise,LocalRouteDiversity,0
tsiligirides_problem_3_budget_100.txt,total_envy,Median,780
tsiligirides_problem_3_budget_100.txt,total_envy,Q1,780
tsiligirides_problem_3_budget_100.txt,total_envy,Q3,780
tsiligirides_problem_3_budget_100.txt,total_envy,Best,780
tsiligirides_problem_3_budget_100.txt,total_envy,Worst,780
tsiligirides_problem_3_budget_100.txt,total_envy,Average,780
tsiligirides_problem_3_budget_100.txt,total_envy,RouteDiversity,0
tsiligirides_problem_3_budget_100.txt,total_envy,LocalRouteDiversity,0
tsiligirides_problem_3_budget_100.txt,selected_random,Median,760
tsiligirides_problem_3_budget_100.txt,selected_random,Q1,750
tsiligirides_problem_3_budget_100.txt,selected_random,Q3,770
tsiligirides_problem_3_budget_100.txt,selected_random,Best,790
tsiligirides_problem_3_budget_100.txt,selected_random,Worst,710
tsiligirides_problem_3_budget_100.txt,selected_random,Average,760.426
tsiligirides_problem_3_budget_100.txt,selected_random,RouteDiversity,0.6835604403906431
tsiligirides_problem_3_budget_100.txt,selected_random,LocalRouteDiversity,0.04111272893339056
tsiligirides_problem_3_budget_100.txt,selected_random_random_tie,Median,760
tsiligirides_problem_3_budget_100.txt,selected_random_random_tie,Q1,750
tsiligirides_problem_3_budget_100.txt,selected_random_random_tie,Q3,770
tsiligirides_problem_3_budget_100.txt,selected_random_random_tie,Best,790
tsiligirides_problem_3_budget_100.txt,selected_random_random_tie,Worst,710
tsiligirides_problem_3_budget_100.txt,selected_random_random_tie,Average,760.292
tsiligirides_problem_3_budget_100.txt,selected_random_random_tie,RouteDiversity,0.6790143495379549
tsiligirides_problem_3_budget_100.txt,selected_random_random_tie,LocalRouteDiversity,0.03711226253795263
tsiligirides_problem_3_budget_100.txt,selected_random_tie_marginal_envy,Median,760
tsiligirides_problem_3_budget_100.txt,selected_random_tie_marginal_envy,Q1,750
tsiligirides_problem_3_budget_100.txt,selected_random_tie_marginal_envy,Q3,770
tsiligirides_problem_3_budget_100.txt,selected_random_tie_marginal_envy,Best,790
tsiligirides_problem_3_budget_100.txt,selected_random_tie_marginal_envy,Worst,710
tsiligirides_problem_3_budget_100.txt,selected_random_tie_marginal_envy,Average,760.184
tsiligirides_problem_3_budget_100.txt,selected_random_tie_marginal_envy,RouteDiversity,0.6904851407930483
tsiligirides_problem_3_budget_100.txt,selected_random_tie_marginal_envy,LocalRouteDiversity,0.03826909283409387
tsiligirides_problem_3_budget_100.txt,selected_random_tie_total_envy,Median,760
tsiligirides_problem_3_budget_100.txt,selected_random_tie_total_envy,Q1,750
tsiligirides_problem_3_budget_100.txt,selected_random_tie_total_envy,Q3,770
tsiligirides_problem_3_budget_100.txt,selected_random_tie_total_envy,Best,790
tsiligirides_problem_3_budget_100.txt,selected_random_tie_total_envy,Worst,710
tsiligirides_problem_3_budget_100.txt,selected_random_tie_total_envy,Average,759.83
tsiligirides_problem_3_budget_100.txt,selected_random_tie_total_envy,RouteDiversity,0.7022125964933538
tsiligirides_problem_3_budget_100.txt,selected_random_tie_total_envy,LocalRouteDiversity,0.0387933576633562
tsiligirides_problem_3_budget_100.txt,selected_random_tie_marginal_wise,Median,760
tsiligirides_problem_3_budget_100.txt,selected_random_tie_marginal_wise,Q1,750
tsiligirides_problem_3_budget_100.txt,selected_random_tie_marginal_wise,Q3,770
tsiligirides_problem_3_budget_100.txt,selected_random_tie_marginal_wise,Best,790
tsiligirides_problem_3_budget_100.txt,selected_random_tie_marginal_wise,Worst,710
tsiligirides_problem_3_budget_100.txt,selected_random_tie_marginal_wise,Average,760.08
tsiligirides_problem_3_budget_100.txt,selected_random_tie_marginal_wise,RouteDiversity,0.6784857064446113
tsiligirides_problem_3_budget_100.txt,selected_random_tie_marginal_wise,LocalRouteDiversity,0.03575482624531737
tsiligirides_problem_1_budget_70.txt,marginal_greedy,Median,140
tsiligirides_problem_1_budget_70.txt,marginal_greedy,Q1,130
tsiligirides_problem_1_budget_70.txt,marginal_greedy,Q3,155
tsiligirides_problem_1_budget_70.txt,marginal_greedy,Best,220
tsiligirides_problem_1_budget_70.txt,marginal_greedy,Worst,95
tsiligirides_problem_1_budget_70.txt,marginal_greedy,Average,140.203
tsiligirides_problem_1_budget_70.txt,marginal_greedy,RouteDiversity,0.9128187239560861
tsiligirides_problem_1_budget_70.txt,marginal_greedy,LocalRouteDiversity,0.40750930638307187
tsiligirides_problem_1_budget_70.txt,marginal_lazy,Median,220
tsiligirides_problem_1_budget_70.txt,marginal_lazy,Q1,220
tsiligirides_problem_1_budget_70.txt,marginal_lazy,Q3,220
tsiligirides_problem_1_budget_70.txt,marginal_lazy,Best,220
tsiligirides_problem_1_budget_70.txt,marginal_lazy,Worst,220
tsiligirides_problem_1_budget_70.txt,marginal_lazy,Average,220
tsiligirides_problem_1_budget_70.txt,marginal_lazy,RouteDiversity,0
tsiligirides_problem_1_budget_70.txt,marginal_lazy,LocalRouteDiversity,0
tsiligirides_problem_1_budget_70.txt,marginal_smart,Median,205
tsiligirides_problem_1_budget_70.txt,marginal_smart,Q1,205
tsiligirides_problem_1_budget_70.txt,marginal_smart,Q3,205
tsiligirides_problem_1_budget_70.txt,marginal_smart,Best,205
tsiligirides_problem_1_budget_70.txt,marginal_smart,Worst,205
tsiligirides_problem_1_budget_70.txt,marginal_smart,Average,205
tsiligirides_problem_1_budget_70.txt,marginal_smart,RouteDiversity,0
tsiligirides_problem_1_budget_70.txt,marginal_smart,LocalRouteDiversity,0
tsiligirides_problem_1_budget_70.txt,marginal_wise,Median,200
tsiligirides_problem_1_budget_70.txt,marginal_wise,Q1,200
tsiligirides_problem_1_budget_70.txt,marginal_wise,Q3,200
tsiligirides_problem_1_budget_70.txt,marginal_wise,Best,200
tsiligirides_problem_1_budget_70.txt,marginal_wise,Worst,200
tsiligirides_problem_1_budget_70.txt,marginal_wise,Average,200
tsiligirides_problem_1_budget_70.txt,marginal_wise,RouteDiversity,0
tsiligirides_problem_1_budget_70.txt,marginal_wise,LocalRouteDiversity,0
tsiligirides_problem_1_budget_70.txt,marginal_envy,Median,210
tsiligirides_problem_1_budget_70.txt,marginal_envy,Q1,210
tsiligirides_problem_1_budget_70.txt,marginal_envy,Q3,210
tsiligirides_problem_1_budget_70.txt,marginal_envy,Best,210
tsiligirides_problem_1_budget_70.txt,marginal_envy,Worst,210
tsiligirides_problem_1_budget_70.txt,marginal_envy,Average,210
tsiligirides_problem_1_budget_70.txt,marginal_envy,RouteDiversity,0
tsiligirides_problem_1_budget_70.txt,marginal_envy,LocalRouteDiversity,0
tsiligirides_problem_1_budget_70.txt,total_greedy,Median,140
tsiligirides_problem_1_budget_70.txt,total_greedy,Q1,130
tsiligirides_problem_1_budget_70.txt,total_greedy,Q3,155
tsiligirides_problem_1_budget_70.txt,total_greedy,Best,210
tsiligirides_problem_1_budget_70.txt,total_greedy,Worst,95
tsiligirides_problem_1_budget_70.txt,total_greedy,Average,140.535
tsiligirides_problem_1_budget_70.txt,total_greedy,RouteDiversity,0.914697860441064
tsiligirides_problem_1_budget_70.txt,total_greedy,LocalRouteDiversity,0.43717705913654487
tsiligirides_problem_1_budget_70.txt,total_lazy,Median,220
tsiligirides_problem_1_budget_70.txt,total_lazy,Q1,220
tsiligirides_problem_1_budget_70.txt,total_lazy,Q3,220
tsiligirides_problem_1_budget_70.txt,total_lazy,Best,220
tsiligirides_problem_1_budget_70.txt,total_lazy,Worst,220
tsiligirides_problem_1_budget_70.txt,total_lazy,Average,220
tsiligirides_problem_1_budget_70.txt,total_lazy,RouteDiversity,0
tsiligirides_problem_1_budget_70.txt,total_lazy,LocalRouteDiversity,0
tsiligirides_problem_1_budget_70.txt,total_smart,Median,205
tsiligirides_problem_1_budget_70.txt,total_smart,Q1,205
tsiligirides_problem_1_budget_70.txt,total_smart,Q3,205
tsiligirides_problem_1_budget_70.txt,total_smart,Best,205
tsiligirides_problem_1_budget_70.txt,total_smart,Worst,205
tsiligirides_problem_1_budget_70.txt,total_smart,Average,205
tsiligirides_problem_1_budget_70.txt,total_smart,RouteDiversity,0
tsiligirides_problem_1_budget_70.txt,total_smart,LocalRouteDiversity,0
tsiligirides_problem_1_budget_70.txt,total_wise,Median,205
tsiligirides_problem_1_budget_70.txt,total_wise,Q1,205
tsiligirides_problem_1_budget_70.txt,total_wise,Q3,205
tsiligirides_problem_1_budget_70.txt,total_wise,Best,205
tsiligirides_problem_1_budget_70.txt,total_wise,Worst,205
tsiligirides_problem_1_budget_70.txt,total_wise,Average,205
tsiligirides_problem_1_budget_70.txt,total_wise,RouteDiversity,0
tsiligirides_problem_1_budget_70.txt,total_wise,LocalRouteDiversity,0
tsiligirides_problem_1_budget_70.txt,total_envy,Median,215
tsiligirides_problem_1_budget_70.txt,total_envy,Q1,215
tsiligirides_problem_1_budget_70.txt,total_envy,Q3,215
tsiligirides_problem_1_budget_70.txt,total_envy,Best,215
tsiligirides_problem_1_budget_70.txt,total_envy,Worst,215
tsiligirides_problem_1_budget_70.txt,total_envy,Average,215
tsiligirides_problem_1_budget_70.txt,total_envy,RouteDiversity,0
tsiligirides_problem_1_budget_70.txt,total_envy,LocalRouteDiversity,0
tsiligirides_problem_1_budget_70.txt,selected_random,Median,215
tsiligirides_problem_1_budget_70.txt,selected_random,Q1,210
tsiligirides_problem_1_budget_70.txt,selected_random,Q3,220
tsiligirides_problem_1_budget_70.txt,selected_random,Best,230
tsiligirides_problem_1_budget_70.txt,selected_random,Worst,190
tsiligirides_problem_1_budget_70.txt,selected_random,Average,214.515
tsiligirides_problem_1_budget_70.txt,selected_random,RouteDiversity,0.7287451351284333
tsiligirides_problem_1_budget_70.txt,selected_random,LocalRouteDiversity,0.03589740145994986
tsiligirides_problem_1_budget_70.txt,selected_random_random_tie,Median,215
tsiligirides_problem_1_budget_70.txt,selected_random_random_tie,Q1,210
tsiligirides_problem_1_budget_70.txt,selected_random_random_tie,Q3,220
tsiligirides_problem_1_budget_70.txt,selected_random_random_tie,Best,230
tsiligirides_problem_1_budget_70.txt,selected_random_random_tie,Worst,190
tsiligirides_problem_1_budget_70.txt,selected_random_random_tie,Average,214.474
tsiligirides_problem_1_budget_70.txt,selected_random_random_tie,RouteDiversity,0.7208551251733565
tsiligirides_problem_1_budget_70.txt,selected_random_random_tie,LocalRouteDiversity,0.036829322947240214
tsiligirides_problem_1_budget_70.txt,selected_random_tie_marginal_envy,Median,215
tsiligirides_problem_1_budget_70.txt,selected_random_tie_marginal_envy,Q1,210
tsiligirides_problem_1_budget_70.txt,selected_random_tie_marginal_envy,Q3,220
tsiligirides_problem_1_budget_70.txt,selected_random_tie_marginal_envy,Best,230
tsiligirides_problem_1_budget_70.txt,selected_random_tie_marginal_envy,Worst,190
tsiligirides_problem_1_budget_70.txt,selected_random_tie_marginal_envy,Average,214.497
tsiligirides_problem_1_budget_70.txt,selected_random_tie_marginal_envy,RouteDiversity,0.7226221402135701
tsiligirides_problem_1_budget_70.txt,selected_random_tie_marginal_envy,LocalRouteDiversity,0.036927464222610486
tsiligirides_problem_1_budget_70.txt,selected_random_tie_total_envy,Median,215
tsiligirides_problem_1_budget_70.txt,selected_random_tie_total_envy,Q1,210
tsiligirides_problem_1_budget_70.txt,selected_random_tie_total_envy,Q3,220
tsiligirides_problem_1_budget_70.txt,selected_random_tie_total_envy,Best,230
tsiligirides_problem_1_budget_70.txt,selected_random_tie_total_envy,Worst,190
tsiligirides_problem_1_budget_70.txt,selected_random_tie_total_envy,Average,214.444
tsiligirides_problem_1_budget_70.txt,selected_random_tie_total_envy,RouteDiversity,0.7241132392538576
tsiligirides_problem_1_budget_70.txt,selected_random_tie_total_envy,LocalRouteDiversity,0.03449271844198363
tsiligirides_problem_1_budget_70.txt,selected_random_tie_marginal_wise,Median,215
tsiligirides_problem_1_budget_70.txt,selected_random_tie_marginal_wise,Q1,210
tsiligirides_problem_1_budget_70.txt,selected_random_tie_marginal_wise,Q3,220
tsiligirides_problem_1_budget_70.txt,selected_random_tie_marginal_wise,Best,230
tsiligirides_problem_1_budget_70.txt,selected_random_tie_marginal_wise,Worst,190
tsiligirides_problem_1_budget_70.txt,selected_random_tie_marginal_wise,Average,214.478
tsiligirides_problem_1_budget_70.txt,selected_random_tie_marginal_wise,RouteDiversity,0.7272552049036146
tsiligirides_problem_1_budget_70.txt,selected_random_tie_marginal_wise,LocalRouteDiversity,0.038949431246255495
tsiligirides_problem_1_budget_60.txt,marginal_greedy,Median,135
tsiligirides_problem_1_budget_60.txt,marginal_greedy,Q1,115
tsiligirides_problem_1_budget_60.txt,marginal_greedy,Q3,145
tsiligirides_problem_1_budget_60.txt,marginal_greedy,Best,190
tsiligirides_problem_1_budget_60.txt,marginal_greedy,Worst,80
tsiligirides_problem_1_budget_60.txt,marginal_greedy,Average,130.059
tsiligirides_problem_1_budget_60.txt,marginal_greedy,RouteDiversity,0.8867527479292097
tsiligirides_problem_1_budget_60.txt,marginal_greedy,LocalRouteDiversity,0.19393407692165765
tsiligirides_problem_1_budget_60.txt,marginal_lazy,Median,185
tsiligirides_problem_1_budget_60.txt,marginal_lazy,Q1,185
tsiligirides_problem_1_budget_60.txt,marginal_lazy,Q3,185
tsiligirides_problem_1_budget_60.txt,marginal_lazy,Best,185
tsiligirides_problem_1_budget_60.txt,marginal_lazy,Worst,185
tsiligirides_problem_1_budget_60.txt,marginal_lazy,Average,185
tsiligirides_problem_1_budget_60.txt,marginal_lazy,RouteDiversity,0
tsiligirides_problem_1_budget_60.txt,marginal_lazy,LocalRouteDiversity,0
tsiligirides_problem_1_budget_60.txt,marginal_smart,Median,170
tsiligirides_problem_1_budget_60.txt,marginal_smart,Q1,170
tsiligirides_problem_1_budget_60.txt,marginal_smart,Q3,170
tsiligirides_problem_1_budget_60.txt,marginal_smart,Best,170
tsiligirides_problem_1_budget_60.txt,marginal_smart,Worst,170
tsiligirides_problem_1_budget_60.txt,marginal_smart,Average,170
tsiligirides_problem_1_budget_60.txt,marginal_smart,RouteDiversity,0
tsiligirides_problem_1_budget_60.txt,marginal_smart,LocalRouteDiversity,0
tsiligirides_problem_1_budget_60.txt,marginal_wise,Median,170
tsiligirides_problem_1_budget_60.txt,marginal_wise,Q1,170
tsiligirides_problem_1_budget_60.txt,marginal_wise,Q3,170
tsiligirides_problem_1_budget_60.txt,marginal_wise,Best,170
tsiligirides_problem_1_budget_60.txt,marginal_wise,Worst,170
tsiligirides_problem_1_budget_60.txt,marginal_wise,Average,170
tsiligirides_problem_1_budget_60.txt,marginal_wise,RouteDiversity,0
tsiligirides_problem_1_budget_60.txt,marginal_wise,LocalRouteDiversity,0
tsiligirides_problem_1_budget_60.txt,marginal_envy,Median,180
tsiligirides_problem_1_budget_60.txt,marginal_envy,Q1,180
tsiligirides_problem_1_budget_60.txt,marginal_envy,Q3,180
tsiligirides_problem_1_budget_60.txt,marginal_envy,Best,180
tsiligirides_problem_1_budget_60.txt,marginal_envy,Worst,180
tsiligirides_problem_1_budget_60.txt,marginal_envy,Average,180
tsiligirides_problem_1_budget_60.txt,marginal_envy,RouteDiversity,0
tsiligirides_problem_1_budget_60.txt,marginal_envy,LocalRouteDiversity,0
tsiligirides_problem_1_budget_60.txt,total_greedy,Median,130
tsiligirides_problem_1_budget_60.txt,total_greedy,Q1,115
tsiligirides_problem_1_budget_60.txt,total_greedy,Q3,145
tsiligirides_problem_1_budget_60.txt,total_greedy,Best,190
tsiligirides_problem_1_budget_60.txt,total_greedy,Worst,80
tsiligirides_problem_1_budget_60.txt,total_greedy,Average,129.793
tsiligirides_problem_1_budget_60.txt,total_greedy,RouteDiversity,0.8919214240062722
tsiligirides_problem_1_budget_60.txt,total_greedy,LocalRouteDiversity,0.20013247876251433
tsiligirides_problem_1_budget_60.txt,total_lazy,Median,185
tsiligirides_problem_1_budget_60.txt,total_lazy,Q1,185
tsiligirides_problem_1_budget_60.txt,total_lazy,Q3,185
tsiligirides_problem_1_budget_60.txt,total_lazy,Best,185
tsiligirides_problem_1_budget_60.txt,total_lazy,Worst,185
tsiligirides_problem_1_budget_60.txt,total_lazy,Average,185
tsiligirides_problem_1_budget_60.txt,total_lazy,RouteDiversity,0
tsiligirides_problem_1_budget_60.txt,total_lazy,LocalRouteDiversity,0
tsiligirides_problem_1_budget_60.txt,total_smart,Median,170
tsiligirides_problem_1_budget_60.txt,total_smart,Q1,170
tsiligirides_problem_1_budget_60.txt,total_smart,Q3,170
tsiligirides_problem_1_budget_60.txt,total_smart,Best,170
tsiligirides_problem_1_budget_60.txt,total_smart,Worst,170
tsiligirides_problem_1_budget_60.txt,total_smart,Average,170
tsiligirides_problem_1_budget_60.txt,total_smart,RouteDiversity,0
tsiligirides_problem_1_budget_60.txt,total_smart,LocalRouteDiversity,0
tsiligirides_problem_1_budget_60.txt,total_wise,Median,170
tsiligirides_problem_1_budget_60.txt,total_wise,Q1,170
tsiligirides_problem_1_budget_60.txt,total_wise,Q3,170
tsiligirides_problem_1_budget_60.txt,total_wise,Best,170
tsiligirides_problem_1_budget_60.txt,total_wise,Worst,170
tsiligirides_problem_1_budget_60.txt,total_wise,Average,170
tsiligirides_problem_1_budget_60.txt,total_wise,RouteDiversity,0
tsiligirides_problem_1_budget_60.txt,total_wise,LocalRouteDiversity,0
tsiligirides_problem_1_budget_60.txt,total_envy,Median,180
tsiligirides_problem_1_budget_60.txt,total_envy,Q1,180
tsiligirides_problem_1_budget_60.txt,total_envy,Q3,180
tsiligirides_problem_1_budget_60.txt,total_envy,Best,180
tsiligirides_problem_1_budget_60.txt,total_envy,Worst,180
tsiligirides_problem_1_budget_60.txt,total_envy,Average,180
tsiligirides_problem_1_budget_60.txt,total_envy,RouteDiversity,0
tsiligirides_problem_1_budget_60.txt,total_envy,LocalRouteDiversity,0
tsiligirides_problem_1_budget_60.txt,selected_random,Median,180
tsiligirides_problem_1_budget_60.txt,selected_random,Q1,180
tsiligirides_problem_1_budget_60.txt,selected_random,Q3,185
tsiligirides_problem_1_budget_60.txt,selected_random,Best,200
tsiligirides_problem_1_budget_60.txt,selected_random,Worst,160
tsiligirides_problem_1_budget_60.txt,selected_random,Average,180.949
tsiligirides_problem_1_budget_60.txt,selected_random,RouteDiversity,0.7608599000783908
tsiligirides_problem_1_budget_60.txt,selected_random,LocalRouteDiversity,0.024359855778681862
tsiligirides_problem_1_budget_60.txt,selected_random_random_tie,Median,180
tsiligirides_problem_1_budget_60.txt,selected_random_random_tie,Q1,180
tsiligirides_problem_1_budget_60.txt,selected_random_random_tie,Q3,185
tsiligirides_problem_1_budget_60.txt,selected_random_random_tie,Best,200
tsiligirides_problem_1_budget_60.txt,selected_random_random_tie,Worst,160
tsiligirides_problem_1_budget_60.txt,selected_random_random_tie,Average,180.943
tsiligirides_problem_1_budget_60.txt,selected_random_random_tie,RouteDiversity,0.7579214662282271
tsiligirides_problem_1_budget_60.txt,selected_random_random_tie,LocalRouteDiversity,0.02546467994163645
tsiligirides_problem_1_budget_60.txt,selected_random_tie_marginal_envy,Median,180
tsiligirides_problem_1_budget_60.txt,selected_random_tie_marginal_envy,Q1,180
tsiligirides_problem_1_budget_60.txt,selected_random_tie_marginal_envy,Q3,185
tsiligirides_problem_1_budget_60.txt,selected_random_tie_marginal_envy,Best,200
tsiligirides_problem_1_budget_60.txt,selected_random_tie_marginal_envy,Worst,160
tsiligirides_problem_1_budget_60.txt,selected_random_tie_marginal_envy,Average,181.086
tsiligirides_problem_1_budget_60.txt,selected_random_tie_marginal_envy,RouteDiversity,0.7596084946605269
tsiligirides_problem_1_budget_60.txt,selected_random_tie_marginal_envy,LocalRouteDiversity,0.026653573344529856
tsiligirides_problem_1_budget_60.txt,selected_random_tie_total_envy,Median,180
tsiligirides_problem_1_budget_60.txt,selected_random_tie_total_envy,Q1,180
tsiligirides_problem_1_budget_60.txt,selected_random_tie_total_envy,Q3,185
tsiligirides_problem_1_budget_60.txt,selected_random_tie_total_envy,Best,200
tsiligirides_problem_1_budget_60.txt,selected_random_tie_total_envy,Worst,160
tsiligirides_problem_1_budget_60.txt,selected_random_tie_total_envy,Average,180.98
tsiligirides_problem_1_budget_60.txt,selected_random_tie_total_envy,RouteDiversity,0.7613279791546158
tsiligirides_problem_1_budget_60.txt,selected_random_tie_total_envy,LocalRouteDiversity,0.025394798401276668
tsiligirides_problem_1_budget_60.txt,selected_random_tie_marginal_wise,Median,180
tsiligirides_problem_1_budget_60.txt,selected_random_tie_marginal_wise,Q1,180
tsiligirides_problem_1_budget_60.txt,selected_random_tie_marginal_wise,Q3,185
tsiligirides_problem_1_budget_60.txt,selected_random_tie_marginal_wise,Best,200
tsiligirides_problem_1_budget_60.txt,selected_random_tie_marginal_wise,Worst,160
tsiligirides_problem_1_budget_60.txt,selected_random_tie_marginal_wise,Average,180.992
tsiligirides_problem_1_budget_60.txt,selected_random_tie_marginal_wise,RouteDiversity,0.7609836825876776
tsiligirides_problem_1_budget_60.txt,selected_random_tie_marginal_wise,LocalRouteDiversity,0.02696623905080427
set_64_1_55.txt,marginal_greedy,Median,636
set_64_1_55.txt,marginal_greedy,Q1,594
set_64_1_55.txt,marginal_greedy,Q3,666
set_64_1_55.txt,marginal_greedy,Best,774
set_64_1_55.txt,marginal_greedy,Worst,456
set_64_1_55.txt,marginal_greedy,Average,625.008
set_64_1_55.txt,marginal_greedy,RouteDiversity,0.8477938715920174
set_64_1_55.txt,marginal_greedy,LocalRouteDiversity,0.24182443666143505
set_64_1_55.txt,marginal_lazy,Median,684
set_64_1_55.txt,marginal_lazy,Q1,672
set_64_1_55.txt,marginal_lazy,Q3,702
set_64_1_55.txt,marginal_lazy,Best,720
set_64_1_55.txt,marginal_lazy,Worst,672
set_64_1_55.txt,marginal_lazy,Average,690.3876
set_64_1_55.txt,marginal_lazy,RouteDiversity,0.6651144765442151
set_64_1_55.txt,marginal_lazy,LocalRouteDiversity,0.006713630229419706
set_64_1_55.txt,marginal_smart,Median,810
set_64_1_55.txt,marginal_smart,Q1,810
set_64_1_55.txt,marginal_smart,Q3,840
set_64_1_55.txt,marginal_smart,Best,840
set_64_1_55.txt,marginal_smart,Worst,810
set_64_1_55.txt,marginal_smart,Average,824.988
set_64_1_55.txt,marginal_smart,RouteDiversity,0.584808144421911
set_64_1_55.txt,marginal_smart,LocalRouteDiversity,0
set_64_1_55.txt,marginal_wise,Median,786
set_64_1_55.txt,marginal_wise,Q1,768
set_64_1_55.txt,marginal_wise,Q3,786
set_64_1_55.txt,marginal_wise,Best,786
set_64_1_55.txt,marginal_wise,Worst,768
set_64_1_55.txt,marginal_wise,Average,777.054
set_64_1_55.txt,marginal_wise,RouteDiversity,0.6404560647192387
set_64_1_55.txt,marginal_wise,LocalRouteDiversity,0.003200000000000002
set_64_1_55.txt,marginal_envy,Median,864
set_64_1_55.txt,marginal_envy,Q1,816
set_64_1_55.txt,marginal_envy,Q3,864
set_64_1_55.txt,marginal_envy,Best,888
set_64_1_55.txt,marginal_envy,Worst,816
set_64_1_55.txt,marginal_envy,Average,857.424
set_64_1_55.txt,marginal_envy,RouteDiversity,0.5834549789127456
set_64_1_55.txt,marginal_envy,LocalRouteDiversity,0
set_64_1_55.txt,total_greedy,Median,636
set_64_1_55.txt,total_greedy,Q1,594
set_64_1_55.txt,total_greedy,Q3,660
set_64_1_55.txt,total_greedy,Best,774
set_64_1_55.txt,total_greedy,Worst,456
set_64_1_55.txt,total_greedy,Average,622.9872
set_64_1_55.txt,total_greedy,RouteDiversity,0.8484620699935971
set_64_1_55.txt,total_greedy,LocalRouteDiversity,0.23010116422400287
set_64_1_55.txt,total_lazy,Median,648
set_64_1_55.txt,total_lazy,Q1,624
set_64_1_55.txt,total_lazy,Q3,672
set_64_1_55.txt,total_lazy,Best,720
set_64_1_55.txt,total_lazy,Worst,600
set_64_1_55.txt,total_lazy,Average,654.3792
set_64_1_55.txt,total_lazy,RouteDiversity,0.7951504736442093
set_64_1_55.txt,total_lazy,LocalRouteDiversity,0.017166253556028896
set_64_1_55.txt,total_smart,Median,888
set_64_1_55.txt,total_smart,Q1,888
set_64_1_55.txt,total_smart,Q3,888
set_64_1_55.txt,total_smart,Best,888
set_64_1_55.txt,total_smart,Worst,888
set_64_1_55.txt,total_smart,Average,888
set_64_1_55.txt,total_smart,RouteDiversity,0.4869559288987096
set_64_1_55.txt,total_smart,LocalRouteDiversity,0
set_64_1_55.txt,total_wise,Median,840
set_64_1_55.txt,total_wise,Q1,768
set_64_1_55.txt,total_wise,Q3,846
set_64_1_55.txt,total_wise,Best,852
set_64_1_55.txt,total_wise,Worst,744
set_64_1_55.txt,total_wise,Average,806.856
set_64_1_55.txt,total_wise,RouteDiversity,0.6880760009120214
set_64_1_55.txt,total_wise,LocalRouteDiversity,0.0011973009446693654
set_64_1_55.txt,total_envy,Median,918
set_64_1_55.txt,total_envy,Q1,840
set_64_1_55.txt,total_envy,Q3,918
set_64_1_55.txt,total_envy,Best,918
set_64_1_55.txt,total_envy,Worst,822
set_64_1_55.txt,total_envy,Average,874.7016
set_64_1_55.txt,total_envy,RouteDiversity,0.7230518722320912
set_64_1_55.txt,total_envy,LocalRouteDiversity,0
set_64_1_55.txt,selected_random,Median,906
set_64_1_55.txt,selected_random,Q1,846
set_64_1_55.txt,selected_random,Q3,936
set_64_1_55.txt,selected_random,Best,960
set_64_1_55.txt,selected_random,Worst,726
set_64_1_55.txt,selected_random,Average,889.734
set_64_1_55.txt,selected_random,RouteDiversity,0.7575184403431359
set_64_1_55.txt,selected_random,LocalRouteDiversity,0.1649070442357735
set_64_1_55.txt,selected_random_random_tie,Median,852
set_64_1_55.txt,selected_random_random_tie,Q1,822
set_64_1_55.txt,selected_random_random_tie,Q3,894
set_64_1_55.txt,selected_random_random_tie,Best,966
set_64_1_55.txt,selected_random_random_tie,Worst,702
set_64_1_55.txt,selected_random_random_tie,Average,856.896
set_64_1_55.txt,selected_random_random_tie,RouteDiversity,0.8555944166427967
set_64_1_55.txt,selected_random_random_tie,LocalRouteDiversity,0.4839104009701231
set_64_1_55.txt,selected_random_tie_marginal_envy,Median,852
set_64_1_55.txt,selected_random_tie_marginal_envy,Q1,822
set_64_1_55.txt,selected_random_tie_marginal_envy,Q3,894
set_64_1_55.txt,selected_random_tie_marginal_envy,Best,966
set_64_1_55.txt,selected_random_tie_marginal_envy,Worst,684
set_64_1_55.txt,selected_random_tie_marginal_envy,Average,857.0316
set_64_1_55.txt,selected_random_tie_marginal_envy,RouteDiversity,0.8552937416883093
set_64_1_55.txt,selected_random_tie_marginal_envy,LocalRouteDiversity,0.48284531494765365
set_64_1_55.txt,selected_random_tie_total_envy,Median,870
set_64_1_55.txt,selected_random_tie_total_envy,Q1,834
set_64_1_55.txt,selected_random_tie_total_envy,Q3,906
set_64_1_55.txt,selected_random_tie_total_envy,Best,966
set_64_1_55.txt,selected_random_tie_total_envy,Worst,738
set_64_1_55.txt,selected_random_tie_total_envy,Average,870.99
set_64_1_55.txt,selected_random_tie_total_envy,RouteDiversity,0.8410068826944757
set_64_1_55.txt,selected_random_tie_total_envy,LocalRouteDiversity,0.4400155124618162
set_64_1_55.txt,selected_random_tie_marginal_wise,Median,852
set_64_1_55.txt,selected_random_tie_marginal_wise,Q1,822
set_64_1_55.txt,selected_random_tie_marginal_wise,Q3,894
set_64_1_55.txt,selected_random_tie_marginal_wise,Best,978
set_64_1_55.txt,selected_random_tie_marginal_wise,Worst,696
set_64_1_55.txt,selected_random_tie_marginal_wise,Average,856.4724
set_64_1_55.txt,selected_random_tie_marginal_wise,RouteDiversity,0.8562527689101382
set_64_1_55.txt,selected_random_tie_marginal_wise,LocalRouteDiversity,0.4850504370249269
set_64_1_80.txt,marginal_greedy,Median,720
set_64_1_80.txt,marginal_greedy,Q1,672
set_64_1_80.txt,marginal_greedy,Q3,774
set_64_1_80.txt,marginal_greedy,Best,936
set_64_1_80.txt,marginal_greedy,Worst,528
set_64_1_80.txt,marginal_greedy,Average,719.5776
set_64_1_80.txt,marginal_greedy,RouteDiversity,0.8845674527952861
set_64_1_80.txt,marginal_greedy,LocalRouteDiversity,0.4887633988190413
set_64_1_80.txt,marginal_lazy,Median,1134
set_64_1_80.txt,marginal_lazy,Q1,1116
set_64_1_80.txt,marginal_lazy,Q3,1170
set_64_1_80.txt,marginal_lazy,Best,1182
set_64_1_80.txt,marginal_lazy,Worst,1032
set_64_1_80.txt,marginal_lazy,Average,1137.8712
set_64_1_80.txt,marginal_lazy,RouteDiversity,0.5382894009684026
set_64_1_80.txt,marginal_lazy,LocalRouteDiversity,0.010509899578627125
set_64_1_80.txt,marginal_smart,Median,1212
set_64_1_80.txt,marginal_smart,Q1,1206
set_64_1_80.txt,marginal_smart,Q3,1212
set_64_1_80.txt,marginal_smart,Best,1212
set_64_1_80.txt,marginal_smart,Worst,1200
set_64_1_80.txt,marginal_smart,Average,1207.53
set_64_1_80.txt,marginal_smart,RouteDiversity,0.49346650103853446
set_64_1_80.txt,marginal_smart,LocalRouteDiversity,0
set_64_1_80.txt,marginal_wise,Median,1200
set_64_1_80.txt,marginal_wise,Q1,1200
set_64_1_80.txt,marginal_wise,Q3,1206
set_64_1_80.txt,marginal_wise,Best,1206
set_64_1_80.txt,marginal_wise,Worst,1194
set_64_1_80.txt,marginal_wise,Average,1200.0684
set_64_1_80.txt,marginal_wise,RouteDiversity,0.5033603123717345
set_64_1_80.txt,marginal_wise,LocalRouteDiversity,0.007748148148148136
set_64_1_80.txt,marginal_envy,Median,1194
set_64_1_80.txt,marginal_envy,Q1,1182
set_64_1_80.txt,marginal_envy,Q3,1200
set_64_1_80.txt,marginal_envy,Best,1206
set_64_1_80.txt,marginal_envy,Worst,1182
set_64_1_80.txt,marginal_envy,Average,1194.5592
set_64_1_80.txt,marginal_envy,RouteDiversity,0.6013375708204671
set_64_1_80.txt,marginal_envy,LocalRouteDiversity,0.0004592592592592592
set_64_1_80.txt,total_greedy,Median,720
set_64_1_80.txt,total_greedy,Q1,672
set_64_1_80.txt,total_greedy,Q3,774
set_64_1_80.txt,total_greedy,Best,954
set_64_1_80.txt,total_greedy,Worst,528
set_64_1_80.txt,total_greedy,Average,720.9168
set_64_1_80.txt,total_greedy,RouteDiversity,0.8861209852801448
set_64_1_80.txt,total_greedy,LocalRouteDiversity,0.5009209627406208
set_64_1_80.txt,total_lazy,Median,1044
set_64_1_80.txt,total_lazy,Q1,1008
set_64_1_80.txt,total_lazy,Q3,1092
set_64_1_80.txt,total_lazy,Best,1134
set_64_1_80.txt,total_lazy,Worst,924
set_64_1_80.txt,total_lazy,Average,1050.3324
set_64_1_80.txt,total_lazy,RouteDiversity,0.7676784035601618
set_64_1_80.txt,total_lazy,LocalRouteDiversity,0.016811283382172235
set_64_1_80.txt,total_smart,Median,1242
set_64_1_80.txt,total_smart,Q1,1242
set_64_1_80.txt,total_smart,Q3,1242
set_64_1_80.txt,total_smart,Best,1242
set_64_1_80.txt,total_smart,Worst,1242
set_64_1_80.txt,total_smart,Average,1242
set_64_1_80.txt,total_smart,RouteDiversity,0.4585842985869785
set_64_1_80.txt,total_smart,LocalRouteDiversity,0
set_64_1_80.txt,total_wise,Median,1206
set_64_1_80.txt,total_wise,Q1,1200
set_64_1_80.txt,total_wise,Q3,1206
set_64_1_80.txt,total_wise,Best,1212
set_64_1_80.txt,total_wise,Worst,1188
set_64_1_80.txt,total_wise,Average,1203.084
set_64_1_80.txt,total_wise,RouteDiversity,0.5940297614935903
set_64_1_80.txt,total_wise,LocalRouteDiversity,0.0008542278127183786
set_64_1_80.txt,total_envy,Median,1236
set_64_1_80.txt,total_envy,Q1,1224
set_64_1_80.txt,total_envy,Q3,1242
set_64_1_80.txt,total_envy,Best,1242
set_64_1_80.txt,total_envy,Worst,1218
set_64_1_80.txt,total_envy,Average,1230.2292
set_64_1_80.txt,total_envy,RouteDiversity,0.6358028249169937
set_64_1_80.txt,total_envy,LocalRouteDiversity,0
set_64_1_80.txt,selected_random,Median,1224
set_64_1_80.txt,selected_random,Q1,1200
set_64_1_80.txt,selected_random,Q3,1242
set_64_1_80.txt,selected_random,Best,1260
set_64_1_80.txt,selected_random,Worst,1152
set_64_1_80.txt,selected_random,Average,1218.9852
set_64_1_80.txt,selected_random,RouteDiversity,0.6613145510555061
set_64_1_80.txt,selected_random,LocalRouteDiversity,0.12101175452373537
set_64_1_80.txt,selected_random_random_tie,Median,1218
set_64_1_80.txt,selected_random_random_tie,Q1,1206
set_64_1_80.txt,selected_random_random_tie,Q3,1230
set_64_1_80.txt,selected_random_random_tie,Best,1272
set_64_1_80.txt,selected_random_random_tie,Worst,1152
set_64_1_80.txt,selected_random_random_tie,Average,1217.2464
set_64_1_80.txt,selected_random_random_tie,RouteDiversity,0.8129311591526117
set_64_1_80.txt,selected_random_random_tie,LocalRouteDiversity,0.5633451312483023
set_64_1_80.txt,selected_random_tie_marginal_envy,Median,1218
set_64_1_80.txt,selected_random_tie_marginal_envy,Q1,1206
set_64_1_80.txt,selected_random_tie_marginal_envy,Q3,1236
set_64_1_80.txt,selected_random_tie_marginal_envy,Best,1272
set_64_1_80.txt,selected_random_tie_marginal_envy,Worst,1146
set_64_1_80.txt,selected_random_tie_marginal_envy,Average,1217.1396
set_64_1_80.txt,selected_random_tie_marginal_envy,RouteDiversity,0.8112402683362399
set_64_1_80.txt,selected_random_tie_marginal_envy,LocalRouteDiversity,0.5659607203016713
set_64_1_80.txt,selected_random_tie_total_envy,Median,1218
set_64_1_80.txt,selected_random_tie_total_envy,Q1,1206
set_64_1_80.txt,selected_random_tie_total_envy,Q3,1230
set_64_1_80.txt,selected_random_tie_total_envy,Best,1278
set_64_1_80.txt,selected_random_tie_total_envy,Worst,1134
set_64_1_80.txt,selected_random_tie_total_envy,Average,1216.4568
set_64_1_80.txt,selected_random_tie_total_envy,RouteDiversity,0.8080072166209752
set_64_1_80.txt,selected_random_tie_total_envy,LocalRouteDiversity,0.5489534200910452
set_64_1_80.txt,selected_random_tie_marginal_wise,Median,1218
set_64_1_80.txt,selected_random_tie_marginal_wise,Q1,1206
set_64_1_80.txt,selected_random_tie_marginal_wise,Q3,1236
set_64_1_80.txt,selected_random_tie_marginal_wise,Best,1272
set_64_1_80.txt,selected_random_tie_marginal_wise,Worst,1152
set_64_1_80.txt,selected_random_tie_marginal_wise,Average,1217.3568
set_64_1_80.txt,selected_random_tie_marginal_wise,RouteDiversity,0.8125751070790631
set_64_1_80.txt,selected_random_tie_marginal_wise,LocalRouteDiversity,0.5657397615713861
set_66_1_100.txt,marginal_greedy,Median,655
set_66_1_100.txt,marginal_greedy,Q1,580
set_66_1_100.txt,marginal_greedy,Q3,740
set_66_1_100.txt,marginal_greedy,Best,1160
set_66_1_100.txt,marginal_greedy,Worst,285
set_66_1_100.txt,marginal_greedy,Average,661.467
set_66_1_100.txt,marginal_greedy,RouteDiversity,0.9753625647508373
set_66_1_100.txt,marginal_greedy,LocalRouteDiversity,0.8390999688847547
set_66_1_100.txt,marginal_lazy,Median,1070
set_66_1_100.txt,marginal_lazy,Q1,1070
set_66_1_100.txt,marginal_lazy,Q3,1070
set_66_1_100.txt,marginal_lazy,Best,1070
set_66_1_100.txt,marginal_lazy,Worst,1070
set_66_1_100.txt,marginal_lazy,Average,1070
set_66_1_100.txt,marginal_lazy,RouteDiversity,0.48942420681657994
set_66_1_100.txt,marginal_lazy,LocalRouteDiversity,0
set_66_1_100.txt,marginal_smart,Median,1425
set_66_1_100.txt,marginal_smart,Q1,1425
set_66_1_100.txt,marginal_smart,Q3,1425
set_66_1_100.txt,marginal_smart,Best,1425
set_66_1_100.txt,marginal_smart,Worst,1425
set_66_1_100.txt,marginal_smart,Average,1425
set_66_1_100.txt,marginal_smart,RouteDiversity,0.62431248089717
set_66_1_100.txt,marginal_smart,LocalRouteDiversity,0
set_66_1_100.txt,marginal_wise,Median,1425
set_66_1_100.txt,marginal_wise,Q1,1425
set_66_1_100.txt,marginal_wise,Q3,1425
set_66_1_100.txt,marginal_wise,Best,1425
set_66_1_100.txt,marginal_wise,Worst,1425
set_66_1_100.txt,marginal_wise,Average,1425
set_66_1_100.txt,marginal_wise,RouteDiversity,0.5197017017032431
set_66_1_100.txt,marginal_wise,LocalRouteDiversity,0
set_66_1_100.txt,marginal_envy,Median,1425
set_66_1_100.txt,marginal_envy,Q1,1425
set_66_1_100.txt,marginal_envy,Q3,1425
set_66_1_100.txt,marginal_envy,Best,1425
set_66_1_100.txt,marginal_envy,Worst,1425
set_66_1_100.txt,marginal_envy,Average,1425
set_66_1_100.txt,marginal_envy,RouteDiversity,0.6249412944426003
set_66_1_100.txt,marginal_envy,LocalRouteDiversity,0
set_66_1_100.txt,total_greedy,Median,660
set_66_1_100.txt,total_greedy,Q1,585
set_66_1_100.txt,total_greedy,Q3,740
set_66_1_100.txt,total_greedy,Best,1130
set_66_1_100.txt,total_greedy,Worst,305
set_66_1_100.txt,total_greedy,Average,664.583
set_66_1_100.txt,total_greedy,RouteDiversity,0.9750613487248654
set_66_1_100.txt,total_greedy,LocalRouteDiversity,0.836009782338301
set_66_1_100.txt,total_lazy,Median,1080
set_66_1_100.txt,total_lazy,Q1,1070
set_66_1_100.txt,total_lazy,Q3,1080
set_66_1_100.txt,total_lazy,Best,1080
set_66_1_100.txt,total_lazy,Worst,1070
set_66_1_100.txt,total_lazy,Average,1075.074
set_66_1_100.txt,total_lazy,RouteDiversity,0.5045142887800048
set_66_1_100.txt,total_lazy,LocalRouteDiversity,0
set_66_1_100.txt,total_smart,Median,1435
set_66_1_100.txt,total_smart,Q1,1425
set_66_1_100.txt,total_smart,Q3,1435
set_66_1_100.txt,total_smart,Best,1435
set_66_1_100.txt,total_smart,Worst,1425
set_66_1_100.txt,total_smart,Average,1430.006
set_66_1_100.txt,total_smart,RouteDiversity,0.6087105855855856
set_66_1_100.txt,total_smart,LocalRouteDiversity,0
set_66_1_100.txt,total_wise,Median,1425
set_66_1_100.txt,total_wise,Q1,1425
set_66_1_100.txt,total_wise,Q3,1425
set_66_1_100.txt,total_wise,Best,1425
set_66_1_100.txt,total_wise,Worst,1425
set_66_1_100.txt,total_wise,Average,1425
set_66_1_100.txt,total_wise,RouteDiversity,0.5193282513297935
set_66_1_100.txt,total_wise,LocalRouteDiversity,0
set_66_1_100.txt,total_envy,Median,1425
set_66_1_100.txt,total_envy,Q1,1425
set_66_1_100.txt,total_envy,Q3,1425
set_66_1_100.txt,total_envy,Best,1425
set_66_1_100.txt,total_envy,Worst,1425
set_66_1_100.txt,total_envy,Average,1425
set_66_1_100.txt,total_envy,RouteDiversity,0.6094256756756756
set_66_1_100.txt,total_envy,LocalRouteDiversity,0
set_66_1_100.txt,selected_random,Median,1425
set_66_1_100.txt,selected_random,Q1,1425
set_66_1_100.txt,selected_random,Q3,1425
set_66_1_100.txt,selected_random,Best,1435
set_66_1_100.txt,selected_random,Worst,1405
set_66_1_100.txt,selected_random,Average,1424.796
set_66_1_100.txt,selected_random,RouteDiversity,0.664870645872219
set_66_1_100.txt,selected_random,LocalRouteDiversity,0.0054642969631053
set_66_1_100.txt,selected_random_random_tie,Median,1435
set_66_1_100.txt,selected_random_random_tie,Q1,1425
set_66_1_100.txt,selected_random_random_tie,Q3,1435
set_66_1_100.txt,selected_random_random_tie,Best,1435
set_66_1_100.txt,selected_random_random_tie,Worst,1405
set_66_1_100.txt,selected_random_random_tie,Average,1429.946
set_66_1_100.txt,selected_random_random_tie,RouteDiversity,0.6740937296342321
set_66_1_100.txt,selected_random_random_tie,LocalRouteDiversity,0.018498156218712307
set_66_1_100.txt,selected_random_tie_marginal_envy,Median,1435
set_66_1_100.txt,selected_random_tie_marginal_envy,Q1,1425
set_66_1_100.txt,selected_random_tie_marginal_envy,Q3,1435
set_66_1_100.txt,selected_random_tie_marginal_envy,Best,1435
set_66_1_100.txt,selected_random_tie_marginal_envy,Worst,1405
set_66_1_100.txt,selected_random_tie_marginal_envy,Average,1430.084
set_66_1_100.txt,selected_random_tie_marginal_envy,RouteDiversity,0.6738584385354296
set_66_1_100.txt,selected_random_tie_marginal_envy,LocalRouteDiversity,0.019597591448236928
set_66_1_100.txt,selected_random_tie_total_envy,Median,1435
set_66_1_100.txt,selected_random_tie_total_envy,Q1,1425
set_66_1_100.txt,selected_random_tie_total_envy,Q3,1435
set_66_1_100.txt,selected_random_tie_total_envy,Best,1435
set_66_1_100.txt,selected_random_tie_total_envy,Worst,1405
set_66_1_100.txt,selected_random_tie_total_envy,Average,1430.08
set_66_1_100.txt,selected_random_tie_total_envy,RouteDiversity,0.6730533394179491
set_66_1_100.txt,selected_random_tie_total_envy,LocalRouteDiversity,0.010951354809448147
set_66_1_100.txt,selected_random_tie_marginal_wise,Median,1435
set_66_1_100.txt,selected_random_tie_marginal_wise,Q1,1425
set_66_1_100.txt,selected_random_tie_marginal_wise,Q3,1435
set_66_1_100.txt,selected_random_tie_marginal_wise,Best,1435
set_66_1_100.txt,selected_random_tie_marginal_wise,Worst,1405
set_66_1_100.txt,selected_random_tie_marginal_wise,Average,1430.018
set_66_1_100.txt,selected_random_tie_marginal_wise,RouteDiversity,0.6736737396453139
set_66_1_100.txt,selected_random_tie_marginal_wise,LocalRouteDiversity,0.01945428991419471
tsiligirides_problem_3_budget_025.txt,marginal_greedy,Median,220
tsiligirides_problem_3_budget_025.txt,marginal_greedy,Q1,220
tsiligirides_problem_3_budget_025.txt,marginal_greedy,Q3,220
tsiligirides_problem_3_budget_025.txt,marginal_greedy,Best,230
tsiligirides_problem_3_budget_025.txt,marginal_greedy,Worst,220
tsiligirides_problem_3_budget_025.txt,marginal_greedy,Average,221.712
tsiligirides_problem_3_budget_025.txt,marginal_greedy,RouteDiversity,0.6085271192746372
tsiligirides_problem_3_budget_025.txt,marginal_greedy,LocalRouteDiversity,0
tsiligirides_problem_3_budget_025.txt,marginal_lazy,Median,200
tsiligirides_problem_3_budget_025.txt,marginal_lazy,Q1,200
tsiligirides_problem_3_budget_025.txt,marginal_lazy,Q3,200
tsiligirides_problem_3_budget_025.txt,marginal_lazy,Best,200
tsiligirides_problem_3_budget_025.txt,marginal_lazy,Worst,200
tsiligirides_problem_3_budget_025.txt,marginal_lazy,Average,200
tsiligirides_problem_3_budget_025.txt,marginal_lazy,RouteDiversity,0
tsiligirides_problem_3_budget_025.txt,marginal_lazy,LocalRouteDiversity,0
tsiligirides_problem_3_budget_025.txt,marginal_smart,Median,240
tsiligirides_problem_3_budget_025.txt,marginal_smart,Q1,240
tsiligirides_problem_3_budget_025.txt,marginal_smart,Q3,240
tsiligirides_problem_3_budget_025.txt,marginal_smart,Best,240
tsiligirides_problem_3_budget_025.txt,marginal_smart,Worst,240
tsiligirides_problem_3_budget_025.txt,marginal_smart,Average,240
tsiligirides_problem_3_budget_025.txt,marginal_smart,RouteDiversity,0
tsiligirides_problem_3_budget_025.txt,marginal_smart,LocalRouteDiversity,0
tsiligirides_problem_3_budget_025.txt,marginal_wise,Median,250
tsiligirides_problem_3_budget_025.txt,marginal_wise,Q1,250
tsiligirides_problem_3_budget_025.txt,marginal_wise,Q3,250
tsiligirides_problem_3_budget_025.txt,marginal_wise,Best,250
tsiligirides_problem_3_budget_025.txt,marginal_wise,Worst,250
tsiligirides_problem_3_budget_025.txt,marginal_wise,Average,250
tsiligirides_problem_3_budget_025.txt,marginal_wise,RouteDiversity,0
tsiligirides_problem_3_budget_025.txt,marginal_wise,LocalRouteDiversity,0
tsiligirides_problem_3_budget_025.txt,marginal_envy,Median,230
tsiligirides_problem_3_budget_025.txt,marginal_envy,Q1,230
tsiligirides_problem_3_budget_025.txt,marginal_envy,Q3,230
tsiligirides_problem_3_budget_025.txt,marginal_envy,Best,230
tsiligirides_problem_3_budget_025.txt,marginal_envy,Worst,230
tsiligirides_problem_3_budget_025.txt,marginal_envy,Average,230
tsiligirides_problem_3_budget_025.txt,marginal_envy,RouteDiversity,0
tsiligirides_problem_3_budget_025.txt,marginal_envy,LocalRouteDiversity,0
tsiligirides_problem_3_budget_025.txt,total_greedy,Median,220
tsiligirides_problem_3_budget_025.txt,total_greedy,Q1,220
tsiligirides_problem_3_budget_025.txt,total_greedy,Q3,220
tsiligirides_problem_3_budget_025.txt,total_greedy,Best,230
tsiligirides_problem_3_budget_025.txt,total_greedy,Worst,220
tsiligirides_problem_3_budget_025.txt,total_greedy,Average,221.772
tsiligirides_problem_3_budget_025.txt,total_greedy,RouteDiversity,0.6013307838741422
tsiligirides_problem_3_budget_025.txt,total_greedy,LocalRouteDiversity,0
tsiligirides_problem_3_budget_025.txt,total_lazy,Median,200
tsiligirides_problem_3_budget_025.txt,total_lazy,Q1,200
tsiligirides_problem_3_budget_025.txt,total_lazy,Q3,200
tsiligirides_problem_3_budget_025.txt,total_lazy,Best,200
tsiligirides_problem_3_budget_025.txt,total_lazy,Worst,200
tsiligirides_problem_3_budget_025.txt,total_lazy,Average,200
tsiligirides_problem_3_budget_025.txt,total_lazy,RouteDiversity,0
tsiligirides_problem_3_budget_025.txt,total_lazy,LocalRouteDiversity,0
tsiligirides_problem_3_budget_025.txt,total_smart,Median,230
tsiligirides_problem_3_budget_025.txt,total_smart,Q1,230
tsiligirides_problem_3_budget_025.txt,total_smart,Q3,230
tsiligirides_problem_3_budget_025.txt,total_smart,Best,230
tsiligirides_problem_3_budget_025.txt,total_smart,Worst,230
tsiligirides_problem_3_budget_025.txt,total_smart,Average,230
tsiligirides_problem_3_budget_025.txt,total_smart,RouteDiversity,0
tsiligirides_problem_3_budget_025.txt,total_smart,LocalRouteDiversity,0
tsiligirides_problem_3_budget_025.txt,total_wise,Median,200
tsiligirides_problem_3_budget_025.txt,total_wise,Q1,200
tsiligirides_problem_3_budget_025.txt,total_wise,Q3,200
tsiligirides_problem_3_budget_025.txt,total_wise,Best,200
tsiligirides_problem_3_budget_025.txt,total_wise,Worst,200
tsiligirides_problem_3_budget_025.txt,total_wise,Average,200
tsiligirides_problem_3_budget_025.txt,total_wise,RouteDiversity,0
tsiligirides_problem_3_budget_025.txt,total_wise,LocalRouteDiversity,0
tsiligirides_problem_3_budget_025.txt,total_envy,Median,230
tsiligirides_problem_3_budget_025.txt,total_envy,Q1,230
tsiligirides_problem_3_budget_025.txt,total_envy,Q3,230
tsiligirides_problem_3_budget_025.txt,total_envy,Best,230
tsiligirides_problem_3_budget_025.txt,total_envy,Worst,230
tsiligirides_problem_3_budget_025.txt,total_envy,Average,230
tsiligirides_problem_3_budget_025.txt,total_envy,RouteDiversity,0
tsiligirides_problem_3_budget_025.txt,total_envy,LocalRouteDiversity,0
tsiligirides_problem_3_budget_025.txt,selected_random,Median,230
tsiligirides_problem_3_budget_025.txt,selected_random,Q1,230
tsiligirides_problem_3_budget_025.txt,selected_random,Q3,230
tsiligirides_problem_3_budget_025.txt,selected_random,Best,250
tsiligirides_problem_3_budget_025.txt,selected_random,Worst,200
tsiligirides_problem_3_budget_025.txt,selected_random,Average,231.066
tsiligirides_problem_3_budget_025.txt,selected_random,RouteDiversity,0.6444551377234891
tsiligirides_problem_3_budget_025.txt,selected_random,LocalRouteDiversity,0.0037133333333333332
tsiligirides_problem_3_budget_025.txt,selected_random_random_tie,Median,230
tsiligirides_problem_3_budget_025.txt,selected_random_random_tie,Q1,230
tsiligirides_problem_3_budget_025.txt,selected_random_random_tie,Q3,230
tsiligirides_problem_3_budget_025.txt,selected_random_random_tie,Best,250
tsiligirides_problem_3_budget_025.txt,selected_random_random_tie,Worst,200
tsiligirides_problem_3_budget_025.txt,selected_random_random_tie,Average,230.962
tsiligirides_problem_3_budget_025.txt,selected_random_random_tie,RouteDiversity,0.6486911858094663
tsiligirides_problem_3_budget_025.txt,selected_random_random_tie,LocalRouteDiversity,0.00426095238095238
tsiligirides_problem_3_budget_025.txt,selected_random_tie_marginal_envy,Median,230
tsiligirides_problem_3_budget_025.txt,selected_random_tie_marginal_envy,Q1,230
tsiligirides_problem_3_budget_025.txt,selected_random_tie_marginal_envy,Q3,230
tsiligirides_problem_3_budget_025.txt,selected_random_tie_marginal_envy,Best,250
tsiligirides_problem_3_budget_025.txt,selected_random_tie_marginal_envy,Worst,200
tsiligirides_problem_3_budget_025.txt,selected_random_tie_marginal_envy,Average,231.026
tsiligirides_problem_3_budget_025.txt,selected_random_tie_marginal_envy,RouteDiversity,0.634270309444415
tsiligirides_problem_3_budget_025.txt,selected_random_tie_marginal_envy,LocalRouteDiversity,0.0035352380952380948
tsiligirides_problem_3_budget_025.txt,selected_random_tie_total_envy,Median,230
tsiligirides_problem_3_budget_025.txt,selected_random_tie_total_envy,Q1,230
tsiligirides_problem_3_budget_025.txt,selected_random_tie_total_envy,Q3,230
tsiligirides_problem_3_budget_025.txt,selected_random_tie_total_envy,Best,250
tsiligirides_problem_3_budget_025.txt,selected_random_tie_total_envy,Worst,200
tsiligirides_problem_3_budget_025.txt,selected_random_tie_total_envy,Average,231.036
tsiligirides_problem_3_budget_025.txt,selected_random_tie_total_envy,RouteDiversity,0.6374584277030403
tsiligirides_problem_3_budget_025.txt,selected_random_tie_total_envy,LocalRouteDiversity,0.005721904761904762
tsiligirides_problem_3_budget_025.txt,selected_random_tie_marginal_wise,Median,230
tsiligirides_problem_3_budget_025.txt,selected_random_tie_marginal_wise,Q1,230
tsiligirides_problem_3_budget_025.txt,selected_random_tie_marginal_wise,Q3,230
tsiligirides_problem_3_budget_025.txt,selected_random_tie_marginal_wise,Best,250
tsiligirides_problem_3_budget_025.txt,selected_random_tie_marginal_wise,Worst,200
tsiligirides_problem_3_budget_025.txt,selected_random_tie_marginal_wise,Average,230.958
tsiligirides_problem_3_budget_025.txt,selected_random_tie_marginal_wise,RouteDiversity,0.6517482684623053
tsiligirides_problem_3_budget_025.txt,selected_random_tie_marginal_wise,LocalRouteDiversity,0.0028075070028011203
tsiligirides_problem_1_budget_75.txt,marginal_greedy,Median,145
tsiligirides_problem_1_budget_75.txt,marginal_greedy,Q1,135
tsiligirides_problem_1_budget_75.txt,marginal_greedy,Q3,160
tsiligirides_problem_1_budget_75.txt,marginal_greedy,Best,215
tsiligirides_problem_1_budget_75.txt,marginal_greedy,Worst,105
tsiligirides_problem_1_budget_75.txt,marginal_greedy,Average,147.35
tsiligirides_problem_1_budget_75.txt,marginal_greedy,RouteDiversity,0.9176860078046317
tsiligirides_problem_1_budget_75.txt,marginal_greedy,LocalRouteDiversity,0.4633434027581584
tsiligirides_problem_1_budget_75.txt,marginal_lazy,Median,235
tsiligirides_problem_1_budget_75.txt,marginal_lazy,Q1,235
tsiligirides_problem_1_budget_75.txt,marginal_lazy,Q3,235
tsiligirides_problem_1_budget_75.txt,marginal_lazy,Best,235
tsiligirides_problem_1_budget_75.txt,marginal_lazy,Worst,235
tsiligirides_problem_1_budget_75.txt,marginal_lazy,Average,235
tsiligirides_problem_1_budget_75.txt,marginal_lazy,RouteDiversity,0
tsiligirides_problem_1_budget_75.txt,marginal_lazy,LocalRouteDiversity,0
tsiligirides_problem_1_budget_75.txt,marginal_smart,Median,215
tsiligirides_problem_1_budget_75.txt,marginal_smart,Q1,215
tsiligirides_problem_1_budget_75.txt,marginal_smart,Q3,215
tsiligirides_problem_1_budget_75.txt,marginal_smart,Best,215
tsiligirides_problem_1_budget_75.txt,marginal_smart,Worst,215
tsiligirides_problem_1_budget_75.txt,marginal_smart,Average,215
tsiligirides_problem_1_budget_75.txt,marginal_smart,RouteDiversity,0
tsiligirides_problem_1_budget_75.txt,marginal_smart,LocalRouteDiversity,0
tsiligirides_problem_1_budget_75.txt,marginal_wise,Median,225
tsiligirides_problem_1_budget_75.txt,marginal_wise,Q1,225
tsiligirides_problem_1_budget_75.txt,marginal_wise,Q3,225
tsiligirides_problem_1_budget_75.txt,marginal_wise,Best,225
tsiligirides_problem_1_budget_75.txt,marginal_wise,Worst,225
tsiligirides_problem_1_budget_75.txt,marginal_wise,Average,225
tsiligirides_problem_1_budget_75.txt,marginal_wise,RouteDiversity,0
tsiligirides_problem_1_budget_75.txt,marginal_wise,LocalRouteDiversity,0
tsiligirides_problem_1_budget_75.txt,marginal_envy,Median,235
tsiligirides_problem_1_budget_75.txt,marginal_envy,Q1,235
tsiligirides_problem_1_budget_75.txt,marginal_envy,Q3,235
tsiligirides_problem_1_budget_75.txt,marginal_envy,Best,235
tsiligirides_problem_1_budget_75.txt,marginal_envy,Worst,235
tsiligirides_problem_1_budget_75.txt,marginal_envy,Average,235
tsiligirides_problem_1_budget_75.txt,marginal_envy,RouteDiversity,0
tsiligirides_problem_1_budget_75.txt,marginal_envy,LocalRouteDiversity,0
tsiligirides_problem_1_budget_75.txt,total_greedy,Median,145
tsiligirides_problem_1_budget_75.txt,total_greedy,Q1,135
tsiligirides_problem_1_budget_75.txt,total_greedy,Q3,160
tsiligirides_problem_1_budget_75.txt,total_greedy,Best,225
tsiligirides_problem_1_budget_75.txt,total_greedy,Worst,100
tsiligirides_problem_1_budget_75.txt,total_greedy,Average,147.446
tsiligirides_problem_1_budget_75.txt,total_greedy,RouteDiversity,0.9154826679038621
tsiligirides_problem_1_budget_75.txt,total_greedy,LocalRouteDiversity,0.4597858107061349
tsiligirides_problem_1_budget_75.txt,total_lazy,Median,235
tsiligirides_problem_1_budget_75.txt,total_lazy,Q1,235
tsiligirides_problem_1_budget_75.txt,total_lazy,Q3,235
tsiligirides_problem_1_budget_75.txt,total_lazy,Best,235
tsiligirides_problem_1_budget_75.txt,total_lazy,Worst,235
tsiligirides_problem_1_budget_75.txt,total_lazy,Average,235
tsiligirides_problem_1_budget_75.txt,total_lazy,RouteDiversity,0
tsiligirides_problem_1_budget_75.txt,total_lazy,LocalRouteDiversity,0
tsiligirides_problem_1_budget_75.txt,total_smart,Median,235
tsiligirides_problem_1_budget_75.txt,total_smart,Q1,235
tsiligirides_problem_1_budget_75.txt,total_smart,Q3,235
tsiligirides_problem_1_budget_75.txt,total_smart,Best,235
tsiligirides_problem_1_budget_75.txt,total_smart,Worst,235
tsiligirides_problem_1_budget_75.txt,total_smart,Average,235
tsiligirides_problem_1_budget_75.txt,total_smart,RouteDiversity,0
tsiligirides_problem_1_budget_75.txt,total_smart,LocalRouteDiversity,0
tsiligirides_problem_1_budget_75.txt,total_wise,Median,235
tsiligirides_problem_1_budget_75.txt,total_wise,Q1,235
tsiligirides_problem_1_budget_75.txt,total_wise,Q3,235
tsiligirides_problem_1_budget_75.txt,total_wise,Best,235
tsiligirides_problem_1_budget_75.txt,total_wise,Worst,235
tsiligirides_problem_1_budget_75.txt,total_wise,Average,235
tsiligirides_problem_1_budget_75.txt,total_wise,RouteDiversity,0
tsiligirides_problem_1_budget_75.txt,total_wise,LocalRouteDiversity,0
tsiligirides_problem_1_budget_75.txt,total_envy,Median,225
tsiligirides_problem_1_budget_75.txt,total_envy,Q1,225
tsiligirides_problem_1_budget_75.txt,total_envy,Q3,225
tsiligirides_problem_1_budget_75.txt,total_envy,Best,225
tsiligirides_problem_1_budget_75.txt,total_envy,Worst,225
tsiligirides_problem_1_budget_75.txt,total_envy,Average,225
tsiligirides_problem_1_budget_75.txt,total_envy,RouteDiversity,0
tsiligirides_problem_1_budget_75.txt,total_envy,LocalRouteDiversity,0
tsiligirides_problem_1_budget_75.txt,selected_random,Median,230
tsiligirides_problem_1_budget_75.txt,selected_random,Q1,225
tsiligirides_problem_1_budget_75.txt,selected_random,Q3,230
tsiligirides_problem_1_budget_75.txt,selected_random,Best,240
tsiligirides_problem_1_budget_75.txt,selected_random,Worst,205
tsiligirides_problem_1_budget_75.txt,selected_random,Average,227.919
tsiligirides_problem_1_budget_75.txt,selected_random,RouteDiversity,0.7012408727459835
tsiligirides_problem_1_budget_75.txt,selected_random,LocalRouteDiversity,0.03599225186155659
tsiligirides_problem_1_budget_75.txt,selected_random_random_tie,Median,230
tsiligirides_problem_1_budget_75.txt,selected_random_random_tie,Q1,225
tsiligirides_problem_1_budget_75.txt,selected_random_random_tie,Q3,230
tsiligirides_problem_1_budget_75.txt,selected_random_random_tie,Best,240
tsiligirides_problem_1_budget_75.txt,selected_random_random_tie,Worst,205
tsiligirides_problem_1_budget_75.txt,selected_random_random_tie,Average,227.994
tsiligirides_problem_1_budget_75.txt,selected_random_random_tie,RouteDiversity,0.7044479107056943
tsiligirides_problem_1_budget_75.txt,selected_random_random_tie,LocalRouteDiversity,0.03092634441836328
tsiligirides_problem_1_budget_75.txt,selected_random_tie_marginal_envy,Median,230
tsiligirides_problem_1_budget_75.txt,selected_random_tie_marginal_envy,Q1,225
tsiligirides_problem_1_budget_75.txt,selected_random_tie_marginal_envy,Q3,230
tsiligirides_problem_1_budget_75.txt,selected_random_tie_marginal_envy,Best,240
tsiligirides_problem_1_budget_75.txt,selected_random_tie_marginal_envy,Worst,205
tsiligirides_problem_1_budget_75.txt,selected_random_tie_marginal_envy,Average,227.775
tsiligirides_problem_1_budget_75.txt,selected_random_tie_marginal_envy,RouteDiversity,0.7017193028389103
tsiligirides_problem_1_budget_75.txt,selected_random_tie_marginal_envy,LocalRouteDiversity,0.03288793912954754
tsiligirides_problem_1_budget_75.txt,selected_random_tie_total_envy,Median,230
tsiligirides_problem_1_budget_75.txt,selected_random_tie_total_envy,Q1,225
tsiligirides_problem_1_budget_75.txt,selected_random_tie_total_envy,Q3,230
tsiligirides_problem_1_budget_75.txt,selected_random_tie_total_envy,Best,240
tsiligirides_problem_1_budget_75.txt,selected_random_tie_total_envy,Worst,205
tsiligirides_problem_1_budget_75.txt,selected_random_tie_total_envy,Average,227.939
tsiligirides_problem_1_budget_75.txt,selected_random_tie_total_envy,RouteDiversity,0.6982453041027243
tsiligirides_problem_1_budget_75.txt,selected_random_tie_total_envy,LocalRouteDiversity,0.031811664348061014
tsiligirides_problem_1_budget_75.txt,selected_random_tie_marginal_wise,Median,230
tsiligirides_problem_1_budget_75.txt,selected_random_tie_marginal_wise,Q1,225
tsiligirides_problem_1_budget_75.txt,selected_random_tie_marginal_wise,Q3,230
tsiligirides_problem_1_budget_75.txt,selected_random_tie_marginal_wise,Best,240
tsiligirides_problem_1_budget_75.txt,selected_random_tie_marginal_wise,Worst,205
tsiligirides_problem_1_budget_75.txt,selected_random_tie_marginal_wise,Average,227.912
tsiligirides_problem_1_budget_75.txt,selected_random_tie_marginal_wise,RouteDiversity,0.703551560619331
tsiligirides_problem_1_budget_75.txt,selected_random_tie_marginal_wise,LocalRouteDiversity,0.030876714721123216
tsiligirides_problem_3_budget_040.txt,marginal_greedy,Median,300
tsiligirides_problem_3_budget_040.txt,marginal_greedy,Q1,300
tsiligirides_problem_3_budget_040.txt,marginal_greedy,Q3,320
tsiligirides_problem_3_budget_040.txt,marginal_greedy,Best,360
tsiligirides_problem_3_budget_040.txt,marginal_greedy,Worst,250
tsiligirides_problem_3_budget_040.txt,marginal_greedy,Average,308.652
tsiligirides_problem_3_budget_040.txt,marginal_greedy,RouteDiversity,0.7438890792696504
tsiligirides_problem_3_budget_040.txt,marginal_greedy,LocalRouteDiversity,0
tsiligirides_problem_3_budget_040.txt,marginal_lazy,Median,320
tsiligirides_problem_3_budget_040.txt,marginal_lazy,Q1,320
tsiligirides_problem_3_budget_040.txt,marginal_lazy,Q3,320
tsiligirides_problem_3_budget_040.txt,marginal_lazy,Best,320
tsiligirides_problem_3_budget_040.txt,marginal_lazy,Worst,320
tsiligirides_problem_3_budget_040.txt,marginal_lazy,Average,320
tsiligirides_problem_3_budget_040.txt,marginal_lazy,RouteDiversity,0
tsiligirides_problem_3_budget_040.txt,marginal_lazy,LocalRouteDiversity,0
tsiligirides_problem_3_budget_040.txt,marginal_smart,Median,380
tsiligirides_problem_3_budget_040.txt,marginal_smart,Q1,380
tsiligirides_problem_3_budget_040.txt,marginal_smart,Q3,380
tsiligirides_problem_3_budget_040.txt,marginal_smart,Best,380
tsiligirides_problem_3_budget_040.txt,marginal_smart,Worst,380
tsiligirides_problem_3_budget_040.txt,marginal_smart,Average,380
tsiligirides_problem_3_budget_040.txt,marginal_smart,RouteDiversity,0
tsiligirides_problem_3_budget_040.txt,marginal_smart,LocalRouteDiversity,0
tsiligirides_problem_3_budget_040.txt,marginal_wise,Median,420
tsiligirides_problem_3_budget_040.txt,marginal_wise,Q1,420
tsiligirides_problem_3_budget_040.txt,marginal_wise,Q3,420
tsiligirides_problem_3_budget_040.txt,marginal_wise,Best,420
tsiligirides_problem_3_budget_040.txt,marginal_wise,Worst,420
tsiligirides_problem_3_budget_040.txt,marginal_wise,Average,420
tsiligirides_problem_3_budget_040.txt,marginal_wise,RouteDiversity,0
tsiligirides_problem_3_budget_040.txt,marginal_wise,LocalRouteDiversity,0
tsiligirides_problem_3_budget_040.txt,marginal_envy,Median,400
tsiligirides_problem_3_budget_040.txt,marginal_envy,Q1,400
tsiligirides_problem_3_budget_040.txt,marginal_envy,Q3,400
tsiligirides_problem_3_budget_040.txt,marginal_envy,Best,400
tsiligirides_problem_3_budget_040.txt,marginal_envy,Worst,400
tsiligirides_problem_3_budget_040.txt,marginal_envy,Average,400
tsiligirides_problem_3_budget_040.txt,marginal_envy,RouteDiversity,0
tsiligirides_problem_3_budget_040.txt,marginal_envy,LocalRouteDiversity,0
tsiligirides_problem_3_budget_040.txt,total_greedy,Median,300
tsiligirides_problem_3_budget_040.txt,total_greedy,Q1,300
tsiligirides_problem_3_budget_040.txt,total_greedy,Q3,320
tsiligirides_problem_3_budget_040.txt,total_greedy,Best,360
tsiligirides_problem_3_budget_040.txt,total_greedy,Worst,250
tsiligirides_problem_3_budget_040.txt,total_greedy,Average,308.376
tsiligirides_problem_3_budget_040.txt,total_greedy,RouteDiversity,0.7467813049314111
tsiligirides_problem_3_budget_040.txt,total_greedy,LocalRouteDiversity,0
tsiligirides_problem_3_budget_040.txt,total_lazy,Median,320
tsiligirides_problem_3_budget_040.txt,total_lazy,Q1,320
tsiligirides_problem_3_budget_040.txt,total_lazy,Q3,320
tsiligirides_problem_3_budget_040.txt,total_lazy,Best,320
tsiligirides_problem_3_budget_040.txt,total_lazy,Worst,320
tsiligirides_problem_3_budget_040.txt,total_lazy,Average,320
tsiligirides_problem_3_budget_040.txt,total_lazy,RouteDiversity,0
tsiligirides_problem_3_budget_040.txt,total_lazy,LocalRouteDiversity,0
tsiligirides_problem_3_budget_040.txt,total_smart,Median,380
tsiligirides_problem_3_budget_040.txt,total_smart,Q1,380
tsiligirides_problem_3_budget_040.txt,total_smart,Q3,380
tsiligirides_problem_3_budget_040.txt,total_smart,Best,380
tsiligirides_problem_3_budget_040.txt,total_smart,Worst,380
tsiligirides_problem_3_budget_040.txt,total_smart,Average,380
tsiligirides_problem_3_budget_040.txt,total_smart,RouteDiversity,0
tsiligirides_problem_3_budget_040.txt,total_smart,LocalRouteDiversity,0
tsiligirides_problem_3_budget_040.txt,total_wise,Median,360
tsiligirides_problem_3_budget_040.txt,total_wise,Q1,360
tsiligirides_problem_3_budget_040.txt,total_wise,Q3,360
tsiligirides_problem_3_budget_040.txt,total_wise,Best,360
tsiligirides_problem_3_budget_040.txt,total_wise,Worst,360
tsiligirides_problem_3_budget_040.txt,total_wise,Average,360
tsiligirides_problem_3_budget_040.txt,total_wise,RouteDiversity,0
tsiligirides_problem_3_budget_040.txt,total_wise,LocalRouteDiversity,0
tsiligirides_problem_3_budget_040.txt,total_envy,Median,400
tsiligirides_problem_3_budget_040.txt,total_envy,Q1,400
tsiligirides_problem_3_budget_040.txt,total_envy,Q3,400
tsiligirides_problem_3_budget_040.txt,total_envy,Best,400
tsiligirides_problem_3_budget_040.txt,total_envy,Worst,400
tsiligirides_problem_3_budget_040.txt,total_envy,Average,400
tsiligirides_problem_3_budget_040.txt,total_envy,RouteDiversity,0
tsiligirides_problem_3_budget_040.txt,total_envy,LocalRouteDiversity,0
tsiligirides_problem_3_budget_040.txt,selected_random,Median,400
tsiligirides_problem_3_budget_040.txt,selected_random,Q1,380
tsiligirides_problem_3_budget_040.txt,selected_random,Q3,400
tsiligirides_problem_3_budget_040.txt,selected_random,Best,420
tsiligirides_problem_3_budget_040.txt,selected_random,Worst,340
tsiligirides_problem_3_budget_040.txt,selected_random,Average,393.364
tsiligirides_problem_3_budget_040.txt,selected_random,RouteDiversity,0.6685455190141687
tsiligirides_problem_3_budget_040.txt,selected_random,LocalRouteDiversity,0.011868553201184783
tsiligirides_problem_3_budget_040.txt,selected_random_random_tie,Median,400
tsiligirides_problem_3_budget_040.txt,selected_random_random_tie,Q1,380
tsiligirides_problem_3_budget_040.txt,selected_random_random_tie,Q3,400
tsiligirides_problem_3_budget_040.txt,selected_random_random_tie,Best,420
tsiligirides_problem_3_budget_040.txt,selected_random_random_tie,Worst,340
tsiligirides_problem_3_budget_040.txt,selected_random_random_tie,Average,393.492
tsiligirides_problem_3_budget_040.txt,selected_random_random_tie,RouteDiversity,0.6563666604264271
tsiligirides_problem_3_budget_040.txt,selected_random_random_tie,LocalRouteDiversity,0.012514437430474585
tsiligirides_problem_3_budget_040.txt,selected_random_tie_marginal_envy,Median,400
tsiligirides_problem_3_budget_040.txt,selected_random_tie_marginal_envy,Q1,380
tsiligirides_problem_3_budget_040.txt,selected_random_tie_marginal_envy,Q3,400
tsiligirides_problem_3_budget_040.txt,selected_random_tie_marginal_envy,Best,420
tsiligirides_problem_3_budget_040.txt,selected_random_tie_marginal_envy,Worst,340
tsiligirides_problem_3_budget_040.txt,selected_random_tie_marginal_envy,Average,393.688
tsiligirides_problem_3_budget_040.txt,selected_random_tie_marginal_envy,RouteDiversity,0.6552520110589705
tsiligirides_problem_3_budget_040.txt,selected_random_tie_marginal_envy,LocalRouteDiversity,0.012402650744508328
tsiligirides_problem_3_budget_040.txt,selected_random_tie_total_envy,Median,400
tsiligirides_problem_3_budget_040.txt,selected_random_tie_total_envy,Q1,380
tsiligirides_problem_3_budget_040.txt,selected_random_tie_total_envy,Q3,400
tsiligirides_problem_3_budget_040.txt,selected_random_tie_total_envy,Best,420
tsiligirides_problem_3_budget_040.txt,selected_random_tie_total_envy,Worst,340
tsiligirides_problem_3_budget_040.txt,selected_random_tie_total_envy,Average,393.758
tsiligirides_problem_3_budget_040.txt,selected_random_tie_total_envy,RouteDiversity,0.6525072470581411
tsiligirides_problem_3_budget_040.txt,selected_random_tie_total_envy,LocalRouteDiversity,0.012155280447107068
tsiligirides_problem_3_budget_040.txt,selected_random_tie_marginal_wise,Median,400
tsiligirides_problem_3_budget_040.txt,selected_random_tie_marginal_wise,Q1,380
tsiligirides_problem_3_budget_040.txt,selected_random_tie_marginal_wise,Q3,400
tsiligirides_problem_3_budget_040.txt,selected_random_tie_marginal_wise,Best,420
tsiligirides_problem_3_budget_040.txt,selected_random_tie_marginal_wise,Worst,340
tsiligirides_problem_3_budget_040.txt,selected_random_tie_marginal_wise,Average,393.828
tsiligirides_problem_3_budget_040.txt,selected_random_tie_marginal_wise,RouteDiversity,0.6478548763115942
tsiligirides_problem_3_budget_040.txt,selected_random_tie_marginal_wise,LocalRouteDiversity,0.011048100733116215
set_64_1_65.txt,marginal_greedy,Median,672
set_64_1_65.txt,marginal_greedy,Q1,636
set_64_1_65.txt,marginal_greedy,Q3,714
set_64_1_65.txt,marginal_greedy,Best,870
set_64_1_65.txt,marginal_greedy,Worst,528
set_64_1_65.txt,marginal_greedy,Average,675.9504
set_64_1_65.txt,marginal_greedy,RouteDiversity,0.8485941586015652
set_64_1_65.txt,marginal_greedy,LocalRouteDiversity,0.3377836758944732
set_64_1_65.txt,marginal_lazy,Median,816
set_64_1_65.txt,marginal_lazy,Q1,798
set_64_1_65.txt,marginal_lazy,Q3,834
set_64_1_65.txt,marginal_lazy,Best,864
set_64_1_65.txt,marginal_lazy,Worst,774
set_64_1_65.txt,marginal_lazy,Average,817.2672
set_64_1_65.txt,marginal_lazy,RouteDiversity,0.6925170919402778
set_64_1_65.txt,marginal_lazy,LocalRouteDiversity,0.008636615326076649
set_64_1_65.txt,marginal_smart,Median,1044
set_64_1_65.txt,marginal_smart,Q1,1044
set_64_1_65.txt,marginal_smart,Q3,1050
set_64_1_65.txt,marginal_smart,Best,1050
set_64_1_65.txt,marginal_smart,Worst,1044
set_64_1_65.txt,marginal_smart,Average,1046.9724
set_64_1_65.txt,marginal_smart,RouteDiversity,0.4706384946123993
set_64_1_65.txt,marginal_smart,LocalRouteDiversity,0
set_64_1_65.txt,marginal_wise,Median,1026
set_64_1_65.txt,marginal_wise,Q1,1026
set_64_1_65.txt,marginal_wise,Q3,1032
set_64_1_65.txt,marginal_wise,Best,1032
set_64_1_65.txt,marginal_wise,Worst,1026
set_64_1_65.txt,marginal_wise,Average,1028.9544
set_64_1_65.txt,marginal_wise,RouteDiversity,0.508497884341
set_64_1_65.txt,marginal_wise,LocalRouteDiversity,0.003233236714975845
set_64_1_65.txt,marginal_envy,Median,1038
set_64_1_65.txt,marginal_envy,Q1,1014
set_64_1_65.txt,marginal_envy,Q3,1038
set_64_1_65.txt,marginal_envy,Best,1038
set_64_1_65.txt,marginal_envy,Worst,1014
set_64_1_65.txt,marginal_envy,Average,1026.096
set_64_1_65.txt,marginal_envy,RouteDiversity,0.5115074248957917
set_64_1_65.txt,marginal_envy,LocalRouteDiversity,0
set_64_1_65.txt,total_greedy,Median,672
set_64_1_65.txt,total_greedy,Q1,630
set_64_1_65.txt,total_greedy,Q3,714
set_64_1_65.txt,total_greedy,Best,870
set_64_1_65.txt,total_greedy,Worst,528
set_64_1_65.txt,total_greedy,Average,674.4684
set_64_1_65.txt,total_greedy,RouteDiversity,0.8496802449898988
set_64_1_65.txt,total_greedy,LocalRouteDiversity,0.3359927721345261
set_64_1_65.txt,total_lazy,Median,810
set_64_1_65.txt,total_lazy,Q1,798
set_64_1_65.txt,total_lazy,Q3,816
set_64_1_65.txt,total_lazy,Best,834
set_64_1_65.txt,total_lazy,Worst,744
set_64_1_65.txt,total_lazy,Average,805.4436
set_64_1_65.txt,total_lazy,RouteDiversity,0.7906888703364242
set_64_1_65.txt,total_lazy,LocalRouteDiversity,0.015503971371193678
set_64_1_65.txt,total_smart,Median,1086
set_64_1_65.txt,total_smart,Q1,1086
set_64_1_65.txt,total_smart,Q3,1086
set_64_1_65.txt,total_smart,Best,1086
set_64_1_65.txt,total_smart,Worst,1086
set_64_1_65.txt,total_smart,Average,1086
set_64_1_65.txt,total_smart,RouteDiversity,0.43629013628796215
set_64_1_65.txt,total_smart,LocalRouteDiversity,0
set_64_1_65.txt,total_wise,Median,1032
set_64_1_65.txt,total_wise,Q1,1002
set_64_1_65.txt,total_wise,Q3,1044
set_64_1_65.txt,total_wise,Best,1050
set_64_1_65.txt,total_wise,Worst,960
set_64_1_65.txt,total_wise,Average,1025.8788
set_64_1_65.txt,total_wise,RouteDiversity,0.623236968145535
set_64_1_65.txt,total_wise,LocalRouteDiversity,0.0006504347826086959
set_64_1_65.txt,total_envy,Median,1092
set_64_1_65.txt,total_envy,Q1,1062
set_64_1_65.txt,total_envy,Q3,1092
set_64_1_65.txt,total_envy,Best,1092
set_64_1_65.txt,total_envy,Worst,1062
set_64_1_65.txt,total_envy,Average,1077.054
set_64_1_65.txt,total_envy,RouteDiversity,0.6386694001581584
set_64_1_65.txt,total_envy,LocalRouteDiversity,0
set_64_1_65.txt,selected_random,Median,1062
set_64_1_65.txt,selected_random,Q1,1038
set_64_1_65.txt,selected_random,Q3,1086
set_64_1_65.txt,selected_random,Best,1092
set_64_1_65.txt,selected_random,Worst,930
set_64_1_65.txt,selected_random,Average,1059.4896
set_64_1_65.txt,selected_random,RouteDiversity,0.6727152819945676
set_64_1_65.txt,selected_random,LocalRouteDiversity,0.13185562748174146
set_64_1_65.txt,selected_random_random_tie,Median,1056
set_64_1_65.txt,selected_random_random_tie,Q1,1038
set_64_1_65.txt,selected_random_random_tie,Q3,1068
set_64_1_65.txt,selected_random_random_tie,Best,1116
set_64_1_65.txt,selected_random_random_tie,Worst,906
set_64_1_65.txt,selected_random_random_tie,Average,1052.7456
set_64_1_65.txt,selected_random_random_tie,RouteDiversity,0.8039486659453231
set_64_1_65.txt,selected_random_random_tie,LocalRouteDiversity,0.4846719707532135
set_64_1_65.txt,selected_random_tie_marginal_envy,Median,1056
set_64_1_65.txt,selected_random_tie_marginal_envy,Q1,1038
set_64_1_65.txt,selected_random_tie_marginal_envy,Q3,1068
set_64_1_65.txt,selected_random_tie_marginal_envy,Best,1116
set_64_1_65.txt,selected_random_tie_marginal_envy,Worst,894
set_64_1_65.txt,selected_random_tie_marginal_envy,Average,1052.3544
set_64_1_65.txt,selected_random_tie_marginal_envy,RouteDiversity,0.8025483054499534
set_64_1_65.txt,selected_random_tie_marginal_envy,LocalRouteDiversity,0.4795909023379343
set_64_1_65.txt,selected_random_tie_total_envy,Median,1056
set_64_1_65.txt,selected_random_tie_total_envy,Q1,1038
set_64_1_65.txt,selected_random_tie_total_envy,Q3,1068
set_64_1_65.txt,selected_random_tie_total_envy,Best,1116
set_64_1_65.txt,selected_random_tie_total_envy,Worst,936
set_64_1_65.txt,selected_random_tie_total_envy,Average,1053.3012
set_64_1_65.txt,selected_random_tie_total_envy,RouteDiversity,0.7904959210753388
set_64_1_65.txt,selected_random_tie_total_envy,LocalRouteDiversity,0.4485342213213783
set_64_1_65.txt,selected_random_tie_marginal_wise,Median,1056
set_64_1_65.txt,selected_random_tie_marginal_wise,Q1,1038
set_64_1_65.txt,selected_random_tie_marginal_wise,Q3,1068
set_64_1_65.txt,selected_random_tie_marginal_wise,Best,1116
set_64_1_65.txt,selected_random_tie_marginal_wise,Worst,906
set_64_1_65.txt,selected_random_tie_marginal_wise,Average,1052.6028
set_64_1_65.txt,selected_random_tie_marginal_wise,RouteDiversity,0.8076146439282217
set_64_1_65.txt,selected_random_tie_marginal_wise,LocalRouteDiversity,0.4851909284430471
tsiligirides_problem_2_budget_45.txt,marginal_greedy,Median,330
tsiligirides_problem_2_budget_45.txt,marginal_greedy,Q1,330
tsiligirides_problem_2_budget_45.txt,marginal_greedy,Q3,345
tsiligirides_problem_2_budget_45.txt,marginal_greedy,Best,365
tsiligirides_problem_2_budget_45.txt,marginal_greedy,Worst,320
tsiligirides_problem_2_budget_45.txt,marginal_greedy,Average,340.114
tsiligirides_problem_2_budget_45.txt,marginal_greedy,RouteDiversity,0.5201842732646781
tsiligirides_problem_2_budget_45.txt,marginal_greedy,LocalRouteDiversity,0.0004736842105263158
tsiligirides_problem_2_budget_45.txt,marginal_lazy,Median,340
tsiligirides_problem_2_budget_45.txt,marginal_lazy,Q1,340
tsiligirides_problem_2_budget_45.txt,marginal_lazy,Q3,340
tsiligirides_problem_2_budget_45.txt,marginal_lazy,Best,340
tsiligirides_problem_2_budget_45.txt,marginal_lazy,Worst,340
tsiligirides_problem_2_budget_45.txt,marginal_lazy,Average,340
tsiligirides_problem_2_budget_45.txt,marginal_lazy,RouteDiversity,0
tsiligirides_problem_2_budget_45.txt,marginal_lazy,LocalRouteDiversity,0
tsiligirides_problem_2_budget_45.txt,marginal_smart,Median,370
tsiligirides_problem_2_budget_45.txt,marginal_smart,Q1,370
tsiligirides_problem_2_budget_45.txt,marginal_smart,Q3,370
tsiligirides_problem_2_budget_45.txt,marginal_smart,Best,370
tsiligirides_problem_2_budget_45.txt,marginal_smart,Worst,370
tsiligirides_problem_2_budget_45.txt,marginal_smart,Average,370
tsiligirides_problem_2_budget_45.txt,marginal_smart,RouteDiversity,0
tsiligirides_problem_2_budget_45.txt,marginal_smart,LocalRouteDiversity,0
tsiligirides_problem_2_budget_45.txt,marginal_wise,Median,340
tsiligirides_problem_2_budget_45.txt,marginal_wise,Q1,340
tsiligirides_problem_2_budget_45.txt,marginal_wise,Q3,340
tsiligirides_problem_2_budget_45.txt,marginal_wise,Best,340
tsiligirides_problem_2_budget_45.txt,marginal_wise,Worst,340
tsiligirides_problem_2_budget_45.txt,marginal_wise,Average,340
tsiligirides_problem_2_budget_45.txt,marginal_wise,RouteDiversity,0
tsiligirides_problem_2_budget_45.txt,marginal_wise,LocalRouteDiversity,0
tsiligirides_problem_2_budget_45.txt,marginal_envy,Median,420
tsiligirides_problem_2_budget_45.txt,marginal_envy,Q1,420
tsiligirides_problem_2_budget_45.txt,marginal_envy,Q3,420
tsiligirides_problem_2_budget_45.txt,marginal_envy,Best,420
tsiligirides_problem_2_budget_45.txt,marginal_envy,Worst,420
tsiligirides_problem_2_budget_45.txt,marginal_envy,Average,420
tsiligirides_problem_2_budget_45.txt,marginal_envy,RouteDiversity,0
tsiligirides_problem_2_budget_45.txt,marginal_envy,LocalRouteDiversity,0
tsiligirides_problem_2_budget_45.txt,total_greedy,Median,345
tsiligirides_problem_2_budget_45.txt,total_greedy,Q1,330
tsiligirides_problem_2_budget_45.txt,total_greedy,Q3,360
tsiligirides_problem_2_budget_45.txt,total_greedy,Best,365
tsiligirides_problem_2_budget_45.txt,total_greedy,Worst,320
tsiligirides_problem_2_budget_45.txt,total_greedy,Average,340.708
tsiligirides_problem_2_budget_45.txt,total_greedy,RouteDiversity,0.5234455112536309
tsiligirides_problem_2_budget_45.txt,total_greedy,LocalRouteDiversity,0.0004736842105263158
tsiligirides_problem_2_budget_45.txt,total_lazy,Median,340
tsiligirides_problem_2_budget_45.txt,total_lazy,Q1,340
tsiligirides_problem_2_budget_45.txt,total_lazy,Q3,340
tsiligirides_problem_2_budget_45.txt,total_lazy,Best,340
tsiligirides_problem_2_budget_45.txt,total_lazy,Worst,340
tsiligirides_problem_2_budget_45.txt,total_lazy,Average,340
tsiligirides_problem_2_budget_45.txt,total_lazy,RouteDiversity,0
tsiligirides_problem_2_budget_45.txt,total_lazy,LocalRouteDiversity,0
tsiligirides_problem_2_budget_45.txt,total_smart,Median,370
tsiligirides_problem_2_budget_45.txt,total_smart,Q1,370
tsiligirides_problem_2_budget_45.txt,total_smart,Q3,370
tsiligirides_problem_2_budget_45.txt,total_smart,Best,370
tsiligirides_problem_2_budget_45.txt,total_smart,Worst,370
tsiligirides_problem_2_budget_45.txt,total_smart,Average,370
tsiligirides_problem_2_budget_45.txt,total_smart,RouteDiversity,0
tsiligirides_problem_2_budget_45.txt,total_smart,LocalRouteDiversity,0
tsiligirides_problem_2_budget_45.txt,total_wise,Median,340
tsiligirides_problem_2_budget_45.txt,total_wise,Q1,340
tsiligirides_problem_2_budget_45.txt,total_wise,Q3,340
tsiligirides_problem_2_budget_45.txt,total_wise,Best,340
tsiligirides_problem_2_budget_45.txt,total_wise,Worst,340
tsiligirides_problem_2_budget_45.txt,total_wise,Average,340
tsiligirides_problem_2_budget_45.txt,total_wise,RouteDiversity,0
tsiligirides_problem_2_budget_45.txt,total_wise,LocalRouteDiversity,0
tsiligirides_problem_2_budget_45.txt,total_envy,Median,370
tsiligirides_problem_2_budget_45.txt,total_envy,Q1,370
tsiligirides_problem_2_budget_45.txt,total_envy,Q3,370
tsiligirides_problem_2_budget_45.txt,total_envy,Best,370
tsiligirides_problem_2_budget_45.txt,total_envy,Worst,370
tsiligirides_problem_2_budget_45.txt,total_envy,Average,370
tsiligirides_problem_2_budget_45.txt,total_envy,RouteDiversity,0
tsiligirides_problem_2_budget_45.txt,total_envy,LocalRouteDiversity,0
tsiligirides_problem_2_budget_45.txt,selected_random,Median,370
tsiligirides_problem_2_budget_45.txt,selected_random,Q1,370
tsiligirides_problem_2_budget_45.txt,selected_random,Q3,420
tsiligirides_problem_2_budget_45.txt,selected_random,Best,420
tsiligirides_problem_2_budget_45.txt,selected_random,Worst,340
tsiligirides_problem_2_budget_45.txt,selected_random,Average,382.623
tsiligirides_problem_2_budget_45.txt,selected_random,RouteDiversity,0.49890293203757546
tsiligirides_problem_2_budget_45.txt,selected_random,LocalRouteDiversity,0.0008999999999999999
tsiligirides_problem_2_budget_45.txt,selected_random_random_tie,Median,370
tsiligirides_problem_2_budget_45.txt,selected_random_random_tie,Q1,370
tsiligirides_problem_2_budget_45.txt,selected_random_random_tie,Q3,420
tsiligirides_problem_2_budget_45.txt,selected_random_random_tie,Best,420
tsiligirides_problem_2_budget_45.txt,selected_random_random_tie,Worst,340
tsiligirides_problem_2_budget_45.txt,selected_random_random_tie,Average,382.635
tsiligirides_problem_2_budget_45.txt,selected_random_random_tie,RouteDiversity,0.5073697569119608
tsiligirides_problem_2_budget_45.txt,selected_random_random_tie,LocalRouteDiversity,0.0008
tsiligirides_problem_2_budget_45.txt,selected_random_tie_marginal_envy,Median,370
tsiligirides_problem_2_budget_45.txt,selected_random_tie_marginal_envy,Q1,370
tsiligirides_problem_2_budget_45.txt,selected_random_tie_marginal_envy,Q3,420
tsiligirides_problem_2_budget_45.txt,selected_random_tie_marginal_envy,Best,420
tsiligirides_problem_2_budget_45.txt,selected_random_tie_marginal_envy,Worst,340
tsiligirides_problem_2_budget_45.txt,selected_random_tie_marginal_envy,Average,382.374
tsiligirides_problem_2_budget_45.txt,selected_random_tie_marginal_envy,RouteDiversity,0.49216988970187514
tsiligirides_problem_2_budget_45.txt,selected_random_tie_marginal_envy,LocalRouteDiversity,0
tsiligirides_problem_2_budget_45.txt,selected_random_tie_total_envy,Median,370
tsiligirides_problem_2_budget_45.txt,selected_random_tie_total_envy,Q1,370
tsiligirides_problem_2_budget_45.txt,selected_random_tie_total_envy,Q3,420
tsiligirides_problem_2_budget_45.txt,selected_random_tie_total_envy,Best,420
tsiligirides_problem_2_budget_45.txt,selected_random_tie_total_envy,Worst,340
tsiligirides_problem_2_budget_45.txt,selected_random_tie_total_envy,Average,382.329
tsiligirides_problem_2_budget_45.txt,selected_random_tie_total_envy,RouteDiversity,0.4968649561345763
tsiligirides_problem_2_budget_45.txt,selected_random_tie_total_envy,LocalRouteDiversity,0.0008999999999999999
tsiligirides_problem_2_budget_45.txt,selected_random_tie_marginal_wise,Median,370
tsiligirides_problem_2_budget_45.txt,selected_random_tie_marginal_wise,Q1,370
tsiligirides_problem_2_budget_45.txt,selected_random_tie_marginal_wise,Q3,420
tsiligirides_problem_2_budget_45.txt,selected_random_tie_marginal_wise,Best,420
tsiligirides_problem_2_budget_45.txt,selected_random_tie_marginal_wise,Worst,340
tsiligirides_problem_2_budget_45.txt,selected_random_tie_marginal_wise,Average,383.189
tsiligirides_problem_2_budget_45.txt,selected_random_tie_marginal_wise,RouteDiversity,0.5005554391235568
tsiligirides_problem_2_budget_45.txt,selected_random_tie_marginal_wise,LocalRouteDiversity,0
tsiligirides_problem_3_budget_055.txt,marginal_greedy,Median,370
tsiligirides_problem_3_budget_055.txt,marginal_greedy,Q1,330
tsiligirides_problem_3_budget_055.txt,marginal_greedy,Q3,400
tsiligirides_problem_3_budget_055.txt,marginal_greedy,Best,450
tsiligirides_problem_3_budget_055.txt,marginal_greedy,Worst,310
tsiligirides_problem_3_budget_055.txt,marginal_greedy,Average,364.968
tsiligirides_problem_3_budget_055.txt,marginal_greedy,RouteDiversity,0.8409868423463313
tsiligirides_problem_3_budget_055.txt,marginal_greedy,LocalRouteDiversity,0.01738921791613809
tsiligirides_problem_3_budget_055.txt,marginal_lazy,Median,490
tsiligirides_problem_3_budget_055.txt,marginal_lazy,Q1,490
tsiligirides_problem_3_budget_055.txt,marginal_lazy,Q3,490
tsiligirides_problem_3_budget_055.txt,marginal_lazy,Best,490
tsiligirides_problem_3_budget_055.txt,marginal_lazy,Worst,490
tsiligirides_problem_3_budget_055.txt,marginal_lazy,Average,490
tsiligirides_problem_3_budget_055.txt,marginal_lazy,RouteDiversity,0
tsiligirides_problem_3_budget_055.txt,marginal_lazy,LocalRouteDiversity,0
tsiligirides_problem_3_budget_055.txt,marginal_smart,Median,490
tsiligirides_problem_3_budget_055.txt,marginal_smart,Q1,490
tsiligirides_problem_3_budget_055.txt,marginal_smart,Q3,490
tsiligirides_problem_3_budget_055.txt,marginal_smart,Best,490
tsiligirides_problem_3_budget_055.txt,marginal_smart,Worst,490
tsiligirides_problem_3_budget_055.txt,marginal_smart,Average,490
tsiligirides_problem_3_budget_055.txt,marginal_smart,RouteDiversity,0
tsiligirides_problem_3_budget_055.txt,marginal_smart,LocalRouteDiversity,0
tsiligirides_problem_3_budget_055.txt,marginal_wise,Median,520
tsiligirides_problem_3_budget_055.txt,marginal_wise,Q1,520
tsiligirides_problem_3_budget_055.txt,marginal_wise,Q3,520
tsiligirides_problem_3_budget_055.txt,marginal_wise,Best,520
tsiligirides_problem_3_budget_055.txt,marginal_wise,Worst,520
tsiligirides_problem_3_budget_055.txt,marginal_wise,Average,520
tsiligirides_problem_3_budget_055.txt,marginal_wise,RouteDiversity,0
tsiligirides_problem_3_budget_055.txt,marginal_wise,LocalRouteDiversity,0
tsiligirides_problem_3_budget_055.txt,marginal_envy,Median,490
tsiligirides_problem_3_budget_055.txt,marginal_envy,Q1,490
tsiligirides_problem_3_budget_055.txt,marginal_envy,Q3,490
tsiligirides_problem_3_budget_055.txt,marginal_envy,Best,490
tsiligirides_problem_3_budget_055.txt,marginal_envy,Worst,490
tsiligirides_problem_3_budget_055.txt,marginal_envy,Average,490
tsiligirides_problem_3_budget_055.txt,marginal_envy,RouteDiversity,0
tsiligirides_problem_3_budget_055.txt,marginal_envy,LocalRouteDiversity,0
tsiligirides_problem_3_budget_055.txt,total_greedy,Median,370
tsiligirides_problem_3_budget_055.txt,total_greedy,Q1,330
tsiligirides_problem_3_budget_055.txt,total_greedy,Q3,400
tsiligirides_problem_3_budget_055.txt,total_greedy,Best,450
tsiligirides_problem_3_budget_055.txt,total_greedy,Worst,310
tsiligirides_problem_3_budget_055.txt,total_greedy,Average,365.294
tsiligirides_problem_3_budget_055.txt,total_greedy,RouteDiversity,0.844011897319918
tsiligirides_problem_3_budget_055.txt,total_greedy,LocalRouteDiversity,0.014378020787262271
tsiligirides_problem_3_budget_055.txt,total_lazy,Median,490
tsiligirides_problem_3_budget_055.txt,total_lazy,Q1,490
tsiligirides_problem_3_budget_055.txt,total_lazy,Q3,490
tsiligirides_problem_3_budget_055.txt,total_lazy,Best,490
tsiligirides_problem_3_budget_055.txt,total_lazy,Worst,490
tsiligirides_problem_3_budget_055.txt,total_lazy,Average,490
tsiligirides_problem_3_budget_055.txt,total_lazy,RouteDiversity,0
tsiligirides_problem_3_budget_055.txt,total_lazy,LocalRouteDiversity,0
tsiligirides_problem_3_budget_055.txt,total_smart,Median,470
tsiligirides_problem_3_budget_055.txt,total_smart,Q1,470
tsiligirides_problem_3_budget_055.txt,total_smart,Q3,470
tsiligirides_problem_3_budget_055.txt,total_smart,Best,470
tsiligirides_problem_3_budget_055.txt,total_smart,Worst,470
tsiligirides_problem_3_budget_055.txt,total_smart,Average,470
tsiligirides_problem_3_budget_055.txt,total_smart,RouteDiversity,0
tsiligirides_problem_3_budget_055.txt,total_smart,LocalRouteDiversity,0
tsiligirides_problem_3_budget_055.txt,total_wise,Median,470
tsiligirides_problem_3_budget_055.txt,total_wise,Q1,470
tsiligirides_problem_3_budget_055.txt,total_wise,Q3,470
tsiligirides_problem_3_budget_055.txt,total_wise,Best,470
tsiligirides_problem_3_budget_055.txt,total_wise,Worst,470
tsiligirides_problem_3_budget_055.txt,total_wise,Average,470
tsiligirides_problem_3_budget_055.txt,total_wise,RouteDiversity,0
tsiligirides_problem_3_budget_055.txt,total_wise,LocalRouteDiversity,0
tsiligirides_problem_3_budget_055.txt,total_envy,Median,490
tsiligirides_problem_3_budget_055.txt,total_envy,Q1,490
tsiligirides_problem_3_budget_055.txt,total_envy,Q3,490
tsiligirides_problem_3_budget_055.txt,total_envy,Best,490
tsiligirides_problem_3_budget_055.txt,total_envy,Worst,490
tsiligirides_problem_3_budget_055.txt,total_envy,Average,490
tsiligirides_problem_3_budget_055.txt,total_envy,RouteDiversity,0
tsiligirides_problem_3_budget_055.txt,total_envy,LocalRouteDiversity,0
tsiligirides_problem_3_budget_055.txt,selected_random,Median,490
tsiligirides_problem_3_budget_055.txt,selected_random,Q1,490
tsiligirides_problem_3_budget_055.txt,selected_random,Q3,490
tsiligirides_problem_3_budget_055.txt,selected_random,Best,510
tsiligirides_problem_3_budget_055.txt,selected_random,Worst,450
tsiligirides_problem_3_budget_055.txt,selected_random,Average,488.116
tsiligirides_problem_3_budget_055.txt,selected_random,RouteDiversity,0.6322521094260546
tsiligirides_problem_3_budget_055.txt,selected_random,LocalRouteDiversity,0.014096554426250085
tsiligirides_problem_3_budget_055.txt,selected_random_random_tie,Median,490
tsiligirides_problem_3_budget_055.txt,selected_random_random_tie,Q1,490
tsiligirides_problem_3_budget_055.txt,selected_random_random_tie,Q3,490
tsiligirides_problem_3_budget_055.txt,selected_random_random_tie,Best,510
tsiligirides_problem_3_budget_055.txt,selected_random_random_tie,Worst,450
tsiligirides_problem_3_budget_055.txt,selected_random_random_tie,Average,487.986
tsiligirides_problem_3_budget_055.txt,selected_random_random_tie,RouteDiversity,0.62273453076498
tsiligirides_problem_3_budget_055.txt,selected_random_random_tie,LocalRouteDiversity,0.015151136578397454
tsiligirides_problem_3_budget_055.txt,selected_random_tie_marginal_envy,Median,490
tsiligirides_problem_3_budget_055.txt,selected_random_tie_marginal_envy,Q1,490
tsiligirides_problem_3_budget_055.txt,selected_random_tie_marginal_envy,Q3,490
tsiligirides_problem_3_budget_055.txt,selected_random_tie_marginal_envy,Best,520
tsiligirides_problem_3_budget_055.txt,selected_random_tie_marginal_envy,Worst,450
tsiligirides_problem_3_budget_055.txt,selected_random_tie_marginal_envy,Average,487.69
tsiligirides_problem_3_budget_055.txt,selected_random_tie_marginal_envy,RouteDiversity,0.6327499758347696
tsiligirides_problem_3_budget_055.txt,selected_random_tie_marginal_envy,LocalRouteDiversity,0.014709320783886011
tsiligirides_problem_3_budget_055.txt,selected_random_tie_total_envy,Median,490
tsiligirides_problem_3_budget_055.txt,selected_random_tie_total_envy,Q1,490
tsiligirides_problem_3_budget_055.txt,selected_random_tie_total_envy,Q3,490
tsiligirides_problem_3_budget_055.txt,selected_random_tie_total_envy,Best,510
tsiligirides_problem_3_budget_055.txt,selected_random_tie_total_envy,Worst,450
tsiligirides_problem_3_budget_055.txt,selected_random_tie_total_envy,Average,487.634
tsiligirides_problem_3_budget_055.txt,selected_random_tie_total_envy,RouteDiversity,0.6366102162961252
tsiligirides_problem_3_budget_055.txt,selected_random_tie_total_envy,LocalRouteDiversity,0.015769883476660473
tsiligirides_problem_3_budget_055.txt,selected_random_tie_marginal_wise,Median,490
tsiligirides_problem_3_budget_055.txt,selected_random_tie_marginal_wise,Q1,490
tsiligirides_problem_3_budget_055.txt,selected_random_tie_marginal_wise,Q3,490
tsiligirides_problem_3_budget_055.txt,selected_random_tie_marginal_wise,Best,510
tsiligirides_problem_3_budget_055.txt,selected_random_tie_marginal_wise,Worst,450
tsiligirides_problem_3_budget_055.txt,selected_random_tie_marginal_wise,Average,487.908
tsiligirides_problem_3_budget_055.txt,selected_random_tie_marginal_wise,RouteDiversity,0.6530088403568055
tsiligirides_problem_3_budget_055.txt,selected_random_tie_marginal_wise,LocalRouteDiversity,0.01460084026279679
tsiligirides_problem_3_budget_035.txt,marginal_greedy,Median,290
tsiligirides_problem_3_budget_035.txt,marginal_greedy,Q1,250
tsiligirides_problem_3_budget_035.txt,marginal_greedy,Q3,320
tsiligirides_problem_3_budget_035.txt,marginal_greedy,Best,380
tsiligirides_problem_3_budget_035.txt,marginal_greedy,Worst,210
tsiligirides_problem_3_budget_035.txt,marginal_greedy,Average,286.702
tsiligirides_problem_3_budget_035.txt,marginal_greedy,RouteDiversity,0.798803201820052
tsiligirides_problem_3_budget_035.txt,marginal_greedy,LocalRouteDiversity,0
tsiligirides_problem_3_budget_035.txt,marginal_lazy,Median,280
tsiligirides_problem_3_budget_035.txt,marginal_lazy,Q1,280
tsiligirides_problem_3_budget_035.txt,marginal_lazy,Q3,280
tsiligirides_problem_3_budget_035.txt,marginal_lazy,Best,280
tsiligirides_problem_3_budget_035.txt,marginal_lazy,Worst,280
tsiligirides_problem_3_budget_035.txt,marginal_lazy,Average,280
tsiligirides_problem_3_budget_035.txt,marginal_lazy,RouteDiversity,0
tsiligirides_problem_3_budget_035.txt,marginal_lazy,LocalRouteDiversity,0
tsiligirides_problem_3_budget_035.txt,marginal_smart,Median,360
tsiligirides_problem_3_budget_035.txt,marginal_smart,Q1,360
tsiligirides_problem_3_budget_035.txt,marginal_smart,Q3,360
tsiligirides_problem_3_budget_035.txt,marginal_smart,Best,360
tsiligirides_problem_3_budget_035.txt,marginal_smart,Worst,360
tsiligirides_problem_3_budget_035.txt,marginal_smart,Average,360
tsiligirides_problem_3_budget_035.txt,marginal_smart,RouteDiversity,0
tsiligirides_problem_3_budget_035.txt,marginal_smart,LocalRouteDiversity,0
tsiligirides_problem_3_budget_035.txt,marginal_wise,Median,360
tsiligirides_problem_3_budget_035.txt,marginal_wise,Q1,360
tsiligirides_problem_3_budget_035.txt,marginal_wise,Q3,360
tsiligirides_problem_3_budget_035.txt,marginal_wise,Best,360
tsiligirides_problem_3_budget_035.txt,marginal_wise,Worst,360
tsiligirides_problem_3_budget_035.txt,marginal_wise,Average,360
tsiligirides_problem_3_budget_035.txt,marginal_wise,RouteDiversity,0
tsiligirides_problem_3_budget_035.txt,marginal_wise,LocalRouteDiversity,0
tsiligirides_problem_3_budget_035.txt,marginal_envy,Median,350
tsiligirides_problem_3_budget_035.txt,marginal_envy,Q1,350
tsiligirides_problem_3_budget_035.txt,marginal_envy,Q3,350
tsiligirides_problem_3_budget_035.txt,marginal_envy,Best,350
tsiligirides_problem_3_budget_035.txt,marginal_envy,Worst,350
tsiligirides_problem_3_budget_035.txt,marginal_envy,Average,350
tsiligirides_problem_3_budget_035.txt,marginal_envy,RouteDiversity,0
tsiligirides_problem_3_budget_035.txt,marginal_envy,LocalRouteDiversity,0
tsiligirides_problem_3_budget_035.txt,total_greedy,Median,290
tsiligirides_problem_3_budget_035.txt,total_greedy,Q1,250
tsiligirides_problem_3_budget_035.txt,total_greedy,Q3,320
tsiligirides_problem_3_budget_035.txt,total_greedy,Best,380
tsiligirides_problem_3_budget_035.txt,total_greedy,Worst,210
tsiligirides_problem_3_budget_035.txt,total_greedy,Average,287.696
tsiligirides_problem_3_budget_035.txt,total_greedy,RouteDiversity,0.8060223062896407
tsiligirides_problem_3_budget_035.txt,total_greedy,LocalRouteDiversity,0.0005
tsiligirides_problem_3_budget_035.txt,total_lazy,Median,280
tsiligirides_problem_3_budget_035.txt,total_lazy,Q1,280
tsiligirides_problem_3_budget_035.txt,total_lazy,Q3,280
tsiligirides_problem_3_budget_035.txt,total_lazy,Best,280
tsiligirides_problem_3_budget_035.txt,total_lazy,Worst,280
tsiligirides_problem_3_budget_035.txt,total_lazy,Average,280
tsiligirides_problem_3_budget_035.txt,total_lazy,RouteDiversity,0
tsiligirides_problem_3_budget_035.txt,total_lazy,LocalRouteDiversity,0
tsiligirides_problem_3_budget_035.txt,total_smart,Median,320
tsiligirides_problem_3_budget_035.txt,total_smart,Q1,320
tsiligirides_problem_3_budget_035.txt,total_smart,Q3,320
tsiligirides_problem_3_budget_035.txt,total_smart,Best,320
tsiligirides_problem_3_budget_035.txt,total_smart,Worst,320
tsiligirides_problem_3_budget_035.txt,total_smart,Average,320
tsiligirides_problem_3_budget_035.txt,total_smart,RouteDiversity,0
tsiligirides_problem_3_budget_035.txt,total_smart,LocalRouteDiversity,0
tsiligirides_problem_3_budget_035.txt,total_wise,Median,320
tsiligirides_problem_3_budget_035.txt,total_wise,Q1,320
tsiligirides_problem_3_budget_035.txt,total_wise,Q3,320
tsiligirides_problem_3_budget_035.txt,total_wise,Best,320
tsiligirides_problem_3_budget_035.txt,total_wise,Worst,320
tsiligirides_problem_3_budget_035.txt,total_wise,Average,320
tsiligirides_problem_3_budget_035.txt,total_wise,RouteDiversity,0
tsiligirides_problem_3_budget_035.txt,total_wise,LocalRouteDiversity,0
tsiligirides_problem_3_budget_035.txt,total_envy,Median,350
tsiligirides_problem_3_budget_035.txt,total_envy,Q1,350
tsiligirides_problem_3_budget_035.txt,total_envy,Q3,350
tsiligirides_problem_3_budget_035.txt,total_envy,Best,350
tsiligirides_problem_3_budget_035.txt,total_envy,Worst,350
tsiligirides_problem_3_budget_035.txt,total_envy,Average,350
tsiligirides_problem_3_budget_035.txt,total_envy,RouteDiversity,0
tsiligirides_problem_3_budget_035.txt,total_envy,LocalRouteDiversity,0
tsiligirides_problem_3_budget_035.txt,selected_random,Median,340
tsiligirides_problem_3_budget_035.txt,selected_random,Q1,320
tsiligirides_problem_3_budget_035.txt,selected_random,Q3,350
tsiligirides_problem_3_budget_035.txt,selected_random,Best,360
tsiligirides_problem_3_budget_035.txt,selected_random,Worst,320
tsiligirides_problem_3_budget_035.txt,selected_random,Average,339.372
tsiligirides_problem_3_budget_035.txt,selected_random,RouteDiversity,0.7247392360681766
tsiligirides_problem_3_budget_035.txt,selected_random,LocalRouteDiversity,0.008802518059855519
tsiligirides_problem_3_budget_035.txt,selected_random_random_tie,Median,340
tsiligirides_problem_3_budget_035.txt,selected_random_random_tie,Q1,320
tsiligirides_problem_3_budget_035.txt,selected_random_random_tie,Q3,350
tsiligirides_problem_3_budget_035.txt,selected_random_random_tie,Best,360
tsiligirides_problem_3_budget_035.txt,selected_random_random_tie,Worst,320
tsiligirides_problem_3_budget_035.txt,selected_random_random_tie,Average,339.686
tsiligirides_problem_3_budget_035.txt,selected_random_random_tie,RouteDiversity,0.7255875996646293
tsiligirides_problem_3_budget_035.txt,selected_random_random_tie,LocalRouteDiversity,0.010710899552803573
tsiligirides_problem_3_budget_035.txt,selected_random_tie_marginal_envy,Median,340
tsiligirides_problem_3_budget_035.txt,selected_random_tie_marginal_envy,Q1,320
tsiligirides_problem_3_budget_035.txt,selected_random_tie_marginal_envy,Q3,350
tsiligirides_problem_3_budget_035.txt,selected_random_tie_marginal_envy,Best,360
tsiligirides_problem_3_budget_035.txt,selected_random_tie_marginal_envy,Worst,320
tsiligirides_problem_3_budget_035.txt,selected_random_tie_marginal_envy,Average,339.448
tsiligirides_problem_3_budget_035.txt,selected_random_tie_marginal_envy,RouteDiversity,0.7331518899038221
tsiligirides_problem_3_budget_035.txt,selected_random_tie_marginal_envy,LocalRouteDiversity,0.010147867217062264
tsiligirides_problem_3_budget_035.txt,selected_random_tie_total_envy,Median,340
tsiligirides_problem_3_budget_035.txt,selected_random_tie_total_envy,Q1,320
tsiligirides_problem_3_budget_035.txt,selected_random_tie_total_envy,Q3,350
tsiligirides_problem_3_budget_035.txt,selected_random_tie_total_envy,Best,360
tsiligirides_problem_3_budget_035.txt,selected_random_tie_total_envy,Worst,320
tsiligirides_problem_3_budget_035.txt,selected_random_tie_total_envy,Average,339.758
tsiligirides_problem_3_budget_035.txt,selected_random_tie_total_envy,RouteDiversity,0.7328122409038782
tsiligirides_problem_3_budget_035.txt,selected_random_tie_total_envy,LocalRouteDiversity,0.00816690476190476
tsiligirides_problem_3_budget_035.txt,selected_random_tie_marginal_wise,Median,340
tsiligirides_problem_3_budget_035.txt,selected_random_tie_marginal_wise,Q1,320
tsiligirides_problem_3_budget_035.txt,selected_random_tie_marginal_wise,Q3,350
tsiligirides_problem_3_budget_035.txt,selected_random_tie_marginal_wise,Best,360
tsiligirides_problem_3_budget_035.txt,selected_random_tie_marginal_wise,Worst,320
tsiligirides_problem_3_budget_035.txt,selected_random_tie_marginal_wise,Average,339.382
tsiligirides_problem_3_budget_035.txt,selected_random_tie_marginal_wise,RouteDiversity,0.7288720269919114
tsiligirides_problem_3_budget_035.txt,selected_random_tie_marginal_wise,LocalRouteDiversity,0.007469346405228758
set_66_1_035.txt,marginal_greedy,Median,290
set_66_1_035.txt,marginal_greedy,Q1,245
set_66_1_035.txt,marginal_greedy,Q3,340
set_66_1_035.txt,marginal_greedy,Best,455
set_66_1_035.txt,marginal_greedy,Worst,115
set_66_1_035.txt,marginal_greedy,Average,292.927
set_66_1_035.txt,marginal_greedy,RouteDiversity,0.9794385255782184
set_66_1_035.txt,marginal_greedy,LocalRouteDiversity,0.6288059346575696
set_66_1_035.txt,marginal_lazy,Median,250
set_66_1_035.txt,marginal_lazy,Q1,250
set_66_1_035.txt,marginal_lazy,Q3,250
set_66_1_035.txt,marginal_lazy,Best,250
set_66_1_035.txt,marginal_lazy,Worst,250
set_66_1_035.txt,marginal_lazy,Average,250
set_66_1_035.txt,marginal_lazy,RouteDiversity,0.5002582582582582
set_66_1_035.txt,marginal_lazy,LocalRouteDiversity,0
set_66_1_035.txt,marginal_smart,Median,415
set_66_1_035.txt,marginal_smart,Q1,415
set_66_1_035.txt,marginal_smart,Q3,415
set_66_1_035.txt,marginal_smart,Best,415
set_66_1_035.txt,marginal_smart,Worst,415
set_66_1_035.txt,marginal_smart,Average,415
set_66_1_035.txt,marginal_smart,RouteDiversity,0.7281298912376934
set_66_1_035.txt,marginal_smart,LocalRouteDiversity,0
set_66_1_035.txt,marginal_wise,Median,415
set_66_1_035.txt,marginal_wise,Q1,415
set_66_1_035.txt,marginal_wise,Q3,415
set_66_1_035.txt,marginal_wise,Best,415
set_66_1_035.txt,marginal_wise,Worst,415
set_66_1_035.txt,marginal_wise,Average,415
set_66_1_035.txt,marginal_wise,RouteDiversity,0.5004924924924925
set_66_1_035.txt,marginal_wise,LocalRouteDiversity,0
set_66_1_035.txt,marginal_envy,Median,415
set_66_1_035.txt,marginal_envy,Q1,415
set_66_1_035.txt,marginal_envy,Q3,415
set_66_1_035.txt,marginal_envy,Best,415
set_66_1_035.txt,marginal_envy,Worst,415
set_66_1_035.txt,marginal_envy,Average,415
set_66_1_035.txt,marginal_envy,RouteDiversity,0.7288635223478085
set_66_1_035.txt,marginal_envy,LocalRouteDiversity,0
set_66_1_035.txt,total_greedy,Median,290
set_66_1_035.txt,total_greedy,Q1,245
set_66_1_035.txt,total_greedy,Q3,335
set_66_1_035.txt,total_greedy,Best,455
set_66_1_035.txt,total_greedy,Worst,115
set_66_1_035.txt,total_greedy,Average,290.976
set_66_1_035.txt,total_greedy,RouteDiversity,0.9798306537522404
set_66_1_035.txt,total_greedy,LocalRouteDiversity,0.6430270539269373
set_66_1_035.txt,total_lazy,Median,250
set_66_1_035.txt,total_lazy,Q1,250
set_66_1_035.txt,total_lazy,Q3,250
set_66_1_035.txt,total_lazy,Best,250
set_66_1_035.txt,total_lazy,Worst,250
set_66_1_035.txt,total_lazy,Average,250
set_66_1_035.txt,total_lazy,RouteDiversity,0.5002582582582582
set_66_1_035.txt,total_lazy,LocalRouteDiversity,0
set_66_1_035.txt,total_smart,Median,405
set_66_1_035.txt,total_smart,Q1,405
set_66_1_035.txt,total_smart,Q3,405
set_66_1_035.txt,total_smart,Best,405
set_66_1_035.txt,total_smart,Worst,405
set_66_1_035.txt,total_smart,Average,405
set_66_1_035.txt,total_smart,RouteDiversity,0.7285653687320074
set_66_1_035.txt,total_smart,LocalRouteDiversity,0
set_66_1_035.txt,total_wise,Median,415
set_66_1_035.txt,total_wise,Q1,415
set_66_1_035.txt,total_wise,Q3,415
set_66_1_035.txt,total_wise,Best,415
set_66_1_035.txt,total_wise,Worst,415
set_66_1_035.txt,total_wise,Average,415
set_66_1_035.txt,total_wise,RouteDiversity,0.4962642642642643
set_66_1_035.txt,total_wise,LocalRouteDiversity,0
set_66_1_035.txt,total_envy,Median,425
set_66_1_035.txt,total_envy,Q1,425
set_66_1_035.txt,total_envy,Q3,425
set_66_1_035.txt,total_envy,Best,425
set_66_1_035.txt,total_envy,Worst,425
set_66_1_035.txt,total_envy,Average,425
set_66_1_035.txt,total_envy,RouteDiversity,0.7493033033033033
set_66_1_035.txt,total_envy,LocalRouteDiversity,0
set_66_1_035.txt,selected_random,Median,415
set_66_1_035.txt,selected_random,Q1,415
set_66_1_035.txt,selected_random,Q3,415
set_66_1_035.txt,selected_random,Best,440
set_66_1_035.txt,selected_random,Worst,395
set_66_1_035.txt,selected_random,Average,413.38
set_66_1_035.txt,selected_random,RouteDiversity,0.8579982194551828
set_66_1_035.txt,selected_random,LocalRouteDiversity,0.024871444619453755
set_66_1_035.txt,selected_random_random_tie,Median,415
set_66_1_035.txt,selected_random_random_tie,Q1,405
set_66_1_035.txt,selected_random_random_tie,Q3,415
set_66_1_035.txt,selected_random_random_tie,Best,440
set_66_1_035.txt,selected_random_random_tie,Worst,395
set_66_1_035.txt,selected_random_random_tie,Average,411.466
set_66_1_035.txt,selected_random_random_tie,RouteDiversity,0.8718692398685438
set_66_1_035.txt,selected_random_random_tie,LocalRouteDiversity,0.027382822768383393
set_66_1_035.txt,selected_random_tie_marginal_envy,Median,415
set_66_1_035.txt,selected_random_tie_marginal_envy,Q1,405
set_66_1_035.txt,selected_random_tie_marginal_envy,Q3,415
set_66_1_035.txt,selected_random_tie_marginal_envy,Best,440
set_66_1_035.txt,selected_random_tie_marginal_envy,Worst,395
set_66_1_035.txt,selected_random_tie_marginal_envy,Average,411.466
set_66_1_035.txt,selected_random_tie_marginal_envy,RouteDiversity,0.872444725006138
set_66_1_035.txt,selected_random_tie_marginal_envy,LocalRouteDiversity,0.030044451048570012
set_66_1_035.txt,selected_random_tie_total_envy,Median,415
set_66_1_035.txt,selected_random_tie_total_envy,Q1,405
set_66_1_035.txt,selected_random_tie_total_envy,Q3,415
set_66_1_035.txt,selected_random_tie_total_envy,Best,440
set_66_1_035.txt,selected_random_tie_total_envy,Worst,385
set_66_1_035.txt,selected_random_tie_total_envy,Average,411.506
set_66_1_035.txt,selected_random_tie_total_envy,RouteDiversity,0.8743383274714644
set_66_1_035.txt,selected_random_tie_total_envy,LocalRouteDiversity,0.03302493016137178
set_66_1_035.txt,selected_random_tie_marginal_wise,Median,415
set_66_1_035.txt,selected_random_tie_marginal_wise,Q1,405
set_66_1_035.txt,selected_random_tie_marginal_wise,Q3,415
set_66_1_035.txt,selected_random_tie_marginal_wise,Best,440
set_66_1_035.txt,selected_random_tie_marginal_wise,Worst,385
set_66_1_035.txt,selected_random_tie_marginal_wise,Average,411.372
set_66_1_035.txt,selected_random_tie_marginal_wise,RouteDiversity,0.8720197662229208
set_66_1_035.txt,selected_random_tie_marginal_wise,LocalRouteDiversity,0.02813714934569623
tsiligirides_problem_3_budget_110.txt,marginal_greedy,Median,560
tsiligirides_problem_3_budget_110.txt,marginal_greedy,Q1,510
tsiligirides_problem_3_budget_110.txt,marginal_greedy,Q3,610
tsiligirides_problem_3_budget_110.txt,marginal_greedy,Best,700
tsiligirides_problem_3_budget_110.txt,marginal_greedy,Worst,390
tsiligirides_problem_3_budget_110.txt,marginal_greedy,Average,557.316
tsiligirides_problem_3_budget_110.txt,marginal_greedy,RouteDiversity,0.9035675613316413
tsiligirides_problem_3_budget_110.txt,marginal_greedy,LocalRouteDiversity,0.402199547852341
tsiligirides_problem_3_budget_110.txt,marginal_lazy,Median,800
tsiligirides_problem_3_budget_110.txt,marginal_lazy,Q1,800
tsiligirides_problem_3_budget_110.txt,marginal_lazy,Q3,800
tsiligirides_problem_3_budget_110.txt,marginal_lazy,Best,800
tsiligirides_problem_3_budget_110.txt,marginal_lazy,Worst,800
tsiligirides_problem_3_budget_110.txt,marginal_lazy,Average,800
tsiligirides_problem_3_budget_110.txt,marginal_lazy,RouteDiversity,0
tsiligirides_problem_3_budget_110.txt,marginal_lazy,LocalRouteDiversity,0
tsiligirides_problem_3_budget_110.txt,marginal_smart,Median,800
tsiligirides_problem_3_budget_110.txt,marginal_smart,Q1,800
tsiligirides_problem_3_budget_110.txt,marginal_smart,Q3,800
tsiligirides_problem_3_budget_110.txt,marginal_smart,Best,800
tsiligirides_problem_3_budget_110.txt,marginal_smart,Worst,800
tsiligirides_problem_3_budget_110.txt,marginal_smart,Average,800
tsiligirides_problem_3_budget_110.txt,marginal_smart,RouteDiversity,0
tsiligirides_problem_3_budget_110.txt,marginal_smart,LocalRouteDiversity,0
tsiligirides_problem_3_budget_110.txt,marginal_wise,Median,800
tsiligirides_problem_3_budget_110.txt,marginal_wise,Q1,800
tsiligirides_problem_3_budget_110.txt,marginal_wise,Q3,800
tsiligirides_problem_3_budget_110.txt,marginal_wise,Best,800
tsiligirides_problem_3_budget_110.txt,marginal_wise,Worst,800
tsiligirides_problem_3_budget_110.txt,marginal_wise,Average,800
tsiligirides_problem_3_budget_110.txt,marginal_wise,RouteDiversity,0
tsiligirides_problem_3_budget_110.txt,marginal_wise,LocalRouteDiversity,0
tsiligirides_problem_3_budget_110.txt,marginal_envy,Median,800
tsiligirides_problem_3_budget_110.txt,marginal_envy,Q1,800
tsiligirides_problem_3_budget_110.txt,marginal_envy,Q3,800
tsiligirides_problem_3_budget_110.txt,marginal_envy,Best,800
tsiligirides_problem_3_budget_110.txt,marginal_envy,Worst,800
tsiligirides_problem_3_budget_110.txt,marginal_envy,Average,800
tsiligirides_problem_3_budget_110.txt,marginal_envy,RouteDiversity,0
tsiligirides_problem_3_budget_110.txt,marginal_envy,LocalRouteDiversity,0
tsiligirides_problem_3_budget_110.txt,total_greedy,Median,560
tsiligirides_problem_3_budget_110.txt,total_greedy,Q1,520
tsiligirides_problem_3_budget_110.txt,total_greedy,Q3,610
tsiligirides_problem_3_budget_110.txt,total_greedy,Best,710
tsiligirides_problem_3_budget_110.txt,total_greedy,Worst,390
tsiligirides_problem_3_budget_110.txt,total_greedy,Average,557.134
tsiligirides_problem_3_budget_110.txt,total_greedy,RouteDiversity,0.9039300220978828
tsiligirides_problem_3_budget_110.txt,total_greedy,LocalRouteDiversity,0.3966714715662883
tsiligirides_problem_3_budget_110.txt,total_lazy,Median,800
tsiligirides_problem_3_budget_110.txt,total_lazy,Q1,800
tsiligirides_problem_3_budget_110.txt,total_lazy,Q3,800
tsiligirides_problem_3_budget_110.txt,total_lazy,Best,800
tsiligirides_problem_3_budget_110.txt,total_lazy,Worst,800
tsiligirides_problem_3_budget_110.txt,total_lazy,Average,800
tsiligirides_problem_3_budget_110.txt,total_lazy,RouteDiversity,0
tsiligirides_problem_3_budget_110.txt,total_lazy,LocalRouteDiversity,0
tsiligirides_problem_3_budget_110.txt,total_smart,Median,800
tsiligirides_problem_3_budget_110.txt,total_smart,Q1,800
tsiligirides_problem_3_budget_110.txt,total_smart,Q3,800
tsiligirides_problem_3_budget_110.txt,total_smart,Best,800
tsiligirides_problem_3_budget_110.txt,total_smart,Worst,800
tsiligirides_problem_3_budget_110.txt,total_smart,Average,800
tsiligirides_problem_3_budget_110.txt,total_smart,RouteDiversity,0
tsiligirides_problem_3_budget_110.txt,total_smart,LocalRouteDiversity,0
tsiligirides_problem_3_budget_110.txt,total_wise,Median,750
tsiligirides_problem_3_budget_110.txt,total_wise,Q1,750
tsiligirides_problem_3_budget_110.txt,total_wise,Q3,750
tsiligirides_problem_3_budget_110.txt,total_wise,Best,750
tsiligirides_problem_3_budget_110.txt,total_wise,Worst,750
tsiligirides_problem_3_budget_110.txt,total_wise,Average,750
tsiligirides_problem_3_budget_110.txt,total_wise,RouteDiversity,0
tsiligirides_problem_3_budget_110.txt,total_wise,LocalRouteDiversity,0
tsiligirides_problem_3_budget_110.txt,total_envy,Median,800
tsiligirides_problem_3_budget_110.txt,total_envy,Q1,800
tsiligirides_problem_3_budget_110.txt,total_envy,Q3,800
tsiligirides_problem_3_budget_110.txt,total_envy,Best,800
tsiligirides_problem_3_budget_110.txt,total_envy,Worst,800
tsiligirides_problem_3_budget_110.txt,total_envy,Average,800
tsiligirides_problem_3_budget_110.txt,total_envy,RouteDiversity,0
tsiligirides_problem_3_budget_110.txt,total_envy,LocalRouteDiversity,0
tsiligirides_problem_3_budget_110.txt,selected_random,Median,800
tsiligirides_problem_3_budget_110.txt,selected_random,Q1,800
tsiligirides_problem_3_budget_110.txt,selected_random,Q3,800
tsiligirides_problem_3_budget_110.txt,selected_random,Best,800
tsiligirides_problem_3_budget_110.txt,selected_random,Worst,760
tsiligirides_problem_3_budget_110.txt,selected_random,Average,799.086
tsiligirides_problem_3_budget_110.txt,selected_random,RouteDiversity,0.647209133936104
tsiligirides_problem_3_budget_110.txt,selected_random,LocalRouteDiversity,0.01847227093558363
tsiligirides_problem_3_budget_110.txt,selected_random_random_tie,Median,800
tsiligirides_problem_3_budget_110.txt,selected_random_random_tie,Q1,800
tsiligirides_problem_3_budget_110.txt,selected_random_random_tie,Q3,800
tsiligirides_problem_3_budget_110.txt,selected_random_random_tie,Best,800
tsiligirides_problem_3_budget_110.txt,selected_random_random_tie,Worst,760
tsiligirides_problem_3_budget_110.txt,selected_random_random_tie,Average,799.038
tsiligirides_problem_3_budget_110.txt,selected_random_random_tie,RouteDiversity,0.6412939683701232
tsiligirides_problem_3_budget_110.txt,selected_random_random_tie,LocalRouteDiversity,0.018017009713758945
tsiligirides_problem_3_budget_110.txt,selected_random_tie_marginal_envy,Median,800
tsiligirides_problem_3_budget_110.txt,selected_random_tie_marginal_envy,Q1,800
tsiligirides_problem_3_budget_110.txt,selected_random_tie_marginal_envy,Q3,800
tsiligirides_problem_3_budget_110.txt,selected_random_tie_marginal_envy,Best,800
tsiligirides_problem_3_budget_110.txt,selected_random_tie_marginal_envy,Worst,760
tsiligirides_problem_3_budget_110.txt,selected_random_tie_marginal_envy,Average,798.936
tsiligirides_problem_3_budget_110.txt,selected_random_tie_marginal_envy,RouteDiversity,0.6510706325487665
tsiligirides_problem_3_budget_110.txt,selected_random_tie_marginal_envy,LocalRouteDiversity,0.01931912188955534
tsiligirides_problem_3_budget_110.txt,selected_random_tie_total_envy,Median,800
tsiligirides_problem_3_budget_110.txt,selected_random_tie_total_envy,Q1,800
tsiligirides_problem_3_budget_110.txt,selected_random_tie_total_envy,Q3,800
tsiligirides_problem_3_budget_110.txt,selected_random_tie_total_envy,Best,800
tsiligirides_problem_3_budget_110.txt,selected_random_tie_total_envy,Worst,760
tsiligirides_problem_3_budget_110.txt,selected_random_tie_total_envy,Average,799.084
tsiligirides_problem_3_budget_110.txt,selected_random_tie_total_envy,RouteDiversity,0.6407929646531023
tsiligirides_problem_3_budget_110.txt,selected_random_tie_total_envy,LocalRouteDiversity,0.018890404098175
tsiligirides_problem_3_budget_110.txt,selected_random_tie_marginal_wise,Median,800
tsiligirides_problem_3_budget_110.txt,selected_random_tie_marginal_wise,Q1,800
tsiligirides_problem_3_budget_110.txt,selected_random_tie_marginal_wise,Q3,800
tsiligirides_problem_3_budget_110.txt,selected_random_tie_marginal_wise,Best,800
tsiligirides_problem_3_budget_110.txt,selected_random_tie_marginal_wise,Worst,760
tsiligirides_problem_3_budget_110.txt,selected_random_tie_marginal_wise,Average,799.086
tsiligirides_problem_3_budget_110.txt,selected_random_tie_marginal_wise,RouteDiversity,0.6328501182041064
tsiligirides_problem_3_budget_110.txt,selected_random_tie_marginal_wise,LocalRouteDiversity,0.019518568270580662
tsiligirides_problem_1_budget_80.txt,marginal_greedy,Median,145
tsiligirides_problem_1_budget_80.txt,marginal_greedy,Q1,135
tsiligirides_problem_1_budget_80.txt,marginal_greedy,Q3,160
tsiligirides_problem_1_budget_80.txt,marginal_greedy,Best,230
tsiligirides_problem_1_budget_80.txt,marginal_greedy,Worst,85
tsiligirides_problem_1_budget_80.txt,marginal_greedy,Average,148.24
tsiligirides_problem_1_budget_80.txt,marginal_greedy,RouteDiversity,0.9225052989535365
tsiligirides_problem_1_budget_80.txt,marginal_greedy,LocalRouteDiversity,0.4974399959899274
tsiligirides_problem_1_budget_80.txt,marginal_lazy,Median,245
tsiligirides_problem_1_budget_80.txt,marginal_lazy,Q1,245
tsiligirides_problem_1_budget_80.txt,marginal_lazy,Q3,245
tsiligirides_problem_1_budget_80.txt,marginal_lazy,Best,245
tsiligirides_problem_1_budget_80.txt,marginal_lazy,Worst,245
tsiligirides_problem_1_budget_80.txt,marginal_lazy,Average,245
tsiligirides_problem_1_budget_80.txt,marginal_lazy,RouteDiversity,0
tsiligirides_problem_1_budget_80.txt,marginal_lazy,LocalRouteDiversity,0
tsiligirides_problem_1_budget_80.txt,marginal_smart,Median,235
tsiligirides_problem_1_budget_80.txt,marginal_smart,Q1,235
tsiligirides_problem_1_budget_80.txt,marginal_smart,Q3,235
tsiligirides_problem_1_budget_80.txt,marginal_smart,Best,235
tsiligirides_problem_1_budget_80.txt,marginal_smart,Worst,235
tsiligirides_problem_1_budget_80.txt,marginal_smart,Average,235
tsiligirides_problem_1_budget_80.txt,marginal_smart,RouteDiversity,0
tsiligirides_problem_1_budget_80.txt,marginal_smart,LocalRouteDiversity,0
tsiligirides_problem_1_budget_80.txt,marginal_wise,Median,245
tsiligirides_problem_1_budget_80.txt,marginal_wise,Q1,245
tsiligirides_problem_1_budget_80.txt,marginal_wise,Q3,245
tsiligirides_problem_1_budget_80.txt,marginal_wise,Best,245
tsiligirides_problem_1_budget_80.txt,marginal_wise,Worst,245
tsiligirides_problem_1_budget_80.txt,marginal_wise,Average,245
tsiligirides_problem_1_budget_80.txt,marginal_wise,RouteDiversity,0
tsiligirides_problem_1_budget_80.txt,marginal_wise,LocalRouteDiversity,0
tsiligirides_problem_1_budget_80.txt,marginal_envy,Median,245
tsiligirides_problem_1_budget_80.txt,marginal_envy,Q1,245
tsiligirides_problem_1_budget_80.txt,marginal_envy,Q3,245
tsiligirides_problem_1_budget_80.txt,marginal_envy,Best,245
tsiligirides_problem_1_budget_80.txt,marginal_envy,Worst,245
tsiligirides_problem_1_budget_80.txt,marginal_envy,Average,245
tsiligirides_problem_1_budget_80.txt,marginal_envy,RouteDiversity,0
tsiligirides_problem_1_budget_80.txt,marginal_envy,LocalRouteDiversity,0
tsiligirides_problem_1_budget_80.txt,total_greedy,Median,145
tsiligirides_problem_1_budget_80.txt,total_greedy,Q1,135
tsiligirides_problem_1_budget_80.txt,total_greedy,Q3,160
tsiligirides_problem_1_budget_80.txt,total_greedy,Best,230
tsiligirides_problem_1_budget_80.txt,total_greedy,Worst,85
tsiligirides_problem_1_budget_80.txt,total_greedy,Average,147.873
tsiligirides_problem_1_budget_80.txt,total_greedy,RouteDiversity,0.9221539132803309
tsiligirides_problem_1_budget_80.txt,total_greedy,LocalRouteDiversity,0.47579883384816174
tsiligirides_problem_1_budget_80.txt,total_lazy,Median,245
tsiligirides_problem_1_budget_80.txt,total_lazy,Q1,245
tsiligirides_problem_1_budget_80.txt,total_lazy,Q3,245
tsiligirides_problem_1_budget_80.txt,total_lazy,Best,245
tsiligirides_problem_1_budget_80.txt,total_lazy,Worst,245
tsiligirides_problem_1_budget_80.txt,total_lazy,Average,245
tsiligirides_problem_1_budget_80.txt,total_lazy,RouteDiversity,0
tsiligirides_problem_1_budget_80.txt,total_lazy,LocalRouteDiversity,0
tsiligirides_problem_1_budget_80.txt,total_smart,Median,260
tsiligirides_problem_1_budget_80.txt,total_smart,Q1,260
tsiligirides_problem_1_budget_80.txt,total_smart,Q3,260
tsiligirides_problem_1_budget_80.txt,total_smart,Best,260
tsiligirides_problem_1_budget_80.txt,total_smart,Worst,260
tsiligirides_problem_1_budget_80.txt,total_smart,Average,260
tsiligirides_problem_1_budget_80.txt,total_smart,RouteDiversity,0
tsiligirides_problem_1_budget_80.txt,total_smart,LocalRouteDiversity,0
tsiligirides_problem_1_budget_80.txt,total_wise,Median,260
tsiligirides_problem_1_budget_80.txt,total_wise,Q1,260
tsiligirides_problem_1_budget_80.txt,total_wise,Q3,260
tsiligirides_problem_1_budget_80.txt,total_wise,Best,260
tsiligirides_problem_1_budget_80.txt,total_wise,Worst,260
tsiligirides_problem_1_budget_80.txt,total_wise,Average,260
tsiligirides_problem_1_budget_80.txt,total_wise,RouteDiversity,0
tsiligirides_problem_1_budget_80.txt,total_wise,LocalRouteDiversity,0
tsiligirides_problem_1_budget_80.txt,total_envy,Median,235
tsiligirides_problem_1_budget_80.txt,total_envy,Q1,235
tsiligirides_problem_1_budget_80.txt,total_envy,Q3,235
tsiligirides_problem_1_budget_80.txt,total_envy,Best,235
tsiligirides_problem_1_budget_80.txt,total_envy,Worst,235
tsiligirides_problem_1_budget_80.txt,total_envy,Average,235
tsiligirides_problem_1_budget_80.txt,total_envy,RouteDiversity,0
tsiligirides_problem_1_budget_80.txt,total_envy,LocalRouteDiversity,0
tsiligirides_problem_1_budget_80.txt,selected_random,Median,245
tsiligirides_problem_1_budget_80.txt,selected_random,Q1,240
tsiligirides_problem_1_budget_80.txt,selected_random,Q3,250
tsiligirides_problem_1_budget_80.txt,selected_random,Best,260
tsiligirides_problem_1_budget_80.txt,selected_random,Worst,225
tsiligirides_problem_1_budget_80.txt,selected_random,Average,244.523
tsiligirides_problem_1_budget_80.txt,selected_random,RouteDiversity,0.6926737010788694
tsiligirides_problem_1_budget_80.txt,selected_random,LocalRouteDiversity,0.033503115941216716
tsiligirides_problem_1_budget_80.txt,selected_random_random_tie,Median,245
tsiligirides_problem_1_budget_80.txt,selected_random_random_tie,Q1,240
tsiligirides_problem_1_budget_80.txt,selected_random_random_tie,Q3,250
tsiligirides_problem_1_budget_80.txt,selected_random_random_tie,Best,260
tsiligirides_problem_1_budget_80.txt,selected_random_random_tie,Worst,225
tsiligirides_problem_1_budget_80.txt,selected_random_random_tie,Average,244.539
tsiligirides_problem_1_budget_80.txt,selected_random_random_tie,RouteDiversity,0.6883362045002974
tsiligirides_problem_1_budget_80.txt,selected_random_random_tie,LocalRouteDiversity,0.03850212600536456
tsiligirides_problem_1_budget_80.txt,selected_random_tie_marginal_envy,Median,245
tsiligirides_problem_1_budget_80.txt,selected_random_tie_marginal_envy,Q1,240
tsiligirides_problem_1_budget_80.txt,selected_random_tie_marginal_envy,Q3,250
tsiligirides_problem_1_budget_80.txt,selected_random_tie_marginal_envy,Best,260
tsiligirides_problem_1_budget_80.txt,selected_random_tie_marginal_envy,Worst,225
tsiligirides_problem_1_budget_80.txt,selected_random_tie_marginal_envy,Average,244.404
tsiligirides_problem_1_budget_80.txt,selected_random_tie_marginal_envy,RouteDiversity,0.6830094622906796
tsiligirides_problem_1_budget_80.txt,selected_random_tie_marginal_envy,LocalRouteDiversity,0.03508296459675894
tsiligirides_problem_1_budget_80.txt,selected_random_tie_total_envy,Median,245
tsiligirides_problem_1_budget_80.txt,selected_random_tie_total_envy,Q1,240
tsiligirides_problem_1_budget_80.txt,selected_random_tie_total_envy,Q3,250
tsiligirides_problem_1_budget_80.txt,selected_random_tie_total_envy,Best,260
tsiligirides_problem_1_budget_80.txt,selected_random_tie_total_envy,Worst,225
tsiligirides_problem_1_budget_80.txt,selected_random_tie_total_envy,Average,244.27
tsiligirides_problem_1_budget_80.txt,selected_random_tie_total_envy,RouteDiversity,0.6891819409831946
tsiligirides_problem_1_budget_80.txt,selected_random_tie_total_envy,LocalRouteDiversity,0.03372146415452392
tsiligirides_problem_1_budget_80.txt,selected_random_tie_marginal_wise,Median,245
tsiligirides_problem_1_budget_80.txt,selected_random_tie_marginal_wise,Q1,240
tsiligirides_problem_1_budget_80.txt,selected_random_tie_marginal_wise,Q3,250
tsiligirides_problem_1_budget_80.txt,selected_random_tie_marginal_wise,Best,260
tsiligirides_problem_1_budget_80.txt,selected_random_tie_marginal_wise,Worst,225
tsiligirides_problem_1_budget_80.txt,selected_random_tie_marginal_wise,Average,244.565
tsiligirides_problem_1_budget_80.txt,selected_random_tie_marginal_wise,RouteDiversity,0.6884111632419032
tsiligirides_problem_1_budget_80.txt,selected_random_tie_marginal_wise,LocalRouteDiversity,0.03348249108139182
tsiligirides_problem_2_budget_27.txt,marginal_greedy,Median,90
tsiligirides_problem_2_budget_27.txt,marginal_greedy,Q1,90
tsiligirides_problem_2_budget_27.txt,marginal_greedy,Q3,90
tsiligirides_problem_2_budget_27.txt,marginal_greedy,Best,90
tsiligirides_problem_2_budget_27.txt,marginal_greedy,Worst,90
tsiligirides_problem_2_budget_27.txt,marginal_greedy,Average,90
tsiligirides_problem_2_budget_27.txt,marginal_greedy,RouteDiversity,0
tsiligirides_problem_2_budget_27.txt,marginal_greedy,LocalRouteDiversity,0
tsiligirides_problem_2_budget_27.txt,marginal_lazy,Median,230
tsiligirides_problem_2_budget_27.txt,marginal_lazy,Q1,230
tsiligirides_problem_2_budget_27.txt,marginal_lazy,Q3,230
tsiligirides_problem_2_budget_27.txt,marginal_lazy,Best,230
tsiligirides_problem_2_budget_27.txt,marginal_lazy,Worst,230
tsiligirides_problem_2_budget_27.txt,marginal_lazy,Average,230
tsiligirides_problem_2_budget_27.txt,marginal_lazy,RouteDiversity,0
tsiligirides_problem_2_budget_27.txt,marginal_lazy,LocalRouteDiversity,0
tsiligirides_problem_2_budget_27.txt,marginal_smart,Median,230
tsiligirides_problem_2_budget_27.txt,marginal_smart,Q1,230
tsiligirides_problem_2_budget_27.txt,marginal_smart,Q3,230
tsiligirides_problem_2_budget_27.txt,marginal_smart,Best,230
tsiligirides_problem_2_budget_27.txt,marginal_smart,Worst,230
tsiligirides_problem_2_budget_27.txt,marginal_smart,Average,230
tsiligirides_problem_2_budget_27.txt,marginal_smart,RouteDiversity,0
tsiligirides_problem_2_budget_27.txt,marginal_smart,LocalRouteDiversity,0
tsiligirides_problem_2_budget_27.txt,marginal_wise,Median,230
tsiligirides_problem_2_budget_27.txt,marginal_wise,Q1,230
tsiligirides_problem_2_budget_27.txt,marginal_wise,Q3,230
tsiligirides_problem_2_budget_27.txt,marginal_wise,Best,230
tsiligirides_problem_2_budget_27.txt,marginal_wise,Worst,230
tsiligirides_problem_2_budget_27.txt,marginal_wise,Average,230
tsiligirides_problem_2_budget_27.txt,marginal_wise,RouteDiversity,0
tsiligirides_problem_2_budget_27.txt,marginal_wise,LocalRouteDiversity,0
tsiligirides_problem_2_budget_27.txt,marginal_envy,Median,230
tsiligirides_problem_2_budget_27.txt,marginal_envy,Q1,230
tsiligirides_problem_2_budget_27.txt,marginal_envy,Q3,230
tsiligirides_problem_2_budget_27.txt,marginal_envy,Best,230
tsiligirides_problem_2_budget_27.txt,marginal_envy,Worst,230
tsiligirides_problem_2_budget_27.txt,marginal_envy,Average,230
tsiligirides_problem_2_budget_27.txt,marginal_envy,RouteDiversity,0
tsiligirides_problem_2_budget_27.txt,marginal_envy,LocalRouteDiversity,0
tsiligirides_problem_2_budget_27.txt,total_greedy,Median,90
tsiligirides_problem_2_budget_27.txt,total_greedy,Q1,90
tsiligirides_problem_2_budget_27.txt,total_greedy,Q3,90
tsiligirides_problem_2_budget_27.txt,total_greedy,Best,90
tsiligirides_problem_2_budget_27.txt,total_greedy,Worst,90
tsiligirides_problem_2_budget_27.txt,total_greedy,Average,90
tsiligirides_problem_2_budget_27.txt,total_greedy,RouteDiversity,0
tsiligirides_problem_2_budget_27.txt,total_greedy,LocalRouteDiversity,0
tsiligirides_problem_2_budget_27.txt,total_lazy,Median,230
tsiligirides_problem_2_budget_27.txt,total_lazy,Q1,230
tsiligirides_problem_2_budget_27.txt,total_lazy,Q3,230
tsiligirides_problem_2_budget_27.txt,total_lazy,Best,230
tsiligirides_problem_2_budget_27.txt,total_lazy,Worst,230
tsiligirides_problem_2_budget_27.txt,total_lazy,Average,230
tsiligirides_problem_2_budget_27.txt,total_lazy,RouteDiversity,0
tsiligirides_problem_2_budget_27.txt,total_lazy,LocalRouteDiversity,0
tsiligirides_problem_2_budget_27.txt,total_smart,Median,230
tsiligirides_problem_2_budget_27.txt,total_smart,Q1,230
tsiligirides_problem_2_budget_27.txt,total_smart,Q3,230
tsiligirides_problem_2_budget_27.txt,total_smart,Best,230
tsiligirides_problem_2_budget_27.txt,total_smart,Worst,230
tsiligirides_problem_2_budget_27.txt,total_smart,Average,230
tsiligirides_problem_2_budget_27.txt,total_smart,RouteDiversity,0
tsiligirides_problem_2_budget_27.txt,total_smart,LocalRouteDiversity,0
tsiligirides_problem_2_budget_27.txt,total_wise,Median,230
tsiligirides_problem_2_budget_27.txt,total_wise,Q1,230
tsiligirides_problem_2_budget_27.txt,total_wise,Q3,230
tsiligirides_problem_2_budget_27.txt,total_wise,Best,230
tsiligirides_problem_2_budget_27.txt,total_wise,Worst,230
tsiligirides_problem_2_budget_27.txt,total_wise,Average,230
tsiligirides_problem_2_budget_27.txt,total_wise,RouteDiversity,0
tsiligirides_problem_2_budget_27.txt,total_wise,LocalRouteDiversity,0
tsiligirides_problem_2_budget_27.txt,total_envy,Median,230
tsiligirides_problem_2_budget_27.txt,total_envy,Q1,230
tsiligirides_problem_2_budget_27.txt,total_envy,Q3,230
tsiligirides_problem_2_budget_27.txt,total_envy,Best,230
tsiligirides_problem_2_budget_27.txt,total_envy,Worst,230
tsiligirides_problem_2_budget_27.txt,total_envy,Average,230
tsiligirides_problem_2_budget_27.txt,total_envy,RouteDiversity,0
tsiligirides_problem_2_budget_27.txt,total_envy,LocalRouteDiversity,0
tsiligirides_problem_2_budget_27.txt,selected_random,Median,230
tsiligirides_problem_2_budget_27.txt,selected_random,Q1,230
tsiligirides_problem_2_budget_27.txt,selected_random,Q3,230
tsiligirides_problem_2_budget_27.txt,selected_random,Best,230
tsiligirides_problem_2_budget_27.txt,selected_random,Worst,230
tsiligirides_problem_2_budget_27.txt,selected_random,Average,230
tsiligirides_problem_2_budget_27.txt,selected_random,RouteDiversity,0.1547931460873272
tsiligirides_problem_2_budget_27.txt,selected_random,LocalRouteDiversity,0
tsiligirides_problem_2_budget_27.txt,selected_random_random_tie,Median,230
tsiligirides_problem_2_budget_27.txt,selected_random_random_tie,Q1,230
tsiligirides_problem_2_budget_27.txt,selected_random_random_tie,Q3,230
tsiligirides_problem_2_budget_27.txt,selected_random_random_tie,Best,230
tsiligirides_problem_2_budget_27.txt,selected_random_random_tie,Worst,230
tsiligirides_problem_2_budget_27.txt,selected_random_random_tie,Average,230
tsiligirides_problem_2_budget_27.txt,selected_random_random_tie,RouteDiversity,0.159696873344067
tsiligirides_problem_2_budget_27.txt,selected_random_random_tie,LocalRouteDiversity,0
tsiligirides_problem_2_budget_27.txt,selected_random_tie_marginal_envy,Median,230
tsiligirides_problem_2_budget_27.txt,selected_random_tie_marginal_envy,Q1,230
tsiligirides_problem_2_budget_27.txt,selected_random_tie_marginal_envy,Q3,230
tsiligirides_problem_2_budget_27.txt,selected_random_tie_marginal_envy,Best,230
tsiligirides_problem_2_budget_27.txt,selected_random_tie_marginal_envy,Worst,230
tsiligirides_problem_2_budget_27.txt,selected_random_tie_marginal_envy,Average,230
tsiligirides_problem_2_budget_27.txt,selected_random_tie_marginal_envy,RouteDiversity,0.14655997173638596
tsiligirides_problem_2_budget_27.txt,selected_random_tie_marginal_envy,LocalRouteDiversity,0
tsiligirides_problem_2_budget_27.txt,selected_random_tie_total_envy,Median,230
tsiligirides_problem_2_budget_27.txt,selected_random_tie_total_envy,Q1,230
tsiligirides_problem_2_budget_27.txt,selected_random_tie_total_envy,Q3,230
tsiligirides_problem_2_budget_27.txt,selected_random_tie_total_envy,Best,230
tsiligirides_problem_2_budget_27.txt,selected_random_tie_total_envy,Worst,230
tsiligirides_problem_2_budget_27.txt,selected_random_tie_total_envy,Average,230
tsiligirides_problem_2_budget_27.txt,selected_random_tie_total_envy,RouteDiversity,0.16077654124728
tsiligirides_problem_2_budget_27.txt,selected_random_tie_total_envy,LocalRouteDiversity,0
tsiligirides_problem_2_budget_27.txt,selected_random_tie_marginal_wise,Median,230
tsiligirides_problem_2_budget_27.txt,selected_random_tie_marginal_wise,Q1,230
tsiligirides_problem_2_budget_27.txt,selected_random_tie_marginal_wise,Q3,230
tsiligirides_problem_2_budget_27.txt,selected_random_tie_marginal_wise,Best,230
tsiligirides_problem_2_budget_27.txt,selected_random_tie_marginal_wise,Worst,230
tsiligirides_problem_2_budget_27.txt,selected_random_tie_marginal_wise,Average,230
tsiligirides_problem_2_budget_27.txt,selected_random_tie_marginal_wise,RouteDiversity,0.15901006889254665
tsiligirides_problem_2_budget_27.txt,selected_random_tie_marginal_wise,LocalRouteDiversity,0
set_66_1_120.txt,marginal_greedy,Median,750
set_66_1_120.txt,marginal_greedy,Q1,665
set_66_1_120.txt,marginal_greedy,Q3,835
set_66_1_120.txt,marginal_greedy,Best,1165
set_66_1_120.txt,marginal_greedy,Worst,315
set_66_1_120.txt,marginal_greedy,Average,752.267
set_66_1_120.txt,marginal_greedy,RouteDiversity,0.9756247304418314
set_66_1_120.txt,marginal_greedy,LocalRouteDiversity,0.8484971106839617
set_66_1_120.txt,marginal_lazy,Median,1340
set_66_1_120.txt,marginal_lazy,Q1,1340
set_66_1_120.txt,marginal_lazy,Q3,1340
set_66_1_120.txt,marginal_lazy,Best,1340
set_66_1_120.txt,marginal_lazy,Worst,1340
set_66_1_120.txt,marginal_lazy,Average,1340
set_66_1_120.txt,marginal_lazy,RouteDiversity,0.4910728135551495
set_66_1_120.txt,marginal_lazy,LocalRouteDiversity,0
set_66_1_120.txt,marginal_smart,Median,1605
set_66_1_120.txt,marginal_smart,Q1,1600
set_66_1_120.txt,marginal_smart,Q3,1605
set_66_1_120.txt,marginal_smart,Best,1605
set_66_1_120.txt,marginal_smart,Worst,1600
set_66_1_120.txt,marginal_smart,Average,1602.593
set_66_1_120.txt,marginal_smart,RouteDiversity,0.6137128132573253
set_66_1_120.txt,marginal_smart,LocalRouteDiversity,0
set_66_1_120.txt,marginal_wise,Median,1615
set_66_1_120.txt,marginal_wise,Q1,1615
set_66_1_120.txt,marginal_wise,Q3,1615
set_66_1_120.txt,marginal_wise,Best,1615
set_66_1_120.txt,marginal_wise,Worst,1615
set_66_1_120.txt,marginal_wise,Average,1615
set_66_1_120.txt,marginal_wise,RouteDiversity,0.5001081081081081
set_66_1_120.txt,marginal_wise,LocalRouteDiversity,0
set_66_1_120.txt,marginal_envy,Median,1605
set_66_1_120.txt,marginal_envy,Q1,1595
set_66_1_120.txt,marginal_envy,Q3,1605
set_66_1_120.txt,marginal_envy,Best,1605
set_66_1_120.txt,marginal_envy,Worst,1595
set_66_1_120.txt,marginal_envy,Average,1600.002
set_66_1_120.txt,marginal_envy,RouteDiversity,0.6189609609606193
set_66_1_120.txt,marginal_envy,LocalRouteDiversity,0
set_66_1_120.txt,total_greedy,Median,755
set_66_1_120.txt,total_greedy,Q1,670
set_66_1_120.txt,total_greedy,Q3,840
set_66_1_120.txt,total_greedy,Best,1190
set_66_1_120.txt,total_greedy,Worst,315
set_66_1_120.txt,total_greedy,Average,756.502
set_66_1_120.txt,total_greedy,RouteDiversity,0.9752395555189042
set_66_1_120.txt,total_greedy,LocalRouteDiversity,0.8494778121693948
set_66_1_120.txt,total_lazy,Median,1375
set_66_1_120.txt,total_lazy,Q1,1375
set_66_1_120.txt,total_lazy,Q3,1375
set_66_1_120.txt,total_lazy,Best,1375
set_66_1_120.txt,total_lazy,Worst,1375
set_66_1_120.txt,total_lazy,Average,1375
set_66_1_120.txt,total_lazy,RouteDiversity,0.4913926289903776
set_66_1_120.txt,total_lazy,LocalRouteDiversity,0
set_66_1_120.txt,total_smart,Median,1590
set_66_1_120.txt,total_smart,Q1,1590
set_66_1_120.txt,total_smart,Q3,1590
set_66_1_120.txt,total_smart,Best,1590
set_66_1_120.txt,total_smart,Worst,1590
set_66_1_120.txt,total_smart,Average,1590
set_66_1_120.txt,total_smart,RouteDiversity,0.5848313665766925
set_66_1_120.txt,total_smart,LocalRouteDiversity,0
set_66_1_120.txt,total_wise,Median,1605
set_66_1_120.txt,total_wise,Q1,1605
set_66_1_120.txt,total_wise,Q3,1605
set_66_1_120.txt,total_wise,Best,1605
set_66_1_120.txt,total_wise,Worst,1605
set_66_1_120.txt,total_wise,Average,1605
set_66_1_120.txt,total_wise,RouteDiversity,0.49804804804804803
set_66_1_120.txt,total_wise,LocalRouteDiversity,0
set_66_1_120.txt,total_envy,Median,1605
set_66_1_120.txt,total_envy,Q1,1605
set_66_1_120.txt,total_envy,Q3,1605
set_66_1_120.txt,total_envy,Best,1605
set_66_1_120.txt,total_envy,Worst,1605
set_66_1_120.txt,total_envy,Average,1605
set_66_1_120.txt,total_envy,RouteDiversity,0.6053331262585706
set_66_1_120.txt,total_envy,LocalRouteDiversity,0
set_66_1_120.txt,selected_random,Median,1605
set_66_1_120.txt,selected_random,Q1,1605
set_66_1_120.txt,selected_random,Q3,1615
set_66_1_120.txt,selected_random,Best,1615
set_66_1_120.txt,selected_random,Worst,1585
set_66_1_120.txt,selected_random,Average,1607.763
set_66_1_120.txt,selected_random,RouteDiversity,0.6613390298197063
set_66_1_120.txt,selected_random,LocalRouteDiversity,0.011067804928147068
set_66_1_120.txt,selected_random_random_tie,Median,1615
set_66_1_120.txt,selected_random_random_tie,Q1,1610
set_66_1_120.txt,selected_random_random_tie,Q3,1615
set_66_1_120.txt,selected_random_random_tie,Best,1625
set_66_1_120.txt,selected_random_random_tie,Worst,1585
set_66_1_120.txt,selected_random_random_tie,Average,1611.825
set_66_1_120.txt,selected_random_random_tie,RouteDiversity,0.7186274339302028
set_66_1_120.txt,selected_random_random_tie,LocalRouteDiversity,0.23906996922802937
set_66_1_120.txt,selected_random_tie_marginal_envy,Median,1615
set_66_1_120.txt,selected_random_tie_marginal_envy,Q1,1610
set_66_1_120.txt,selected_random_tie_marginal_envy,Q3,1615
set_66_1_120.txt,selected_random_tie_marginal_envy,Best,1625
set_66_1_120.txt,selected_random_tie_marginal_envy,Worst,1585
set_66_1_120.txt,selected_random_tie_marginal_envy,Average,1611.561
set_66_1_120.txt,selected_random_tie_marginal_envy,RouteDiversity,0.7189765722382353
set_66_1_120.txt,selected_random_tie_marginal_envy,LocalRouteDiversity,0.23932910063764792
set_66_1_120.txt,selected_random_tie_total_envy,Median,1615
set_66_1_120.txt,selected_random_tie_total_envy,Q1,1610
set_66_1_120.txt,selected_random_tie_total_envy,Q3,1615
set_66_1_120.txt,selected_random_tie_total_envy,Best,1625
set_66_1_120.txt,selected_random_tie_total_envy,Worst,1585
set_66_1_120.txt,selected_random_tie_total_envy,Average,1611.825
set_66_1_120.txt,selected_random_tie_total_envy,RouteDiversity,0.7182863682041926
set_66_1_120.txt,selected_random_tie_total_envy,LocalRouteDiversity,0.23240432369095076
set_66_1_120.txt,selected_random_tie_marginal_wise,Median,1615
set_66_1_120.txt,selected_random_tie_marginal_wise,Q1,1610
set_66_1_120.txt,selected_random_tie_marginal_wise,Q3,1615
set_66_1_120.txt,selected_random_tie_marginal_wise,Best,1625
set_66_1_120.txt,selected_random_tie_marginal_wise,Worst,1585
set_66_1_120.txt,selected_random_tie_marginal_wise,Average,1611.661
set_66_1_120.txt,selected_random_tie_marginal_wise,RouteDiversity,0.7183233637293259
set_66_1_120.txt,selected_random_tie_marginal_wise,LocalRouteDiversity,0.23855118788627344
tsiligirides_problem_3_budget_070.txt,marginal_greedy,Median,400
tsiligirides_problem_3_budget_070.txt,marginal_greedy,Q1,390
tsiligirides_problem_3_budget_070.txt,marginal_greedy,Q3,430
tsiligirides_problem_3_budget_070.txt,marginal_greedy,Best,560
tsiligirides_problem_3_budget_070.txt,marginal_greedy,Worst,240
tsiligirides_problem_3_budget_070.txt,marginal_greedy,Average,398.804
tsiligirides_problem_3_budget_070.txt,marginal_greedy,RouteDiversity,0.9052990320927158
tsiligirides_problem_3_budget_070.txt,marginal_greedy,LocalRouteDiversity,0.08527343649944917
tsiligirides_problem_3_budget_070.txt,marginal_lazy,Median,580
tsiligirides_problem_3_budget_070.txt,marginal_lazy,Q1,580
tsiligirides_problem_3_budget_070.txt,marginal_lazy,Q3,580
tsiligirides_problem_3_budget_070.txt,marginal_lazy,Best,580
tsiligirides_problem_3_budget_070.txt,marginal_lazy,Worst,580
tsiligirides_problem_3_budget_070.txt,marginal_lazy,Average,580
tsiligirides_problem_3_budget_070.txt,marginal_lazy,RouteDiversity,0
tsiligirides_problem_3_budget_070.txt,marginal_lazy,LocalRouteDiversity,0
tsiligirides_problem_3_budget_070.txt,marginal_smart,Median,600
tsiligirides_problem_3_budget_070.txt,marginal_smart,Q1,600
tsiligirides_problem_3_budget_070.txt,marginal_smart,Q3,600
tsiligirides_problem_3_budget_070.txt,marginal_smart,Best,600
tsiligirides_problem_3_budget_070.txt,marginal_smart,Worst,600
tsiligirides_problem_3_budget_070.txt,marginal_smart,Average,600
tsiligirides_problem_3_budget_070.txt,marginal_smart,RouteDiversity,0
tsiligirides_problem_3_budget_070.txt,marginal_smart,LocalRouteDiversity,0
tsiligirides_problem_3_budget_070.txt,marginal_wise,Median,620
tsiligirides_problem_3_budget_070.txt,marginal_wise,Q1,620
tsiligirides_problem_3_budget_070.txt,marginal_wise,Q3,620
tsiligirides_problem_3_budget_070.txt,marginal_wise,Best,620
tsiligirides_problem_3_budget_070.txt,marginal_wise,Worst,620
tsiligirides_problem_3_budget_070.txt,marginal_wise,Average,620
tsiligirides_problem_3_budget_070.txt,marginal_wise,RouteDiversity,0
tsiligirides_problem_3_budget_070.txt,marginal_wise,LocalRouteDiversity,0
tsiligirides_problem_3_budget_070.txt,marginal_envy,Median,590
tsiligirides_problem_3_budget_070.txt,marginal_envy,Q1,590
tsiligirides_problem_3_budget_070.txt,marginal_envy,Q3,590
tsiligirides_problem_3_budget_070.txt,marginal_envy,Best,590
tsiligirides_problem_3_budget_070.txt,marginal_envy,Worst,590
tsiligirides_problem_3_budget_070.txt,marginal_envy,Average,590
tsiligirides_problem_3_budget_070.txt,marginal_envy,RouteDiversity,0
tsiligirides_problem_3_budget_070.txt,marginal_envy,LocalRouteDiversity,0
tsiligirides_problem_3_budget_070.txt,total_greedy,Median,400
tsiligirides_problem_3_budget_070.txt,total_greedy,Q1,390
tsiligirides_problem_3_budget_070.txt,total_greedy,Q3,430
tsiligirides_problem_3_budget_070.txt,total_greedy,Best,560
tsiligirides_problem_3_budget_070.txt,total_greedy,Worst,240
tsiligirides_problem_3_budget_070.txt,total_greedy,Average,398.332
tsiligirides_problem_3_budget_070.txt,total_greedy,RouteDiversity,0.9054661162545316
tsiligirides_problem_3_budget_070.txt,total_greedy,LocalRouteDiversity,0.08767720207447376
tsiligirides_problem_3_budget_070.txt,total_lazy,Median,580
tsiligirides_problem_3_budget_070.txt,total_lazy,Q1,580
tsiligirides_problem_3_budget_070.txt,total_lazy,Q3,580
tsiligirides_problem_3_budget_070.txt,total_lazy,Best,580
tsiligirides_problem_3_budget_070.txt,total_lazy,Worst,580
tsiligirides_problem_3_budget_070.txt,total_lazy,Average,580
tsiligirides_problem_3_budget_070.txt,total_lazy,RouteDiversity,0
tsiligirides_problem_3_budget_070.txt,total_lazy,LocalRouteDiversity,0
tsiligirides_problem_3_budget_070.txt,total_smart,Median,570
tsiligirides_problem_3_budget_070.txt,total_smart,Q1,570
tsiligirides_problem_3_budget_070.txt,total_smart,Q3,570
tsiligirides_problem_3_budget_070.txt,total_smart,Best,570
tsiligirides_problem_3_budget_070.txt,total_smart,Worst,570
tsiligirides_problem_3_budget_070.txt,total_smart,Average,570
tsiligirides_problem_3_budget_070.txt,total_smart,RouteDiversity,0
tsiligirides_problem_3_budget_070.txt,total_smart,LocalRouteDiversity,0
tsiligirides_problem_3_budget_070.txt,total_wise,Median,570
tsiligirides_problem_3_budget_070.txt,total_wise,Q1,570
tsiligirides_problem_3_budget_070.txt,total_wise,Q3,570
tsiligirides_problem_3_budget_070.txt,total_wise,Best,570
tsiligirides_problem_3_budget_070.txt,total_wise,Worst,570
tsiligirides_problem_3_budget_070.txt,total_wise,Average,570
tsiligirides_problem_3_budget_070.txt,total_wise,RouteDiversity,0
tsiligirides_problem_3_budget_070.txt,total_wise,LocalRouteDiversity,0
tsiligirides_problem_3_budget_070.txt,total_envy,Median,590
tsiligirides_problem_3_budget_070.txt,total_envy,Q1,590
tsiligirides_problem_3_budget_070.txt,total_envy,Q3,590
tsiligirides_problem_3_budget_070.txt,total_envy,Best,590
tsiligirides_problem_3_budget_070.txt,total_envy,Worst,590
tsiligirides_problem_3_budget_070.txt,total_envy,Average,590
tsiligirides_problem_3_budget_070.txt,total_envy,RouteDiversity,0
tsiligirides_problem_3_budget_070.txt,total_envy,LocalRouteDiversity,0
tsiligirides_problem_3_budget_070.txt,selected_random,Median,590
tsiligirides_problem_3_budget_070.txt,selected_random,Q1,580
tsiligirides_problem_3_budget_070.txt,selected_random,Q3,590
tsiligirides_problem_3_budget_070.txt,selected_random,Best,620
tsiligirides_problem_3_budget_070.txt,selected_random,Worst,540
tsiligirides_problem_3_budget_070.txt,selected_random,Average,584.264
tsiligirides_problem_3_budget_070.txt,selected_random,RouteDiversity,0.6714202688014197
tsiligirides_problem_3_budget_070.txt,selected_random,LocalRouteDiversity,0.015164351960999894
tsiligirides_problem_3_budget_070.txt,selected_random_random_tie,Median,590
tsiligirides_problem_3_budget_070.txt,selected_random_random_tie,Q1,580
tsiligirides_problem_3_budget_070.txt,selected_random_random_tie,Q3,590
tsiligirides_problem_3_budget_070.txt,selected_random_random_tie,Best,620
tsiligirides_problem_3_budget_070.txt,selected_random_random_tie,Worst,540
tsiligirides_problem_3_budget_070.txt,selected_random_random_tie,Average,584.372
tsiligirides_problem_3_budget_070.txt,selected_random_random_tie,RouteDiversity,0.6846074901484858
tsiligirides_problem_3_budget_070.txt,selected_random_random_tie,LocalRouteDiversity,0.015228930217878764
tsiligirides_problem_3_budget_070.txt,selected_random_tie_marginal_envy,Median,590
tsiligirides_problem_3_budget_070.txt,selected_random_tie_marginal_envy,Q1,580
tsiligirides_problem_3_budget_070.txt,selected_random_tie_marginal_envy,Q3,590
tsiligirides_problem_3_budget_070.txt,selected_random_tie_marginal_envy,Best,620
tsiligirides_problem_3_budget_070.txt,selected_random_tie_marginal_envy,Worst,540
tsiligirides_problem_3_budget_070.txt,selected_random_tie_marginal_envy,Average,584.402
tsiligirides_problem_3_budget_070.txt,selected_random_tie_marginal_envy,RouteDiversity,0.6700999321254597
tsiligirides_problem_3_budget_070.txt,selected_random_tie_marginal_envy,LocalRouteDiversity,0.01630952791653154
tsiligirides_problem_3_budget_070.txt,selected_random_tie_total_envy,Median,590
tsiligirides_problem_3_budget_070.txt,selected_random_tie_total_envy,Q1,580
tsiligirides_problem_3_budget_070.txt,selected_random_tie_total_envy,Q3,600
tsiligirides_problem_3_budget_070.txt,selected_random_tie_total_envy,Best,620
tsiligirides_problem_3_budget_070.txt,selected_random_tie_total_envy,Worst,540
tsiligirides_problem_3_budget_070.txt,selected_random_tie_total_envy,Average,584.57
tsiligirides_problem_3_budget_070.txt,selected_random_tie_total_envy,RouteDiversity,0.6661559998325853
tsiligirides_problem_3_budget_070.txt,selected_random_tie_total_envy,LocalRouteDiversity,0.01618346415521609
tsiligirides_problem_3_budget_070.txt,selected_random_tie_marginal_wise,Median,590
tsiligirides_problem_3_budget_070.txt,selected_random_tie_marginal_wise,Q1,580
tsiligirides_problem_3_budget_070.txt,selected_random_tie_marginal_wise,Q3,590
tsiligirides_problem_3_budget_070.txt,selected_random_tie_marginal_wise,Best,620
tsiligirides_problem_3_budget_070.txt,selected_random_tie_marginal_wise,Worst,540
tsiligirides_problem_3_budget_070.txt,selected_random_tie_marginal_wise,Average,584.234
tsiligirides_problem_3_budget_070.txt,selected_random_tie_marginal_wise,RouteDiversity,0.6718444368793899
tsiligirides_problem_3_budget_070.txt,selected_random_tie_marginal_wise,LocalRouteDiversity,0.015313192006413635
tsiligirides_problem_1_budget_20.txt,marginal_greedy,Median,40
tsiligirides_problem_1_budget_20.txt,marginal_greedy,Q1,30
tsiligirides_problem_1_budget_20.txt,marginal_greedy,Q3,50
tsiligirides_problem_1_budget_20.txt,marginal_greedy,Best,65
tsiligirides_problem_1_budget_20.txt,marginal_greedy,Worst,25
tsiligirides_problem_1_budget_20.txt,marginal_greedy,Average,38.515
tsiligirides_problem_1_budget_20.txt,marginal_greedy,RouteDiversity,0.8299047630495816
tsiligirides_problem_1_budget_20.txt,marginal_greedy,LocalRouteDiversity,0.00135
tsiligirides_problem_1_budget_20.txt,marginal_lazy,Median,35
tsiligirides_problem_1_budget_20.txt,marginal_lazy,Q1,35
tsiligirides_problem_1_budget_20.txt,marginal_lazy,Q3,35
tsiligirides_problem_1_budget_20.txt,marginal_lazy,Best,35
tsiligirides_problem_1_budget_20.txt,marginal_lazy,Worst,35
tsiligirides_problem_1_budget_20.txt,marginal_lazy,Average,35
tsiligirides_problem_1_budget_20.txt,marginal_lazy,RouteDiversity,0
tsiligirides_problem_1_budget_20.txt,marginal_lazy,LocalRouteDiversity,0
tsiligirides_problem_1_budget_20.txt,marginal_smart,Median,35
tsiligirides_problem_1_budget_20.txt,marginal_smart,Q1,35
tsiligirides_problem_1_budget_20.txt,marginal_smart,Q3,35
tsiligirides_problem_1_budget_20.txt,marginal_smart,Best,35
tsiligirides_problem_1_budget_20.txt,marginal_smart,Worst,35
tsiligirides_problem_1_budget_20.txt,marginal_smart,Average,35
tsiligirides_problem_1_budget_20.txt,marginal_smart,RouteDiversity,0
tsiligirides_problem_1_budget_20.txt,marginal_smart,LocalRouteDiversity,0
tsiligirides_problem_1_budget_20.txt,marginal_wise,Median,35
tsiligirides_problem_1_budget_20.txt,marginal_wise,Q1,35
tsiligirides_problem_1_budget_20.txt,marginal_wise,Q3,35
tsiligirides_problem_1_budget_20.txt,marginal_wise,Best,35
tsiligirides_problem_1_budget_20.txt,marginal_wise,Worst,35
tsiligirides_problem_1_budget_20.txt,marginal_wise,Average,35
tsiligirides_problem_1_budget_20.txt,marginal_wise,RouteDiversity,0
tsiligirides_problem_1_budget_20.txt,marginal_wise,LocalRouteDiversity,0
tsiligirides_problem_1_budget_20.txt,marginal_envy,Median,55
tsiligirides_problem_1_budget_20.txt,marginal_envy,Q1,55
tsiligirides_problem_1_budget_20.txt,marginal_envy,Q3,55
tsiligirides_problem_1_budget_20.txt,marginal_envy,Best,55
tsiligirides_problem_1_budget_20.txt,marginal_envy,Worst,55
tsiligirides_problem_1_budget_20.txt,marginal_envy,Average,55
tsiligirides_problem_1_budget_20.txt,marginal_envy,RouteDiversity,0
tsiligirides_problem_1_budget_20.txt,marginal_envy,LocalRouteDiversity,0
tsiligirides_problem_1_budget_20.txt,total_greedy,Median,40
tsiligirides_problem_1_budget_20.txt,total_greedy,Q1,30
tsiligirides_problem_1_budget_20.txt,total_greedy,Q3,50
tsiligirides_problem_1_budget_20.txt,total_greedy,Best,65
tsiligirides_problem_1_budget_20.txt,total_greedy,Worst,25
tsiligirides_problem_1_budget_20.txt,total_greedy,Average,38.225
tsiligirides_problem_1_budget_20.txt,total_greedy,RouteDiversity,0.8226710875548124
tsiligirides_problem_1_budget_20.txt,total_greedy,LocalRouteDiversity,0.00135
tsiligirides_problem_1_budget_20.txt,total_lazy,Median,35
tsiligirides_problem_1_budget_20.txt,total_lazy,Q1,35
tsiligirides_problem_1_budget_20.txt,total_lazy,Q3,35
tsiligirides_problem_1_budget_20.txt,total_lazy,Best,35
tsiligirides_problem_1_budget_20.txt,total_lazy,Worst,35
tsiligirides_problem_1_budget_20.txt,total_lazy,Average,35
tsiligirides_problem_1_budget_20.txt,total_lazy,RouteDiversity,0
tsiligirides_problem_1_budget_20.txt,total_lazy,LocalRouteDiversity,0
tsiligirides_problem_1_budget_20.txt,total_smart,Median,35
tsiligirides_problem_1_budget_20.txt,total_smart,Q1,35
tsiligirides_problem_1_budget_20.txt,total_smart,Q3,35
tsiligirides_problem_1_budget_20.txt,total_smart,Best,35
tsiligirides_problem_1_budget_20.txt,total_smart,Worst,35
tsiligirides_problem_1_budget_20.txt,total_smart,Average,35
tsiligirides_problem_1_budget_20.txt,total_smart,RouteDiversity,0
tsiligirides_problem_1_budget_20.txt,total_smart,LocalRouteDiversity,0
tsiligirides_problem_1_budget_20.txt,total_wise,Median,35
tsiligirides_problem_1_budget_20.txt,total_wise,Q1,35
tsiligirides_problem_1_budget_20.txt,total_wise,Q3,35
tsiligirides_problem_1_budget_20.txt,total_wise,Best,35
tsiligirides_problem_1_budget_20.txt,total_wise,Worst,35
tsiligirides_problem_1_budget_20.txt,total_wise,Average,35
tsiligirides_problem_1_budget_20.txt,total_wise,RouteDiversity,0
tsiligirides_problem_1_budget_20.txt,total_wise,LocalRouteDiversity,0
tsiligirides_problem_1_budget_20.txt,total_envy,Median,55
tsiligirides_problem_1_budget_20.txt,total_envy,Q1,55
tsiligirides_problem_1_budget_20.txt,total_envy,Q3,55
tsiligirides_problem_1_budget_20.txt,total_envy,Best,55
tsiligirides_problem_1_budget_20.txt,total_envy,Worst,55
tsiligirides_problem_1_budget_20.txt,total_envy,Average,55
tsiligirides_problem_1_budget_20.txt,total_envy,RouteDiversity,0
tsiligirides_problem_1_budget_20.txt,total_envy,LocalRouteDiversity,0
tsiligirides_problem_1_budget_20.txt,selected_random,Median,55
tsiligirides_problem_1_budget_20.txt,selected_random,Q1,40
tsiligirides_problem_1_budget_20.txt,selected_random,Q3,55
tsiligirides_problem_1_budget_20.txt,selected_random,Best,60
tsiligirides_problem_1_budget_20.txt,selected_random,Worst,35
tsiligirides_problem_1_budget_20.txt,selected_random,Average,50.903
tsiligirides_problem_1_budget_20.txt,selected_random,RouteDiversity,0.6775540804982071
tsiligirides_problem_1_budget_20.txt,selected_random,LocalRouteDiversity,0
tsiligirides_problem_1_budget_20.txt,selected_random_random_tie,Median,55
tsiligirides_problem_1_budget_20.txt,selected_random_random_tie,Q1,40
tsiligirides_problem_1_budget_20.txt,selected_random_random_tie,Q3,55
tsiligirides_problem_1_budget_20.txt,selected_random_random_tie,Best,60
tsiligirides_problem_1_budget_20.txt,selected_random_random_tie,Worst,35
tsiligirides_problem_1_budget_20.txt,selected_random_random_tie,Average,50.984
tsiligirides_problem_1_budget_20.txt,selected_random_random_tie,RouteDiversity,0.6828579706354865
tsiligirides_problem_1_budget_20.txt,selected_random_random_tie,LocalRouteDiversity,0
tsiligirides_problem_1_budget_20.txt,selected_random_tie_marginal_envy,Median,55
tsiligirides_problem_1_budget_20.txt,selected_random_tie_marginal_envy,Q1,40
tsiligirides_problem_1_budget_20.txt,selected_random_tie_marginal_envy,Q3,55
tsiligirides_problem_1_budget_20.txt,selected_random_tie_marginal_envy,Best,60
tsiligirides_problem_1_budget_20.txt,selected_random_tie_marginal_envy,Worst,35
tsiligirides_problem_1_budget_20.txt,selected_random_tie_marginal_envy,Average,50.903
tsiligirides_problem_1_budget_20.txt,selected_random_tie_marginal_envy,RouteDiversity,0.6813426760091064
tsiligirides_problem_1_budget_20.txt,selected_random_tie_marginal_envy,LocalRouteDiversity,0
tsiligirides_problem_1_budget_20.txt,selected_random_tie_total_envy,Median,55
tsiligirides_problem_1_budget_20.txt,selected_random_tie_total_envy,Q1,40
tsiligirides_problem_1_budget_20.txt,selected_random_tie_total_envy,Q3,55
tsiligirides_problem_1_budget_20.txt,selected_random_tie_total_envy,Best,60
tsiligirides_problem_1_budget_20.txt,selected_random_tie_total_envy,Worst,35
tsiligirides_problem_1_budget_20.txt,selected_random_tie_total_envy,Average,50.729
tsiligirides_problem_1_budget_20.txt,selected_random_tie_total_envy,RouteDiversity,0.6852692404911767
tsiligirides_problem_1_budget_20.txt,selected_random_tie_total_envy,LocalRouteDiversity,0
tsiligirides_problem_1_budget_20.txt,selected_random_tie_marginal_wise,Median,55
tsiligirides_problem_1_budget_20.txt,selected_random_tie_marginal_wise,Q1,40
tsiligirides_problem_1_budget_20.txt,selected_random_tie_marginal_wise,Q3,55
tsiligirides_problem_1_budget_20.txt,selected_random_tie_marginal_wise,Best,60
tsiligirides_problem_1_budget_20.txt,selected_random_tie_marginal_wise,Worst,35
tsiligirides_problem_1_budget_20.txt,selected_random_tie_marginal_wise,Average,50.975
tsiligirides_problem_1_budget_20.txt,selected_random_tie_marginal_wise,RouteDiversity,0.6815286965284721
tsiligirides_problem_1_budget_20.txt,selected_random_tie_marginal_wise,LocalRouteDiversity,0
set_64_1_25.txt,marginal_greedy,Median,330
set_64_1_25.txt,marginal_greedy,Q1,288
set_64_1_25.txt,marginal_greedy,Q3,360
set_64_1_25.txt,marginal_greedy,Best,360
set_64_1_25.txt,marginal_greedy,Worst,210
set_64_1_25.txt,marginal_greedy,Average,319.848
set_64_1_25.txt,marginal_greedy,RouteDiversity,0.8313874241264089
set_64_1_25.txt,marginal_greedy,LocalRouteDiversity,0.02806979237308954
set_64_1_25.txt,marginal_lazy,Median,186
set_64_1_25.txt,marginal_lazy,Q1,186
set_64_1_25.txt,marginal_lazy,Q3,198
set_64_1_25.txt,marginal_lazy,Best,198
set_64_1_25.txt,marginal_lazy,Worst,186
set_64_1_25.txt,marginal_lazy,Average,191.9976
set_64_1_25.txt,marginal_lazy,RouteDiversity,0.6626365442870616
set_64_1_25.txt,marginal_lazy,LocalRouteDiversity,0.007899415204678363
set_64_1_25.txt,marginal_smart,Median,264
set_64_1_25.txt,marginal_smart,Q1,252
set_64_1_25.txt,marginal_smart,Q3,264
set_64_1_25.txt,marginal_smart,Best,264
set_64_1_25.txt,marginal_smart,Worst,252
set_64_1_25.txt,marginal_smart,Average,258.1296
set_64_1_25.txt,marginal_smart,RouteDiversity,0.6947567484652027
set_64_1_25.txt,marginal_smart,LocalRouteDiversity,0
set_64_1_25.txt,marginal_wise,Median,246
set_64_1_25.txt,marginal_wise,Q1,234
set_64_1_25.txt,marginal_wise,Q3,246
set_64_1_25.txt,marginal_wise,Best,246
set_64_1_25.txt,marginal_wise,Worst,234
set_64_1_25.txt,marginal_wise,Average,240.0648
set_64_1_25.txt,marginal_wise,RouteDiversity,0.6920075593981327
set_64_1_25.txt,marginal_wise,LocalRouteDiversity,0.005936842105263166
set_64_1_25.txt,marginal_envy,Median,264
set_64_1_25.txt,marginal_envy,Q1,264
set_64_1_25.txt,marginal_envy,Q3,288
set_64_1_25.txt,marginal_envy,Best,288
set_64_1_25.txt,marginal_envy,Worst,264
set_64_1_25.txt,marginal_envy,Average,275.9904
set_64_1_25.txt,marginal_envy,RouteDiversity,0.518113602133797
set_64_1_25.txt,marginal_envy,LocalRouteDiversity,0
set_64_1_25.txt,total_greedy,Median,330
set_64_1_25.txt,total_greedy,Q1,288
set_64_1_25.txt,total_greedy,Q3,360
set_64_1_25.txt,total_greedy,Best,360
set_64_1_25.txt,total_greedy,Worst,210
set_64_1_25.txt,total_greedy,Average,319.4016
set_64_1_25.txt,total_greedy,RouteDiversity,0.8393462573869942
set_64_1_25.txt,total_greedy,LocalRouteDiversity,0.02770387095188949
set_64_1_25.txt,total_lazy,Median,186
set_64_1_25.txt,total_lazy,Q1,186
set_64_1_25.txt,total_lazy,Q3,198
set_64_1_25.txt,total_lazy,Best,198
set_64_1_25.txt,total_lazy,Worst,186
set_64_1_25.txt,total_lazy,Average,191.916
set_64_1_25.txt,total_lazy,RouteDiversity,0.6629595191277355
set_64_1_25.txt,total_lazy,LocalRouteDiversity,0.006849122807017542
set_64_1_25.txt,total_smart,Median,390
set_64_1_25.txt,total_smart,Q1,390
set_64_1_25.txt,total_smart,Q3,390
set_64_1_25.txt,total_smart,Best,390
set_64_1_25.txt,total_smart,Worst,390
set_64_1_25.txt,total_smart,Average,390
set_64_1_25.txt,total_smart,RouteDiversity,0.5528346240971184
set_64_1_25.txt,total_smart,LocalRouteDiversity,0
set_64_1_25.txt,total_wise,Median,300
set_64_1_25.txt,total_wise,Q1,294
set_64_1_25.txt,total_wise,Q3,300
set_64_1_25.txt,total_wise,Best,306
set_64_1_25.txt,total_wise,Worst,294
set_64_1_25.txt,total_wise,Average,299.9724
set_64_1_25.txt,total_wise,RouteDiversity,0.6304431508175448
set_64_1_25.txt,total_wise,LocalRouteDiversity,0
set_64_1_25.txt,total_envy,Median,384
set_64_1_25.txt,total_envy,Q1,384
set_64_1_25.txt,total_envy,Q3,384
set_64_1_25.txt,total_envy,Best,384
set_64_1_25.txt,total_envy,Worst,384
set_64_1_25.txt,total_envy,Average,384
set_64_1_25.txt,total_envy,RouteDiversity,0.6169954317951585
set_64_1_25.txt,total_envy,LocalRouteDiversity,0
set_64_1_25.txt,selected_random,Median,360
set_64_1_25.txt,selected_random,Q1,294
set_64_1_25.txt,selected_random,Q3,390
set_64_1_25.txt,selected_random,Best,390
set_64_1_25.txt,selected_random,Worst,198
set_64_1_25.txt,selected_random,Average,344.814
set_64_1_25.txt,selected_random,RouteDiversity,0.8423054264934475
set_64_1_25.txt,selected_random,LocalRouteDiversity,0.09040179446455038
set_64_1_25.txt,selected_random_random_tie,Median,360
set_64_1_25.txt,selected_random_random_tie,Q1,294
set_64_1_25.txt,selected_random_random_tie,Q3,372
set_64_1_25.txt,selected_random_random_tie,Best,390
set_64_1_25.txt,selected_random_random_tie,Worst,198
set_64_1_25.txt,selected_random_random_tie,Average,336.3888
set_64_1_25.txt,selected_random_random_tie,RouteDiversity,0.8743861841183493
set_64_1_25.txt,selected_random_random_tie,LocalRouteDiversity,0.15097232831385457
set_64_1_25.txt,selected_random_tie_marginal_envy,Median,360
set_64_1_25.txt,selected_random_tie_marginal_envy,Q1,294
set_64_1_25.txt,selected_random_tie_marginal_envy,Q3,372
set_64_1_25.txt,selected_random_tie_marginal_envy,Best,390
set_64_1_25.txt,selected_random_tie_marginal_envy,Worst,198
set_64_1_25.txt,selected_random_tie_marginal_envy,Average,337.7964
set_64_1_25.txt,selected_random_tie_marginal_envy,RouteDiversity,0.8742127414124915
set_64_1_25.txt,selected_random_tie_marginal_envy,LocalRouteDiversity,0.15733544177189562
set_64_1_25.txt,selected_random_tie_total_envy,Median,360
set_64_1_25.txt,selected_random_tie_total_envy,Q1,264
set_64_1_25.txt,selected_random_tie_total_envy,Q3,366
set_64_1_25.txt,selected_random_tie_total_envy,Best,390
set_64_1_25.txt,selected_random_tie_total_envy,Worst,216
set_64_1_25.txt,selected_random_tie_total_envy,Average,322.212
set_64_1_25.txt,selected_random_tie_total_envy,RouteDiversity,0.8717641425014592
set_64_1_25.txt,selected_random_tie_total_envy,LocalRouteDiversity,0.10623282526610266
set_64_1_25.txt,selected_random_tie_marginal_wise,Median,360
set_64_1_25.txt,selected_random_tie_marginal_wise,Q1,294
set_64_1_25.txt,selected_random_tie_marginal_wise,Q3,378
set_64_1_25.txt,selected_random_tie_marginal_wise,Best,390
set_64_1_25.txt,selected_random_tie_marginal_wise,Worst,198
set_64_1_25.txt,selected_random_tie_marginal_wise,Average,336.9132
set_64_1_25.txt,selected_random_tie_marginal_wise,RouteDiversity,0.8743716850111639
set_64_1_25.txt,selected_random_tie_marginal_wise,LocalRouteDiversity,0.15299833500487964
tsiligirides_problem_3_budget_065.txt,marginal_greedy,Median,390
tsiligirides_problem_3_budget_065.txt,marginal_greedy,Q1,380
tsiligirides_problem_3_budget_065.txt,marginal_greedy,Q3,410
tsiligirides_problem_3_budget_065.txt,marginal_greedy,Best,520
tsiligirides_problem_3_budget_065.txt,marginal_greedy,Worst,350
tsiligirides_problem_3_budget_065.txt,marginal_greedy,Average,397.922
tsiligirides_problem_3_budget_065.txt,marginal_greedy,RouteDiversity,0.8680600729590687
tsiligirides_problem_3_budget_065.txt,marginal_greedy,LocalRouteDiversity,0.05543978208891214
tsiligirides_problem_3_budget_065.txt,marginal_lazy,Median,570
tsiligirides_problem_3_budget_065.txt,marginal_lazy,Q1,570
tsiligirides_problem_3_budget_065.txt,marginal_lazy,Q3,570
tsiligirides_problem_3_budget_065.txt,marginal_lazy,Best,570
tsiligirides_problem_3_budget_065.txt,marginal_lazy,Worst,570
tsiligirides_problem_3_budget_065.txt,marginal_lazy,Average,570
tsiligirides_problem_3_budget_065.txt,marginal_lazy,RouteDiversity,0
tsiligirides_problem_3_budget_065.txt,marginal_lazy,LocalRouteDiversity,0
tsiligirides_problem_3_budget_065.txt,marginal_smart,Median,550
tsiligirides_problem_3_budget_065.txt,marginal_smart,Q1,550
tsiligirides_problem_3_budget_065.txt,marginal_smart,Q3,550
tsiligirides_problem_3_budget_065.txt,marginal_smart,Best,550
tsiligirides_problem_3_budget_065.txt,marginal_smart,Worst,550
tsiligirides_problem_3_budget_065.txt,marginal_smart,Average,550
tsiligirides_problem_3_budget_065.txt,marginal_smart,RouteDiversity,0
tsiligirides_problem_3_budget_065.txt,marginal_smart,LocalRouteDiversity,0
tsiligirides_problem_3_budget_065.txt,marginal_wise,Median,570
tsiligirides_problem_3_budget_065.txt,marginal_wise,Q1,570
tsiligirides_problem_3_budget_065.txt,marginal_wise,Q3,570
tsiligirides_problem_3_budget_065.txt,marginal_wise,Best,570
tsiligirides_problem_3_budget_065.txt,marginal_wise,Worst,570
tsiligirides_problem_3_budget_065.txt,marginal_wise,Average,570
tsiligirides_problem_3_budget_065.txt,marginal_wise,RouteDiversity,0
tsiligirides_problem_3_budget_065.txt,marginal_wise,LocalRouteDiversity,0
tsiligirides_problem_3_budget_065.txt,marginal_envy,Median,560
tsiligirides_problem_3_budget_065.txt,marginal_envy,Q1,560
tsiligirides_problem_3_budget_065.txt,marginal_envy,Q3,560
tsiligirides_problem_3_budget_065.txt,marginal_envy,Best,560
tsiligirides_problem_3_budget_065.txt,marginal_envy,Worst,560
tsiligirides_problem_3_budget_065.txt,marginal_envy,Average,560
tsiligirides_problem_3_budget_065.txt,marginal_envy,RouteDiversity,0
tsiligirides_problem_3_budget_065.txt,marginal_envy,LocalRouteDiversity,0
tsiligirides_problem_3_budget_065.txt,total_greedy,Median,390
tsiligirides_problem_3_budget_065.txt,total_greedy,Q1,380
tsiligirides_problem_3_budget_065.txt,total_greedy,Q3,410
tsiligirides_problem_3_budget_065.txt,total_greedy,Best,520
tsiligirides_problem_3_budget_065.txt,total_greedy,Worst,350
tsiligirides_problem_3_budget_065.txt,total_greedy,Average,397.798
tsiligirides_problem_3_budget_065.txt,total_greedy,RouteDiversity,0.8575412617163723
tsiligirides_problem_3_budget_065.txt,total_greedy,LocalRouteDiversity,0.05125859705473032
tsiligirides_problem_3_budget_065.txt,total_lazy,Median,570
tsiligirides_problem_3_budget_065.txt,total_lazy,Q1,570
tsiligirides_problem_3_budget_065.txt,total_lazy,Q3,570
tsiligirides_problem_3_budget_065.txt,total_lazy,Best,570
tsiligirides_problem_3_budget_065.txt,total_lazy,Worst,570
tsiligirides_problem_3_budget_065.txt,total_lazy,Average,570
tsiligirides_problem_3_budget_065.txt,total_lazy,RouteDiversity,0
tsiligirides_problem_3_budget_065.txt,total_lazy,LocalRouteDiversity,0
tsiligirides_problem_3_budget_065.txt,total_smart,Median,550
tsiligirides_problem_3_budget_065.txt,total_smart,Q1,550
tsiligirides_problem_3_budget_065.txt,total_smart,Q3,550
tsiligirides_problem_3_budget_065.txt,total_smart,Best,550
tsiligirides_problem_3_budget_065.txt,total_smart,Worst,550
tsiligirides_problem_3_budget_065.txt,total_smart,Average,550
tsiligirides_problem_3_budget_065.txt,total_smart,RouteDiversity,0
tsiligirides_problem_3_budget_065.txt,total_smart,LocalRouteDiversity,0
tsiligirides_problem_3_budget_065.txt,total_wise,Median,540
tsiligirides_problem_3_budget_065.txt,total_wise,Q1,540
tsiligirides_problem_3_budget_065.txt,total_wise,Q3,540
tsiligirides_problem_3_budget_065.txt,total_wise,Best,540
tsiligirides_problem_3_budget_065.txt,total_wise,Worst,540
tsiligirides_problem_3_budget_065.txt,total_wise,Average,540
tsiligirides_problem_3_budget_065.txt,total_wise,RouteDiversity,0
tsiligirides_problem_3_budget_065.txt,total_wise,LocalRouteDiversity,0
tsiligirides_problem_3_budget_065.txt,total_envy,Median,560
tsiligirides_problem_3_budget_065.txt,total_envy,Q1,560
tsiligirides_problem_3_budget_065.txt,total_envy,Q3,560
tsiligirides_problem_3_budget_065.txt,total_envy,Best,560
tsiligirides_problem_3_budget_065.txt,total_envy,Worst,560
tsiligirides_problem_3_budget_065.txt,total_envy,Average,560
tsiligirides_problem_3_budget_065.txt,total_envy,RouteDiversity,0
tsiligirides_problem_3_budget_065.txt,total_envy,LocalRouteDiversity,0
tsiligirides_problem_3_budget_065.txt,selected_random,Median,540
tsiligirides_problem_3_budget_065.txt,selected_random,Q1,530
tsiligirides_problem_3_budget_065.txt,selected_random,Q3,560
tsiligirides_problem_3_budget_065.txt,selected_random,Best,600
tsiligirides_problem_3_budget_065.txt,selected_random,Worst,520
tsiligirides_problem_3_budget_065.txt,selected_random,Average,543.716
tsiligirides_problem_3_budget_065.txt,selected_random,RouteDiversity,0.6762898578234239
tsiligirides_problem_3_budget_065.txt,selected_random,LocalRouteDiversity,0.0159128389675047
tsiligirides_problem_3_budget_065.txt,selected_random_random_tie,Median,540
tsiligirides_problem_3_budget_065.txt,selected_random_random_tie,Q1,530
tsiligirides_problem_3_budget_065.txt,selected_random_random_tie,Q3,550
tsiligirides_problem_3_budget_065.txt,selected_random_random_tie,Best,600
tsiligirides_problem_3_budget_065.txt,selected_random_random_tie,Worst,520
tsiligirides_problem_3_budget_065.txt,selected_random_random_tie,Average,543.638
tsiligirides_problem_3_budget_065.txt,selected_random_random_tie,RouteDiversity,0.6844022085079158
tsiligirides_problem_3_budget_065.txt,selected_random_random_tie,LocalRouteDiversity,0.016072097226013802
tsiligirides_problem_3_budget_065.txt,selected_random_tie_marginal_envy,Median,540
tsiligirides_problem_3_budget_065.txt,selected_random_tie_marginal_envy,Q1,530
tsiligirides_problem_3_budget_065.txt,selected_random_tie_marginal_envy,Q3,550
tsiligirides_problem_3_budget_065.txt,selected_random_tie_marginal_envy,Best,600
tsiligirides_problem_3_budget_065.txt,selected_random_tie_marginal_envy,Worst,520
tsiligirides_problem_3_budget_065.txt,selected_random_tie_marginal_envy,Average,543.678
tsiligirides_problem_3_budget_065.txt,selected_random_tie_marginal_envy,RouteDiversity,0.6728399977078134
tsiligirides_problem_3_budget_065.txt,selected_random_tie_marginal_envy,LocalRouteDiversity,0.01617740490270245
tsiligirides_problem_3_budget_065.txt,selected_random_tie_total_envy,Median,540
tsiligirides_problem_3_budget_065.txt,selected_random_tie_total_envy,Q1,530
tsiligirides_problem_3_budget_065.txt,selected_random_tie_total_envy,Q3,550
tsiligirides_problem_3_budget_065.txt,selected_random_tie_total_envy,Best,600
tsiligirides_problem_3_budget_065.txt,selected_random_tie_total_envy,Worst,520
tsiligirides_problem_3_budget_065.txt,selected_random_tie_total_envy,Average,543.57
tsiligirides_problem_3_budget_065.txt,selected_random_tie_total_envy,RouteDiversity,0.666850544800273
tsiligirides_problem_3_budget_065.txt,selected_random_tie_total_envy,LocalRouteDiversity,0.019204868280814875
tsiligirides_problem_3_budget_065.txt,selected_random_tie_marginal_wise,Median,540
tsiligirides_problem_3_budget_065.txt,selected_random_tie_marginal_wise,Q1,530
tsiligirides_problem_3_budget_065.txt,selected_random_tie_marginal_wise,Q3,550
tsiligirides_problem_3_budget_065.txt,selected_random_tie_marginal_wise,Best,600
tsiligirides_problem_3_budget_065.txt,selected_random_tie_marginal_wise,Worst,520
tsiligirides_problem_3_budget_065.txt,selected_random_tie_marginal_wise,Average,543.668
tsiligirides_problem_3_budget_065.txt,selected_random_tie_marginal_wise,RouteDiversity,0.6769558619910591
tsiligirides_problem_3_budget_065.txt,selected_random_tie_marginal_wise,LocalRouteDiversity,0.016702821497385726
set_66_1_090.txt,marginal_greedy,Median,610
set_66_1_090.txt,marginal_greedy,Q1,535
set_66_1_090.txt,marginal_greedy,Q3,690
set_66_1_090.txt,marginal_greedy,Best,1055
set_66_1_090.txt,marginal_greedy,Worst,285
set_66_1_090.txt,marginal_greedy,Average,616.123
set_66_1_090.txt,marginal_greedy,RouteDiversity,0.9736192932615585
set_66_1_090.txt,marginal_greedy,LocalRouteDiversity,0.8257347334625634
set_66_1_090.txt,marginal_lazy,Median,930
set_66_1_090.txt,marginal_lazy,Q1,930
set_66_1_090.txt,marginal_lazy,Q3,930
set_66_1_090.txt,marginal_lazy,Best,930
set_66_1_090.txt,marginal_lazy,Worst,930
set_66_1_090.txt,marginal_lazy,Average,930
set_66_1_090.txt,marginal_lazy,RouteDiversity,0.4885838219146614
set_66_1_090.txt,marginal_lazy,LocalRouteDiversity,0
set_66_1_090.txt,marginal_smart,Median,1270
set_66_1_090.txt,marginal_smart,Q1,1270
set_66_1_090.txt,marginal_smart,Q3,1270
set_66_1_090.txt,marginal_smart,Best,1270
set_66_1_090.txt,marginal_smart,Worst,1270
set_66_1_090.txt,marginal_smart,Average,1270
set_66_1_090.txt,marginal_smart,RouteDiversity,0.6488526651651652
set_66_1_090.txt,marginal_smart,LocalRouteDiversity,0
set_66_1_090.txt,marginal_wise,Median,1270
set_66_1_090.txt,marginal_wise,Q1,1270
set_66_1_090.txt,marginal_wise,Q3,1270
set_66_1_090.txt,marginal_wise,Best,1270
set_66_1_090.txt,marginal_wise,Worst,1270
set_66_1_090.txt,marginal_wise,Average,1270
set_66_1_090.txt,marginal_wise,RouteDiversity,0.5004824824824825
set_66_1_090.txt,marginal_wise,LocalRouteDiversity,0
set_66_1_090.txt,marginal_envy,Median,1270
set_66_1_090.txt,marginal_envy,Q1,1270
set_66_1_090.txt,marginal_envy,Q3,1270
set_66_1_090.txt,marginal_envy,Best,1270
set_66_1_090.txt,marginal_envy,Worst,1270
set_66_1_090.txt,marginal_envy,Average,1270
set_66_1_090.txt,marginal_envy,RouteDiversity,0.6487152152152152
set_66_1_090.txt,marginal_envy,LocalRouteDiversity,0
set_66_1_090.txt,total_greedy,Median,615
set_66_1_090.txt,total_greedy,Q1,540
set_66_1_090.txt,total_greedy,Q3,695
set_66_1_090.txt,total_greedy,Best,1160
set_66_1_090.txt,total_greedy,Worst,210
set_66_1_090.txt,total_greedy,Average,618.047
set_66_1_090.txt,total_greedy,RouteDiversity,0.9742038057419673
set_66_1_090.txt,total_greedy,LocalRouteDiversity,0.8242658022385653
set_66_1_090.txt,total_lazy,Median,950
set_66_1_090.txt,total_lazy,Q1,950
set_66_1_090.txt,total_lazy,Q3,950
set_66_1_090.txt,total_lazy,Best,950
set_66_1_090.txt,total_lazy,Worst,950
set_66_1_090.txt,total_lazy,Average,950
set_66_1_090.txt,total_lazy,RouteDiversity,0.48851346584430577
set_66_1_090.txt,total_lazy,LocalRouteDiversity,0
set_66_1_090.txt,total_smart,Median,1280
set_66_1_090.txt,total_smart,Q1,1270
set_66_1_090.txt,total_smart,Q3,1280
set_66_1_090.txt,total_smart,Best,1280
set_66_1_090.txt,total_smart,Worst,1270
set_66_1_090.txt,total_smart,Average,1275.018
set_66_1_090.txt,total_smart,RouteDiversity,0.648892017017017
set_66_1_090.txt,total_smart,LocalRouteDiversity,0
set_66_1_090.txt,total_wise,Median,1270
set_66_1_090.txt,total_wise,Q1,1270
set_66_1_090.txt,total_wise,Q3,1270
set_66_1_090.txt,total_wise,Best,1270
set_66_1_090.txt,total_wise,Worst,1270
set_66_1_090.txt,total_wise,Average,1270
set_66_1_090.txt,total_wise,RouteDiversity,0.5001081081081081
set_66_1_090.txt,total_wise,LocalRouteDiversity,0
set_66_1_090.txt,total_envy,Median,1270
set_66_1_090.txt,total_envy,Q1,1270
set_66_1_090.txt,total_envy,Q3,1270
set_66_1_090.txt,total_envy,Best,1270
set_66_1_090.txt,total_envy,Worst,1270
set_66_1_090.txt,total_envy,Average,1270
set_66_1_090.txt,total_envy,RouteDiversity,0.6477032032032032
set_66_1_090.txt,total_envy,LocalRouteDiversity,0
set_66_1_090.txt,selected_random,Median,1270
set_66_1_090.txt,selected_random,Q1,1270
set_66_1_090.txt,selected_random,Q3,1270
set_66_1_090.txt,selected_random,Best,1280
set_66_1_090.txt,selected_random,Worst,1250
set_66_1_090.txt,selected_random,Average,1269.678
set_66_1_090.txt,selected_random,RouteDiversity,0.7119265190859512
set_66_1_090.txt,selected_random,LocalRouteDiversity,0.005881407625953755
set_66_1_090.txt,selected_random_random_tie,Median,1270
set_66_1_090.txt,selected_random_random_tie,Q1,1270
set_66_1_090.txt,selected_random_random_tie,Q3,1270
set_66_1_090.txt,selected_random_random_tie,Best,1280
set_66_1_090.txt,selected_random_random_tie,Worst,1250
set_66_1_090.txt,selected_random_random_tie,Average,1271.62
set_66_1_090.txt,selected_random_random_tie,RouteDiversity,0.7238346277228053
set_66_1_090.txt,selected_random_random_tie,LocalRouteDiversity,0.007724556205460903
set_66_1_090.txt,selected_random_tie_marginal_envy,Median,1270
set_66_1_090.txt,selected_random_tie_marginal_envy,Q1,1270
set_66_1_090.txt,selected_random_tie_marginal_envy,Q3,1270
set_66_1_090.txt,selected_random_tie_marginal_envy,Best,1280
set_66_1_090.txt,selected_random_tie_marginal_envy,Worst,1250
set_66_1_090.txt,selected_random_tie_marginal_envy,Average,1271.49
set_66_1_090.txt,selected_random_tie_marginal_envy,RouteDiversity,0.7253929865434633
set_66_1_090.txt,selected_random_tie_marginal_envy,LocalRouteDiversity,0.010102231334123381
set_66_1_090.txt,selected_random_tie_total_envy,Median,1270
set_66_1_090.txt,selected_random_tie_total_envy,Q1,1270
set_66_1_090.txt,selected_random_tie_total_envy,Q3,1270
set_66_1_090.txt,selected_random_tie_total_envy,Best,1280
set_66_1_090.txt,selected_random_tie_total_envy,Worst,1250
set_66_1_090.txt,selected_random_tie_total_envy,Average,1271.512
set_66_1_090.txt,selected_random_tie_total_envy,RouteDiversity,0.7265972365533835
set_66_1_090.txt,selected_random_tie_total_envy,LocalRouteDiversity,0.010500823105019428
set_66_1_090.txt,selected_random_tie_marginal_wise,Median,1270
set_66_1_090.txt,selected_random_tie_marginal_wise,Q1,1270
set_66_1_090.txt,selected_random_tie_marginal_wise,Q3,1270
set_66_1_090.txt,selected_random_tie_marginal_wise,Best,1280
set_66_1_090.txt,selected_random_tie_marginal_wise,Worst,1250
set_66_1_090.txt,selected_random_tie_marginal_wise,Average,1271.452
set_66_1_090.txt,selected_random_tie_marginal_wise,RouteDiversity,0.7257932455702867
set_66_1_090.txt,selected_random_tie_marginal_wise,LocalRouteDiversity,0.011301697362142841
tsiligirides_problem_1_budget_85.txt,marginal_greedy,Median,155
tsiligirides_problem_1_budget_85.txt,marginal_greedy,Q1,145
tsiligirides_problem_1_budget_85.txt,marginal_greedy,Q3,170
tsiligirides_problem_1_budget_85.txt,marginal_greedy,Best,225
tsiligirides_problem_1_budget_85.txt,marginal_greedy,Worst,95
tsiligirides_problem_1_budget_85.txt,marginal_greedy,Average,158.098
tsiligirides_problem_1_budget_85.txt,marginal_greedy,RouteDiversity,0.9288171545466624
tsiligirides_problem_1_budget_85.txt,marginal_greedy,LocalRouteDiversity,0.5971647505956151
tsiligirides_problem_1_budget_85.txt,marginal_lazy,Median,270
tsiligirides_problem_1_budget_85.txt,marginal_lazy,Q1,270
tsiligirides_problem_1_budget_85.txt,marginal_lazy,Q3,270
tsiligirides_problem_1_budget_85.txt,marginal_lazy,Best,270
tsiligirides_problem_1_budget_85.txt,marginal_lazy,Worst,270
tsiligirides_problem_1_budget_85.txt,marginal_lazy,Average,270
tsiligirides_problem_1_budget_85.txt,marginal_lazy,RouteDiversity,0
tsiligirides_problem_1_budget_85.txt,marginal_lazy,LocalRouteDiversity,0
tsiligirides_problem_1_budget_85.txt,marginal_smart,Median,255
tsiligirides_problem_1_budget_85.txt,marginal_smart,Q1,255
tsiligirides_problem_1_budget_85.txt,marginal_smart,Q3,255
tsiligirides_problem_1_budget_85.txt,marginal_smart,Best,255
tsiligirides_problem_1_budget_85.txt,marginal_smart,Worst,255
tsiligirides_problem_1_budget_85.txt,marginal_smart,Average,255
tsiligirides_problem_1_budget_85.txt,marginal_smart,RouteDiversity,0
tsiligirides_problem_1_budget_85.txt,marginal_smart,LocalRouteDiversity,0
tsiligirides_problem_1_budget_85.txt,marginal_wise,Median,260
tsiligirides_problem_1_budget_85.txt,marginal_wise,Q1,260
tsiligirides_problem_1_budget_85.txt,marginal_wise,Q3,260
tsiligirides_problem_1_budget_85.txt,marginal_wise,Best,260
tsiligirides_problem_1_budget_85.txt,marginal_wise,Worst,260
tsiligirides_problem_1_budget_85.txt,marginal_wise,Average,260
tsiligirides_problem_1_budget_85.txt,marginal_wise,RouteDiversity,0
tsiligirides_problem_1_budget_85.txt,marginal_wise,LocalRouteDiversity,0
tsiligirides_problem_1_budget_85.txt,marginal_envy,Median,260
tsiligirides_problem_1_budget_85.txt,marginal_envy,Q1,260
tsiligirides_problem_1_budget_85.txt,marginal_envy,Q3,260
tsiligirides_problem_1_budget_85.txt,marginal_envy,Best,260
tsiligirides_problem_1_budget_85.txt,marginal_envy,Worst,260
tsiligirides_problem_1_budget_85.txt,marginal_envy,Average,260
tsiligirides_problem_1_budget_85.txt,marginal_envy,RouteDiversity,0
tsiligirides_problem_1_budget_85.txt,marginal_envy,LocalRouteDiversity,0
tsiligirides_problem_1_budget_85.txt,total_greedy,Median,155
tsiligirides_problem_1_budget_85.txt,total_greedy,Q1,145
tsiligirides_problem_1_budget_85.txt,total_greedy,Q3,170
tsiligirides_problem_1_budget_85.txt,total_greedy,Best,230
tsiligirides_problem_1_budget_85.txt,total_greedy,Worst,105
tsiligirides_problem_1_budget_85.txt,total_greedy,Average,158.147
tsiligirides_problem_1_budget_85.txt,total_greedy,RouteDiversity,0.9288728892787047
tsiligirides_problem_1_budget_85.txt,total_greedy,LocalRouteDiversity,0.5917844016135761
tsiligirides_problem_1_budget_85.txt,total_lazy,Median,270
tsiligirides_problem_1_budget_85.txt,total_lazy,Q1,270
tsiligirides_problem_1_budget_85.txt,total_lazy,Q3,270
tsiligirides_problem_1_budget_85.txt,total_lazy,Best,270
tsiligirides_problem_1_budget_85.txt,total_lazy,Worst,270
tsiligirides_problem_1_budget_85.txt,total_lazy,Average,270
tsiligirides_problem_1_budget_85.txt,total_lazy,RouteDiversity,0
tsiligirides_problem_1_budget_85.txt,total_lazy,LocalRouteDiversity,0
tsiligirides_problem_1_budget_85.txt,total_smart,Median,275
tsiligirides_problem_1_budget_85.txt,total_smart,Q1,275
tsiligirides_problem_1_budget_85.txt,total_smart,Q3,275
tsiligirides_problem_1_budget_85.txt,total_smart,Best,275
tsiligirides_problem_1_budget_85.txt,total_smart,Worst,275
tsiligirides_problem_1_budget_85.txt,total_smart,Average,275
tsiligirides_problem_1_budget_85.txt,total_smart,RouteDiversity,0
tsiligirides_problem_1_budget_85.txt,total_smart,LocalRouteDiversity,0
tsiligirides_problem_1_budget_85.txt,total_wise,Median,275
tsiligirides_problem_1_budget_85.txt,total_wise,Q1,275
tsiligirides_problem_1_budget_85.txt,total_wise,Q3,275
tsiligirides_problem_1_budget_85.txt,total_wise,Best,275
tsiligirides_problem_1_budget_85.txt,total_wise,Worst,275
tsiligirides_problem_1_budget_85.txt,total_wise,Average,275
tsiligirides_problem_1_budget_85.txt,total_wise,RouteDiversity,0
tsiligirides_problem_1_budget_85.txt,total_wise,LocalRouteDiversity,0
tsiligirides_problem_1_budget_85.txt,total_envy,Median,250
tsiligirides_problem_1_budget_85.txt,total_envy,Q1,250
tsiligirides_problem_1_budget_85.txt,total_envy,Q3,250
tsiligirides_problem_1_budget_85.txt,total_envy,Best,250
tsiligirides_problem_1_budget_85.txt,total_envy,Worst,250
tsiligirides_problem_1_budget_85.txt,total_envy,Average,250
tsiligirides_problem_1_budget_85.txt,total_envy,RouteDiversity,0
tsiligirides_problem_1_budget_85.txt,total_envy,LocalRouteDiversity,0
tsiligirides_problem_1_budget_85.txt,selected_random,Median,255
tsiligirides_problem_1_budget_85.txt,selected_random,Q1,255
tsiligirides_problem_1_budget_85.txt,selected_random,Q3,265
tsiligirides_problem_1_budget_85.txt,selected_random,Best,275
tsiligirides_problem_1_budget_85.txt,selected_random,Worst,240
tsiligirides_problem_1_budget_85.txt,selected_random,Average,258.029
tsiligirides_problem_1_budget_85.txt,selected_random,RouteDiversity,0.6739733232069355
tsiligirides_problem_1_budget_85.txt,selected_random,LocalRouteDiversity,0.03353608018425627
tsiligirides_problem_1_budget_85.txt,selected_random_random_tie,Median,255
tsiligirides_problem_1_budget_85.txt,selected_random_random_tie,Q1,255
tsiligirides_problem_1_budget_85.txt,selected_random_random_tie,Q3,265
tsiligirides_problem_1_budget_85.txt,selected_random_random_tie,Best,275
tsiligirides_problem_1_budget_85.txt,selected_random_random_tie,Worst,240
tsiligirides_problem_1_budget_85.txt,selected_random_random_tie,Average,257.964
tsiligirides_problem_1_budget_85.txt,selected_random_random_tie,RouteDiversity,0.6794173712714013
tsiligirides_problem_1_budget_85.txt,selected_random_random_tie,LocalRouteDiversity,0.03135523817785451
tsiligirides_problem_1_budget_85.txt,selected_random_tie_marginal_envy,Median,255
tsiligirides_problem_1_budget_85.txt,selected_random_tie_marginal_envy,Q1,255
tsiligirides_problem_1_budget_85.txt,selected_random_tie_marginal_envy,Q3,265
tsiligirides_problem_1_budget_85.txt,selected_random_tie_marginal_envy,Best,275
tsiligirides_problem_1_budget_85.txt,selected_random_tie_marginal_envy,Worst,240
tsiligirides_problem_1_budget_85.txt,selected_random_tie_marginal_envy,Average,257.856
tsiligirides_problem_1_budget_85.txt,selected_random_tie_marginal_envy,RouteDiversity,0.675980248921972
tsiligirides_problem_1_budget_85.txt,selected_random_tie_marginal_envy,LocalRouteDiversity,0.03167941613827076
tsiligirides_problem_1_budget_85.txt,selected_random_tie_total_envy,Median,255
tsiligirides_problem_1_budget_85.txt,selected_random_tie_total_envy,Q1,255
tsiligirides_problem_1_budget_85.txt,selected_random_tie_total_envy,Q3,265
tsiligirides_problem_1_budget_85.txt,selected_random_tie_total_envy,Best,275
tsiligirides_problem_1_budget_85.txt,selected_random_tie_total_envy,Worst,240
tsiligirides_problem_1_budget_85.txt,selected_random_tie_total_envy,Average,257.963
tsiligirides_problem_1_budget_85.txt,selected_random_tie_total_envy,RouteDiversity,0.6758347446812613
tsiligirides_problem_1_budget_85.txt,selected_random_tie_total_envy,LocalRouteDiversity,0.030352681882221334
tsiligirides_problem_1_budget_85.txt,selected_random_tie_marginal_wise,Median,255
tsiligirides_problem_1_budget_85.txt,selected_random_tie_marginal_wise,Q1,255
tsiligirides_problem_1_budget_85.txt,selected_random_tie_marginal_wise,Q3,265
tsiligirides_problem_1_budget_85.txt,selected_random_tie_marginal_wise,Best,275
tsiligirides_problem_1_budget_85.txt,selected_random_tie_marginal_wise,Worst,240
tsiligirides_problem_1_budget_85.txt,selected_random_tie_marginal_wise,Average,257.995
tsiligirides_problem_1_budget_85.txt,selected_random_tie_marginal_wise,RouteDiversity,0.6741452349658713
tsiligirides_problem_1_budget_85.txt,selected_random_tie_marginal_wise,LocalRouteDiversity,0.031151790698060358
set_66_1_130.txt,marginal_greedy,Median,790
set_66_1_130.txt,marginal_greedy,Q1,710
set_66_1_130.txt,marginal_greedy,Q3,875
set_66_1_130.txt,marginal_greedy,Best,1245
set_66_1_130.txt,marginal_greedy,Worst,380
set_66_1_130.txt,marginal_greedy,Average,794.113
set_66_1_130.txt,marginal_greedy,RouteDiversity,0.9756994848927559
set_66_1_130.txt,marginal_greedy,LocalRouteDiversity,0.8550804882941357
set_66_1_130.txt,marginal_lazy,Median,1445
set_66_1_130.txt,marginal_lazy,Q1,1445
set_66_1_130.txt,marginal_lazy,Q3,1445
set_66_1_130.txt,marginal_lazy,Best,1445
set_66_1_130.txt,marginal_lazy,Worst,1445
set_66_1_130.txt,marginal_lazy,Average,1445
set_66_1_130.txt,marginal_lazy,RouteDiversity,0.4916234128833005
set_66_1_130.txt,marginal_lazy,LocalRouteDiversity,0
set_66_1_130.txt,marginal_smart,Median,1660
set_66_1_130.txt,marginal_smart,Q1,1660
set_66_1_130.txt,marginal_smart,Q3,1660
set_66_1_130.txt,marginal_smart,Best,1660
set_66_1_130.txt,marginal_smart,Worst,1660
set_66_1_130.txt,marginal_smart,Average,1660
set_66_1_130.txt,marginal_smart,RouteDiversity,0.6463598566298828
set_66_1_130.txt,marginal_smart,LocalRouteDiversity,0
set_66_1_130.txt,marginal_wise,Median,1680
set_66_1_130.txt,marginal_wise,Q1,1680
set_66_1_130.txt,marginal_wise,Q3,1680
set_66_1_130.txt,marginal_wise,Best,1680
set_66_1_130.txt,marginal_wise,Worst,1680
set_66_1_130.txt,marginal_wise,Average,1680
set_66_1_130.txt,marginal_wise,RouteDiversity,0.5004684684684685
set_66_1_130.txt,marginal_wise,LocalRouteDiversity,0
set_66_1_130.txt,marginal_envy,Median,1650
set_66_1_130.txt,marginal_envy,Q1,1650
set_66_1_130.txt,marginal_envy,Q3,1660
set_66_1_130.txt,marginal_envy,Best,1660
set_66_1_130.txt,marginal_envy,Worst,1650
set_66_1_130.txt,marginal_envy,Average,1654.756
set_66_1_130.txt,marginal_envy,RouteDiversity,0.6378585780070576
set_66_1_130.txt,marginal_envy,LocalRouteDiversity,0
set_66_1_130.txt,total_greedy,Median,790
set_66_1_130.txt,total_greedy,Q1,710
set_66_1_130.txt,total_greedy,Q3,880
set_66_1_130.txt,total_greedy,Best,1275
set_66_1_130.txt,total_greedy,Worst,420
set_66_1_130.txt,total_greedy,Average,795.58
set_66_1_130.txt,total_greedy,RouteDiversity,0.9763495691094008
set_66_1_130.txt,total_greedy,LocalRouteDiversity,0.855273866744091
set_66_1_130.txt,total_lazy,Median,1470
set_66_1_130.txt,total_lazy,Q1,1470
set_66_1_130.txt,total_lazy,Q3,1470
set_66_1_130.txt,total_lazy,Best,1470
set_66_1_130.txt,total_lazy,Worst,1470
set_66_1_130.txt,total_lazy,Average,1470
set_66_1_130.txt,total_lazy,RouteDiversity,0.48224171539985367
set_66_1_130.txt,total_lazy,LocalRouteDiversity,0
set_66_1_130.txt,total_smart,Median,1650
set_66_1_130.txt,total_smart,Q1,1650
set_66_1_130.txt,total_smart,Q3,1650
set_66_1_130.txt,total_smart,Best,1650
set_66_1_130.txt,total_smart,Worst,1650
set_66_1_130.txt,total_smart,Average,1650
set_66_1_130.txt,total_smart,RouteDiversity,0.6115677900110008
set_66_1_130.txt,total_smart,LocalRouteDiversity,0
set_66_1_130.txt,total_wise,Median,1650
set_66_1_130.txt,total_wise,Q1,1650
set_66_1_130.txt,total_wise,Q3,1650
set_66_1_130.txt,total_wise,Best,1650
set_66_1_130.txt,total_wise,Worst,1650
set_66_1_130.txt,total_wise,Average,1650
set_66_1_130.txt,total_wise,RouteDiversity,0.5003723723723724
set_66_1_130.txt,total_wise,LocalRouteDiversity,0
set_66_1_130.txt,total_envy,Median,1650
set_66_1_130.txt,total_envy,Q1,1650
set_66_1_130.txt,total_envy,Q3,1665
set_66_1_130.txt,total_envy,Best,1665
set_66_1_130.txt,total_envy,Worst,1650
set_66_1_130.txt,total_envy,Average,1657.32
set_66_1_130.txt,total_envy,RouteDiversity,0.6158028965741167
set_66_1_130.txt,total_envy,LocalRouteDiversity,0
set_66_1_130.txt,selected_random,Median,1665
set_66_1_130.txt,selected_random,Q1,1660
set_66_1_130.txt,selected_random,Q3,1665
set_66_1_130.txt,selected_random,Best,1680
set_66_1_130.txt,selected_random,Worst,1635
set_66_1_130.txt,selected_random,Average,1662.94
set_66_1_130.txt,selected_random,RouteDiversity,0.6731549941314373
set_66_1_130.txt,selected_random,LocalRouteDiversity,0.016893397687206862
set_66_1_130.txt,selected_random_random_tie,Median,1675
set_66_1_130.txt,selected_random_random_tie,Q1,1660
set_66_1_130.txt,selected_random_random_tie,Q3,1675
set_66_1_130.txt,selected_random_random_tie,Best,1680
set_66_1_130.txt,selected_random_random_tie,Worst,1635
set_66_1_130.txt,selected_random_random_tie,Average,1669.097
set_66_1_130.txt,selected_random_random_tie,RouteDiversity,0.7457213308155227
set_66_1_130.txt,selected_random_random_tie,LocalRouteDiversity,0.31488139658295006
set_66_1_130.txt,selected_random_tie_marginal_envy,Median,1675
set_66_1_130.txt,selected_random_tie_marginal_envy,Q1,1660
set_66_1_130.txt,selected_random_tie_marginal_envy,Q3,1675
set_66_1_130.txt,selected_random_tie_marginal_envy,Best,1680
set_66_1_130.txt,selected_random_tie_marginal_envy,Worst,1635
set_66_1_130.txt,selected_random_tie_marginal_envy,Average,1669.127
set_66_1_130.txt,selected_random_tie_marginal_envy,RouteDiversity,0.7445329860902888
set_66_1_130.txt,selected_random_tie_marginal_envy,LocalRouteDiversity,0.3104177981857106
set_66_1_130.txt,selected_random_tie_total_envy,Median,1675
set_66_1_130.txt,selected_random_tie_total_envy,Q1,1660
set_66_1_130.txt,selected_random_tie_total_envy,Q3,1675
set_66_1_130.txt,selected_random_tie_total_envy,Best,1680
set_66_1_130.txt,selected_random_tie_total_envy,Worst,1635
set_66_1_130.txt,selected_random_tie_total_envy,Average,1669.319
set_66_1_130.txt,selected_random_tie_total_envy,RouteDiversity,0.7450409782432229
set_66_1_130.txt,selected_random_tie_total_envy,LocalRouteDiversity,0.30995877357464185
set_66_1_130.txt,selected_random_tie_marginal_wise,Median,1675
set_66_1_130.txt,selected_random_tie_marginal_wise,Q1,1660
set_66_1_130.txt,selected_random_tie_marginal_wise,Q3,1675
set_66_1_130.txt,selected_random_tie_marginal_wise,Best,1680
set_66_1_130.txt,selected_random_tie_marginal_wise,Worst,1635
set_66_1_130.txt,selected_random_tie_marginal_wise,Average,1669.106
set_66_1_130.txt,selected_random_tie_marginal_wise,RouteDiversity,0.7454808145001894
set_66_1_130.txt,selected_random_tie_marginal_wise,LocalRouteDiversity,0.31403393344824787
set_66_1_030.txt,marginal_greedy,Median,265
set_66_1_030.txt,marginal_greedy,Q1,225
set_66_1_030.txt,marginal_greedy,Q3,295
set_66_1_030.txt,marginal_greedy,Best,400
set_66_1_030.txt,marginal_greedy,Worst,120
set_66_1_030.txt,marginal_greedy,Average,263.016
set_66_1_030.txt,marginal_greedy,RouteDiversity,0.9771516873058231
set_66_1_030.txt,marginal_greedy,LocalRouteDiversity,0.4729323272178455
set_66_1_030.txt,marginal_lazy,Median,200
set_66_1_030.txt,marginal_lazy,Q1,200
set_66_1_030.txt,marginal_lazy,Q3,200
set_66_1_030.txt,marginal_lazy,Best,200
set_66_1_030.txt,marginal_lazy,Worst,200
set_66_1_030.txt,marginal_lazy,Average,200
set_66_1_030.txt,marginal_lazy,RouteDiversity,0.5004684684684685
set_66_1_030.txt,marginal_lazy,LocalRouteDiversity,0
set_66_1_030.txt,marginal_smart,Median,350
set_66_1_030.txt,marginal_smart,Q1,350
set_66_1_030.txt,marginal_smart,Q3,350
set_66_1_030.txt,marginal_smart,Best,350
set_66_1_030.txt,marginal_smart,Worst,350
set_66_1_030.txt,marginal_smart,Average,350
set_66_1_030.txt,marginal_smart,RouteDiversity,0.7501401401401402
set_66_1_030.txt,marginal_smart,LocalRouteDiversity,0
set_66_1_030.txt,marginal_wise,Median,350
set_66_1_030.txt,marginal_wise,Q1,350
set_66_1_030.txt,marginal_wise,Q3,350
set_66_1_030.txt,marginal_wise,Best,350
set_66_1_030.txt,marginal_wise,Worst,350
set_66_1_030.txt,marginal_wise,Average,350
set_66_1_030.txt,marginal_wise,RouteDiversity,0.5004284284284284
set_66_1_030.txt,marginal_wise,LocalRouteDiversity,0
set_66_1_030.txt,marginal_envy,Median,350
set_66_1_030.txt,marginal_envy,Q1,350
set_66_1_030.txt,marginal_envy,Q3,350
set_66_1_030.txt,marginal_envy,Best,350
set_66_1_030.txt,marginal_envy,Worst,350
set_66_1_030.txt,marginal_envy,Average,350
set_66_1_030.txt,marginal_envy,RouteDiversity,0.7494654654654654
set_66_1_030.txt,marginal_envy,LocalRouteDiversity,0
set_66_1_030.txt,total_greedy,Median,265
set_66_1_030.txt,total_greedy,Q1,225
set_66_1_030.txt,total_greedy,Q3,295
set_66_1_030.txt,total_greedy,Best,400
set_66_1_030.txt,total_greedy,Worst,120
set_66_1_030.txt,total_greedy,Average,263.741
set_66_1_030.txt,total_greedy,RouteDiversity,0.9778801039145739
set_66_1_030.txt,total_greedy,LocalRouteDiversity,0.47335486078036293
set_66_1_030.txt,total_lazy,Median,200
set_66_1_030.txt,total_lazy,Q1,200
set_66_1_030.txt,total_lazy,Q3,200
set_66_1_030.txt,total_lazy,Best,200
set_66_1_030.txt,total_lazy,Worst,200
set_66_1_030.txt,total_lazy,Average,200
set_66_1_030.txt,total_lazy,RouteDiversity,0.49924924924924924
set_66_1_030.txt,total_lazy,LocalRouteDiversity,0
set_66_1_030.txt,total_smart,Median,340
set_66_1_030.txt,total_smart,Q1,340
set_66_1_030.txt,total_smart,Q3,340
set_66_1_030.txt,total_smart,Best,340
set_66_1_030.txt,total_smart,Worst,340
set_66_1_030.txt,total_smart,Average,340
set_66_1_030.txt,total_smart,RouteDiversity,0.748954954954955
set_66_1_030.txt,total_smart,LocalRouteDiversity,0
set_66_1_030.txt,total_wise,Median,350
set_66_1_030.txt,total_wise,Q1,350
set_66_1_030.txt,total_wise,Q3,350
set_66_1_030.txt,total_wise,Best,350
set_66_1_030.txt,total_wise,Worst,350
set_66_1_030.txt,total_wise,Average,350
set_66_1_030.txt,total_wise,RouteDiversity,0.5001081081081081
set_66_1_030.txt,total_wise,LocalRouteDiversity,0
set_66_1_030.txt,total_envy,Median,340
set_66_1_030.txt,total_envy,Q1,340
set_66_1_030.txt,total_envy,Q3,340
set_66_1_030.txt,total_envy,Best,340
set_66_1_030.txt,total_envy,Worst,340
set_66_1_030.txt,total_envy,Average,340
set_66_1_030.txt,total_envy,RouteDiversity,0.7501241241241241
set_66_1_030.txt,total_envy,LocalRouteDiversity,0
set_66_1_030.txt,selected_random,Median,340
set_66_1_030.txt,selected_random,Q1,340
set_66_1_030.txt,selected_random,Q3,350
set_66_1_030.txt,selected_random,Best,360
set_66_1_030.txt,selected_random,Worst,320
set_66_1_030.txt,selected_random,Average,343.028
set_66_1_030.txt,selected_random,RouteDiversity,0.8758032782239318
set_66_1_030.txt,selected_random,LocalRouteDiversity,0.030670498796009592
set_66_1_030.txt,selected_random_random_tie,Median,340
set_66_1_030.txt,selected_random_random_tie,Q1,340
set_66_1_030.txt,selected_random_random_tie,Q3,340
set_66_1_030.txt,selected_random_random_tie,Best,360
set_66_1_030.txt,selected_random_random_tie,Worst,325
set_66_1_030.txt,selected_random_random_tie,Average,341.732
set_66_1_030.txt,selected_random_random_tie,RouteDiversity,0.8844786355017791
set_66_1_030.txt,selected_random_random_tie,LocalRouteDiversity,0.0354445041525382
set_66_1_030.txt,selected_random_tie_marginal_envy,Median,340
set_66_1_030.txt,selected_random_tie_marginal_envy,Q1,340
set_66_1_030.txt,selected_random_tie_marginal_envy,Q3,340
set_66_1_030.txt,selected_random_tie_marginal_envy,Best,360
set_66_1_030.txt,selected_random_tie_marginal_envy,Worst,320
set_66_1_030.txt,selected_random_tie_marginal_envy,Average,341.763
set_66_1_030.txt,selected_random_tie_marginal_envy,RouteDiversity,0.8853013286354181
set_66_1_030.txt,selected_random_tie_marginal_envy,LocalRouteDiversity,0.037394276622929844
set_66_1_030.txt,selected_random_tie_total_envy,Median,340
set_66_1_030.txt,selected_random_tie_total_envy,Q1,340
set_66_1_030.txt,selected_random_tie_total_envy,Q3,340
set_66_1_030.txt,selected_random_tie_total_envy,Best,360
set_66_1_030.txt,selected_random_tie_total_envy,Worst,320
set_66_1_030.txt,selected_random_tie_total_envy,Average,341.801
set_66_1_030.txt,selected_random_tie_total_envy,RouteDiversity,0.8827294855817628
set_66_1_030.txt,selected_random_tie_total_envy,LocalRouteDiversity,0.03919898815666614
set_66_1_030.txt,selected_random_tie_marginal_wise,Median,340
set_66_1_030.txt,selected_random_tie_marginal_wise,Q1,340
set_66_1_030.txt,selected_random_tie_marginal_wise,Q3,340
set_66_1_030.txt,selected_random_tie_marginal_wise,Best,360
set_66_1_030.txt,selected_random_tie_marginal_wise,Worst,325
set_66_1_030.txt,selected_random_tie_marginal_wise,Average,341.67
set_66_1_030.txt,selected_random_tie_marginal_wise,RouteDiversity,0.8857981953980002
set_66_1_030.txt,selected_random_tie_marginal_wise,LocalRouteDiversity,0.03862306329549361
set_66_1_115.txt,marginal_greedy,Median,730
set_66_1_115.txt,marginal_greedy,Q1,650
set_66_1_115.txt,marginal_greedy,Q3,810
set_66_1_115.txt,marginal_greedy,Best,1210
set_66_1_115.txt,marginal_greedy,Worst,295
set_66_1_115.txt,marginal_greedy,Average,733.164
set_66_1_115.txt,marginal_greedy,RouteDiversity,0.9752518379076721
set_66_1_115.txt,marginal_greedy,LocalRouteDiversity,0.8462372620179152
set_66_1_115.txt,marginal_lazy,Median,1235
set_66_1_115.txt,marginal_lazy,Q1,1235
set_66_1_115.txt,marginal_lazy,Q3,1235
set_66_1_115.txt,marginal_lazy,Best,1235
set_66_1_115.txt,marginal_lazy,Worst,1235
set_66_1_115.txt,marginal_lazy,Average,1235
set_66_1_115.txt,marginal_lazy,RouteDiversity,0.4899782135091309
set_66_1_115.txt,marginal_lazy,LocalRouteDiversity,0
set_66_1_115.txt,marginal_smart,Median,1580
set_66_1_115.txt,marginal_smart,Q1,1580
set_66_1_115.txt,marginal_smart,Q3,1580
set_66_1_115.txt,marginal_smart,Best,1580
set_66_1_115.txt,marginal_smart,Worst,1580
set_66_1_115.txt,marginal_smart,Average,1580
set_66_1_115.txt,marginal_smart,RouteDiversity,0.6153384195013799
set_66_1_115.txt,marginal_smart,LocalRouteDiversity,0
set_66_1_115.txt,marginal_wise,Median,1575
set_66_1_115.txt,marginal_wise,Q1,1575
set_66_1_115.txt,marginal_wise,Q3,1575
set_66_1_115.txt,marginal_wise,Best,1575
set_66_1_115.txt,marginal_wise,Worst,1575
set_66_1_115.txt,marginal_wise,Average,1575
set_66_1_115.txt,marginal_wise,RouteDiversity,0.5000500500500501
set_66_1_115.txt,marginal_wise,LocalRouteDiversity,0
set_66_1_115.txt,marginal_envy,Median,1580
set_66_1_115.txt,marginal_envy,Q1,1570
set_66_1_115.txt,marginal_envy,Q3,1580
set_66_1_115.txt,marginal_envy,Best,1580
set_66_1_115.txt,marginal_envy,Worst,1570
set_66_1_115.txt,marginal_envy,Average,1575.002
set_66_1_115.txt,marginal_envy,RouteDiversity,0.6129877205600047
set_66_1_115.txt,marginal_envy,LocalRouteDiversity,0
set_66_1_115.txt,total_greedy,Median,730
set_66_1_115.txt,total_greedy,Q1,650
set_66_1_115.txt,total_greedy,Q3,815
set_66_1_115.txt,total_greedy,Best,1170
set_66_1_115.txt,total_greedy,Worst,390
set_66_1_115.txt,total_greedy,Average,734.212
set_66_1_115.txt,total_greedy,RouteDiversity,0.9750379835275809
set_66_1_115.txt,total_greedy,LocalRouteDiversity,0.8471592187505381
set_66_1_115.txt,total_lazy,Median,1305
set_66_1_115.txt,total_lazy,Q1,1305
set_66_1_115.txt,total_lazy,Q3,1305
set_66_1_115.txt,total_lazy,Best,1305
set_66_1_115.txt,total_lazy,Worst,1305
set_66_1_115.txt,total_lazy,Average,1305
set_66_1_115.txt,total_lazy,RouteDiversity,0.49072514023640207
set_66_1_115.txt,total_lazy,LocalRouteDiversity,0
set_66_1_115.txt,total_smart,Median,1560
set_66_1_115.txt,total_smart,Q1,1560
set_66_1_115.txt,total_smart,Q3,1560
set_66_1_115.txt,total_smart,Best,1560
set_66_1_115.txt,total_smart,Worst,1560
set_66_1_115.txt,total_smart,Average,1560
set_66_1_115.txt,total_smart,RouteDiversity,0.5812465995414459
set_66_1_115.txt,total_smart,LocalRouteDiversity,0
set_66_1_115.txt,total_wise,Median,1560
set_66_1_115.txt,total_wise,Q1,1560
set_66_1_115.txt,total_wise,Q3,1560
set_66_1_115.txt,total_wise,Best,1560
set_66_1_115.txt,total_wise,Worst,1560
set_66_1_115.txt,total_wise,Average,1560
set_66_1_115.txt,total_wise,RouteDiversity,0.5004504504504504
set_66_1_115.txt,total_wise,LocalRouteDiversity,0
set_66_1_115.txt,total_envy,Median,1570
set_66_1_115.txt,total_envy,Q1,1570
set_66_1_115.txt,total_envy,Q3,1570
set_66_1_115.txt,total_envy,Best,1570
set_66_1_115.txt,total_envy,Worst,1570
set_66_1_115.txt,total_envy,Average,1570
set_66_1_115.txt,total_envy,RouteDiversity,0.6037477493629608
set_66_1_115.txt,total_envy,LocalRouteDiversity,0
set_66_1_115.txt,selected_random,Median,1575
set_66_1_115.txt,selected_random,Q1,1570
set_66_1_115.txt,selected_random,Q3,1580
set_66_1_115.txt,selected_random,Best,1585
set_66_1_115.txt,selected_random,Worst,1565
set_66_1_115.txt,selected_random,Average,1575.956
set_66_1_115.txt,selected_random,RouteDiversity,0.6541346727614088
set_66_1_115.txt,selected_random,LocalRouteDiversity,0.00813569955737132
set_66_1_115.txt,selected_random_random_tie,Median,1580
set_66_1_115.txt,selected_random_random_tie,Q1,1570
set_66_1_115.txt,selected_random_random_tie,Q3,1585
set_66_1_115.txt,selected_random_random_tie,Best,1585
set_66_1_115.txt,selected_random_random_tie,Worst,1555
set_66_1_115.txt,selected_random_random_tie,Average,1576.392
set_66_1_115.txt,selected_random_random_tie,RouteDiversity,0.6936250880750043
set_66_1_115.txt,selected_random_random_tie,LocalRouteDiversity,0.17182673558045783
set_66_1_115.txt,selected_random_tie_marginal_envy,Median,1580
set_66_1_115.txt,selected_random_tie_marginal_envy,Q1,1570
set_66_1_115.txt,selected_random_tie_marginal_envy,Q3,1585
set_66_1_115.txt,selected_random_tie_marginal_envy,Best,1585
set_66_1_115.txt,selected_random_tie_marginal_envy,Worst,1555
set_66_1_115.txt,selected_random_tie_marginal_envy,Average,1576.602
set_66_1_115.txt,selected_random_tie_marginal_envy,RouteDiversity,0.693353098050292
set_66_1_115.txt,selected_random_tie_marginal_envy,LocalRouteDiversity,0.16901517219589304
set_66_1_115.txt,selected_random_tie_total_envy,Median,1580
set_66_1_115.txt,selected_random_tie_total_envy,Q1,1570
set_66_1_115.txt,selected_random_tie_total_envy,Q3,1585
set_66_1_115.txt,selected_random_tie_total_envy,Best,1585
set_66_1_115.txt,selected_random_tie_total_envy,Worst,1555
set_66_1_115.txt,selected_random_tie_total_envy,Average,1576.45
set_66_1_115.txt,selected_random_tie_total_envy,RouteDiversity,0.6907534655606266
set_66_1_115.txt,selected_random_tie_total_envy,LocalRouteDiversity,0.15272839900724852
set_66_1_115.txt,selected_random_tie_marginal_wise,Median,1580
set_66_1_115.txt,selected_random_tie_marginal_wise,Q1,1570
set_66_1_115.txt,selected_random_tie_marginal_wise,Q3,1585
set_66_1_115.txt,selected_random_tie_marginal_wise,Best,1585
set_66_1_115.txt,selected_random_tie_marginal_wise,Worst,1555
set_66_1_115.txt,selected_random_tie_marginal_wise,Average,1576.611
set_66_1_115.txt,selected_random_tie_marginal_wise,RouteDiversity,0.6928649744873759
set_66_1_115.txt,selected_random_tie_marginal_wise,LocalRouteDiversity,0.16681485106234115
set_66_1_050.txt,marginal_greedy,Median,395
set_66_1_050.txt,marginal_greedy,Q1,335
set_66_1_050.txt,marginal_greedy,Q3,455
set_66_1_050.txt,marginal_greedy,Best,700
set_66_1_050.txt,marginal_greedy,Worst,105
set_66_1_050.txt,marginal_greedy,Average,397.134
set_66_1_050.txt,marginal_greedy,RouteDiversity,0.9772295760700513
set_66_1_050.txt,marginal_greedy,LocalRouteDiversity,0.7683369141073186
set_66_1_050.txt,marginal_lazy,Median,395
set_66_1_050.txt,marginal_lazy,Q1,395
set_66_1_050.txt,marginal_lazy,Q3,395
set_66_1_050.txt,marginal_lazy,Best,395
set_66_1_050.txt,marginal_lazy,Worst,395
set_66_1_050.txt,marginal_lazy,Average,395
set_66_1_050.txt,marginal_lazy,RouteDiversity,0.5004824824824825
set_66_1_050.txt,marginal_lazy,LocalRouteDiversity,0
set_66_1_050.txt,marginal_smart,Median,650
set_66_1_050.txt,marginal_smart,Q1,650
set_66_1_050.txt,marginal_smart,Q3,650
set_66_1_050.txt,marginal_smart,Best,650
set_66_1_050.txt,marginal_smart,Worst,650
set_66_1_050.txt,marginal_smart,Average,650
set_66_1_050.txt,marginal_smart,RouteDiversity,0.7502002002002002
set_66_1_050.txt,marginal_smart,LocalRouteDiversity,0
set_66_1_050.txt,marginal_wise,Median,650
set_66_1_050.txt,marginal_wise,Q1,650
set_66_1_050.txt,marginal_wise,Q3,650
set_66_1_050.txt,marginal_wise,Best,650
set_66_1_050.txt,marginal_wise,Worst,650
set_66_1_050.txt,marginal_wise,Average,650
set_66_1_050.txt,marginal_wise,RouteDiversity,0.49893093093093094
set_66_1_050.txt,marginal_wise,LocalRouteDiversity,0
set_66_1_050.txt,marginal_envy,Median,650
set_66_1_050.txt,marginal_envy,Q1,650
set_66_1_050.txt,marginal_envy,Q3,650
set_66_1_050.txt,marginal_envy,Best,650
set_66_1_050.txt,marginal_envy,Worst,650
set_66_1_050.txt,marginal_envy,Average,650
set_66_1_050.txt,marginal_envy,RouteDiversity,0.7506886886886887
set_66_1_050.txt,marginal_envy,LocalRouteDiversity,0
set_66_1_050.txt,total_greedy,Median,390
set_66_1_050.txt,total_greedy,Q1,335
set_66_1_050.txt,total_greedy,Q3,455
set_66_1_050.txt,total_greedy,Best,700
set_66_1_050.txt,total_greedy,Worst,105
set_66_1_050.txt,total_greedy,Average,394.955
set_66_1_050.txt,total_greedy,RouteDiversity,0.9785663730288318
set_66_1_050.txt,total_greedy,LocalRouteDiversity,0.7731571597798903
set_66_1_050.txt,total_lazy,Median,485
set_66_1_050.txt,total_lazy,Q1,485
set_66_1_050.txt,total_lazy,Q3,485
set_66_1_050.txt,total_lazy,Best,485
set_66_1_050.txt,total_lazy,Worst,485
set_66_1_050.txt,total_lazy,Average,485
set_66_1_050.txt,total_lazy,RouteDiversity,0.5003723723723724
set_66_1_050.txt,total_lazy,LocalRouteDiversity,0
set_66_1_050.txt,total_smart,Median,660
set_66_1_050.txt,total_smart,Q1,650
set_66_1_050.txt,total_smart,Q3,660
set_66_1_050.txt,total_smart,Best,660
set_66_1_050.txt,total_smart,Worst,650
set_66_1_050.txt,total_smart,Average,655.118
set_66_1_050.txt,total_smart,RouteDiversity,0.7448352434083031
set_66_1_050.txt,total_smart,LocalRouteDiversity,0
set_66_1_050.txt,total_wise,Median,650
set_66_1_050.txt,total_wise,Q1,650
set_66_1_050.txt,total_wise,Q3,650
set_66_1_050.txt,total_wise,Best,650
set_66_1_050.txt,total_wise,Worst,650
set_66_1_050.txt,total_wise,Average,650
set_66_1_050.txt,total_wise,RouteDiversity,0.49961761761761764
set_66_1_050.txt,total_wise,LocalRouteDiversity,0
set_66_1_050.txt,total_envy,Median,650
set_66_1_050.txt,total_envy,Q1,650
set_66_1_050.txt,total_envy,Q3,650
set_66_1_050.txt,total_envy,Best,650
set_66_1_050.txt,total_envy,Worst,650
set_66_1_050.txt,total_envy,Average,650
set_66_1_050.txt,total_envy,RouteDiversity,0.7489689689689689
set_66_1_050.txt,total_envy,LocalRouteDiversity,0
set_66_1_050.txt,selected_random,Median,650
set_66_1_050.txt,selected_random,Q1,650
set_66_1_050.txt,selected_random,Q3,650
set_66_1_050.txt,selected_random,Best,670
set_66_1_050.txt,selected_random,Worst,630
set_66_1_050.txt,selected_random,Average,649.836
set_66_1_050.txt,selected_random,RouteDiversity,0.8396340681426765
set_66_1_050.txt,selected_random,LocalRouteDiversity,0.009429041674759137
set_66_1_050.txt,selected_random_random_tie,Median,660
set_66_1_050.txt,selected_random_random_tie,Q1,660
set_66_1_050.txt,selected_random_random_tie,Q3,660
set_66_1_050.txt,selected_random_random_tie,Best,670
set_66_1_050.txt,selected_random_random_tie,Worst,630
set_66_1_050.txt,selected_random_random_tie,Average,657.926
set_66_1_050.txt,selected_random_random_tie,RouteDiversity,0.8446214609484698
set_66_1_050.txt,selected_random_random_tie,LocalRouteDiversity,0.014296604693045183
set_66_1_050.txt,selected_random_tie_marginal_envy,Median,660
set_66_1_050.txt,selected_random_tie_marginal_envy,Q1,660
set_66_1_050.txt,selected_random_tie_marginal_envy,Q3,660
set_66_1_050.txt,selected_random_tie_marginal_envy,Best,670
set_66_1_050.txt,selected_random_tie_marginal_envy,Worst,640
set_66_1_050.txt,selected_random_tie_marginal_envy,Average,657.896
set_66_1_050.txt,selected_random_tie_marginal_envy,RouteDiversity,0.8414703279030727
set_66_1_050.txt,selected_random_tie_marginal_envy,LocalRouteDiversity,0.015570083161184385
set_66_1_050.txt,selected_random_tie_total_envy,Median,660
set_66_1_050.txt,selected_random_tie_total_envy,Q1,660
set_66_1_050.txt,selected_random_tie_total_envy,Q3,660
set_66_1_050.txt,selected_random_tie_total_envy,Best,670
set_66_1_050.txt,selected_random_tie_total_envy,Worst,640
set_66_1_050.txt,selected_random_tie_total_envy,Average,657.784
set_66_1_050.txt,selected_random_tie_total_envy,RouteDiversity,0.8431602555820455
set_66_1_050.txt,selected_random_tie_total_envy,LocalRouteDiversity,0.014634785858478855
set_66_1_050.txt,selected_random_tie_marginal_wise,Median,660
set_66_1_050.txt,selected_random_tie_marginal_wise,Q1,660
set_66_1_050.txt,selected_random_tie_marginal_wise,Q3,660
set_66_1_050.txt,selected_random_tie_marginal_wise,Best,670
set_66_1_050.txt,selected_random_tie_marginal_wise,Worst,640
set_66_1_050.txt,selected_random_tie_marginal_wise,Average,657.966
set_66_1_050.txt,selected_random_tie_marginal_wise,RouteDiversity,0.8430869506879766
set_66_1_050.txt,selected_random_tie_marginal_wise,LocalRouteDiversity,0.015704499487967236
set_64_1_20.txt,marginal_greedy,Median,294
set_64_1_20.txt,marginal_greedy,Q1,294
set_64_1_20.txt,marginal_greedy,Q3,294
set_64_1_20.txt,marginal_greedy,Best,294
set_64_1_20.txt,marginal_greedy,Worst,294
set_64_1_20.txt,marginal_greedy,Average,294
set_64_1_20.txt,marginal_greedy,RouteDiversity,0.49924924924924924
set_64_1_20.txt,marginal_greedy,LocalRouteDiversity,0
set_64_1_20.txt,marginal_lazy,Median,168
set_64_1_20.txt,marginal_lazy,Q1,168
set_64_1_20.txt,marginal_lazy,Q3,168
set_64_1_20.txt,marginal_lazy,Best,168
set_64_1_20.txt,marginal_lazy,Worst,168
set_64_1_20.txt,marginal_lazy,Average,168
set_64_1_20.txt,marginal_lazy,RouteDiversity,0.6444462315451784
set_64_1_20.txt,marginal_lazy,LocalRouteDiversity,0.00839999999999999
set_64_1_20.txt,marginal_smart,Median,168
set_64_1_20.txt,marginal_smart,Q1,168
set_64_1_20.txt,marginal_smart,Q3,168
set_64_1_20.txt,marginal_smart,Best,168
set_64_1_20.txt,marginal_smart,Worst,168
set_64_1_20.txt,marginal_smart,Average,168
set_64_1_20.txt,marginal_smart,RouteDiversity,0.6440999753433874
set_64_1_20.txt,marginal_smart,LocalRouteDiversity,0.008199999999999992
set_64_1_20.txt,marginal_wise,Median,168
set_64_1_20.txt,marginal_wise,Q1,168
set_64_1_20.txt,marginal_wise,Q3,168
set_64_1_20.txt,marginal_wise,Best,168
set_64_1_20.txt,marginal_wise,Worst,168
set_64_1_20.txt,marginal_wise,Average,168
set_64_1_20.txt,marginal_wise,RouteDiversity,0.6444591736247971
set_64_1_20.txt,marginal_wise,LocalRouteDiversity,0.006849999999999997
set_64_1_20.txt,marginal_envy,Median,180
set_64_1_20.txt,marginal_envy,Q1,168
set_64_1_20.txt,marginal_envy,Q3,180
set_64_1_20.txt,marginal_envy,Best,180
set_64_1_20.txt,marginal_envy,Worst,168
set_64_1_20.txt,marginal_envy,Average,174.0072
set_64_1_20.txt,marginal_envy,RouteDiversity,0.5660005596915281
set_64_1_20.txt,marginal_envy,LocalRouteDiversity,0
set_64_1_20.txt,total_greedy,Median,294
set_64_1_20.txt,total_greedy,Q1,294
set_64_1_20.txt,total_greedy,Q3,294
set_64_1_20.txt,total_greedy,Best,294
set_64_1_20.txt,total_greedy,Worst,294
set_64_1_20.txt,total_greedy,Average,294
set_64_1_20.txt,total_greedy,RouteDiversity,0.5001621621621621
set_64_1_20.txt,total_greedy,LocalRouteDiversity,0
set_64_1_20.txt,total_lazy,Median,168
set_64_1_20.txt,total_lazy,Q1,168
set_64_1_20.txt,total_lazy,Q3,168
set_64_1_20.txt,total_lazy,Best,168
set_64_1_20.txt,total_lazy,Worst,168
set_64_1_20.txt,total_lazy,Average,168
set_64_1_20.txt,total_lazy,RouteDiversity,0.6447820929699083
set_64_1_20.txt,total_lazy,LocalRouteDiversity,0.007749999999999992
set_64_1_20.txt,total_smart,Median,294
set_64_1_20.txt,total_smart,Q1,294
set_64_1_20.txt,total_smart,Q3,294
set_64_1_20.txt,total_smart,Best,294
set_64_1_20.txt,total_smart,Worst,294
set_64_1_20.txt,total_smart,Average,294
set_64_1_20.txt,total_smart,RouteDiversity,0.49977777777777777
set_64_1_20.txt,total_smart,LocalRouteDiversity,0
set_64_1_20.txt,total_wise,Median,216
set_64_1_20.txt,total_wise,Q1,210
set_64_1_20.txt,total_wise,Q3,216
set_64_1_20.txt,total_wise,Best,222
set_64_1_20.txt,total_wise,Worst,210
set_64_1_20.txt,total_wise,Average,215.8488
set_64_1_20.txt,total_wise,RouteDiversity,0.6505329485804021
set_64_1_20.txt,total_wise,LocalRouteDiversity,0.00025
set_64_1_20.txt,total_envy,Median,294
set_64_1_20.txt,total_envy,Q1,294
set_64_1_20.txt,total_envy,Q3,294
set_64_1_20.txt,total_envy,Best,294
set_64_1_20.txt,total_envy,Worst,294
set_64_1_20.txt,total_envy,Average,294
set_64_1_20.txt,total_envy,RouteDiversity,0.5004504504504504
set_64_1_20.txt,total_envy,LocalRouteDiversity,0
set_64_1_20.txt,selected_random,Median,234
set_64_1_20.txt,selected_random,Q1,180
set_64_1_20.txt,selected_random,Q3,294
set_64_1_20.txt,selected_random,Best,294
set_64_1_20.txt,selected_random,Worst,162
set_64_1_20.txt,selected_random,Average,231.7632
set_64_1_20.txt,selected_random,RouteDiversity,0.8615879459948107
set_64_1_20.txt,selected_random,LocalRouteDiversity,0.05826396018584094
set_64_1_20.txt,selected_random_random_tie,Median,234
set_64_1_20.txt,selected_random_random_tie,Q1,180
set_64_1_20.txt,selected_random_random_tie,Q3,294
set_64_1_20.txt,selected_random_random_tie,Best,294
set_64_1_20.txt,selected_random_random_tie,Worst,162
set_64_1_20.txt,selected_random_random_tie,Average,231.1536
set_64_1_20.txt,selected_random_random_tie,RouteDiversity,0.8660158873252201
set_64_1_20.txt,selected_random_random_tie,LocalRouteDiversity,0.07894288830708332
set_64_1_20.txt,selected_random_tie_marginal_envy,Median,234
set_64_1_20.txt,selected_random_tie_marginal_envy,Q1,180
set_64_1_20.txt,selected_random_tie_marginal_envy,Q3,294
set_64_1_20.txt,selected_random_tie_marginal_envy,Best,294
set_64_1_20.txt,selected_random_tie_marginal_envy,Worst,162
set_64_1_20.txt,selected_random_tie_marginal_envy,Average,230.502
set_64_1_20.txt,selected_random_tie_marginal_envy,RouteDiversity,0.8620866811135924
set_64_1_20.txt,selected_random_tie_marginal_envy,LocalRouteDiversity,0.07987072374563861
set_64_1_20.txt,selected_random_tie_total_envy,Median,186
set_64_1_20.txt,selected_random_tie_total_envy,Q1,174
set_64_1_20.txt,selected_random_tie_total_envy,Q3,294
set_64_1_20.txt,selected_random_tie_total_envy,Best,294
set_64_1_20.txt,selected_random_tie_total_envy,Worst,162
set_64_1_20.txt,selected_random_tie_total_envy,Average,215.7396
set_64_1_20.txt,selected_random_tie_total_envy,RouteDiversity,0.8338735820052622
set_64_1_20.txt,selected_random_tie_total_envy,LocalRouteDiversity,0.04774514105777261
set_64_1_20.txt,selected_random_tie_marginal_wise,Median,234
set_64_1_20.txt,selected_random_tie_marginal_wise,Q1,180
set_64_1_20.txt,selected_random_tie_marginal_wise,Q3,294
set_64_1_20.txt,selected_random_tie_marginal_wise,Best,294
set_64_1_20.txt,selected_random_tie_marginal_wise,Worst,162
set_64_1_20.txt,selected_random_tie_marginal_wise,Average,229.7988
set_64_1_20.txt,selected_random_tie_marginal_wise,RouteDiversity,0.8629053703726769
set_64_1_20.txt,selected_random_tie_marginal_wise,LocalRouteDiversity,0.07573929351092668
set_66_1_080.txt,marginal_greedy,Median,565
set_66_1_080.txt,marginal_greedy,Q1,490
set_66_1_080.txt,marginal_greedy,Q3,640
set_66_1_080.txt,marginal_greedy,Best,990
set_66_1_080.txt,marginal_greedy,Worst,210
set_66_1_080.txt,marginal_greedy,Average,567.877
set_66_1_080.txt,marginal_greedy,RouteDiversity,0.9745431995838877
set_66_1_080.txt,marginal_greedy,LocalRouteDiversity,0.8172763947099349
set_66_1_080.txt,marginal_lazy,Median,800
set_66_1_080.txt,marginal_lazy,Q1,800
set_66_1_080.txt,marginal_lazy,Q3,800
set_66_1_080.txt,marginal_lazy,Best,800
set_66_1_080.txt,marginal_lazy,Worst,800
set_66_1_080.txt,marginal_lazy,Average,800
set_66_1_080.txt,marginal_lazy,RouteDiversity,0.47342937532164586
set_66_1_080.txt,marginal_lazy,LocalRouteDiversity,0
set_66_1_080.txt,marginal_smart,Median,1125
set_66_1_080.txt,marginal_smart,Q1,1125
set_66_1_080.txt,marginal_smart,Q3,1125
set_66_1_080.txt,marginal_smart,Best,1125
set_66_1_080.txt,marginal_smart,Worst,1125
set_66_1_080.txt,marginal_smart,Average,1125
set_66_1_080.txt,marginal_smart,RouteDiversity,0.6872147147147147
set_66_1_080.txt,marginal_smart,LocalRouteDiversity,0
set_66_1_080.txt,marginal_wise,Median,1125
set_66_1_080.txt,marginal_wise,Q1,1125
set_66_1_080.txt,marginal_wise,Q3,1125
set_66_1_080.txt,marginal_wise,Best,1125
set_66_1_080.txt,marginal_wise,Worst,1125
set_66_1_080.txt,marginal_wise,Average,1125
set_66_1_080.txt,marginal_wise,RouteDiversity,0.4986986986986987
set_66_1_080.txt,marginal_wise,LocalRouteDiversity,0
set_66_1_080.txt,marginal_envy,Median,1125
set_66_1_080.txt,marginal_envy,Q1,1125
set_66_1_080.txt,marginal_envy,Q3,1125
set_66_1_080.txt,marginal_envy,Best,1125
set_66_1_080.txt,marginal_envy,Worst,1125
set_66_1_080.txt,marginal_envy,Average,1125
set_66_1_080.txt,marginal_envy,RouteDiversity,0.6869194194194195
set_66_1_080.txt,marginal_envy,LocalRouteDiversity,0
set_66_1_080.txt,total_greedy,Median,560
set_66_1_080.txt,total_greedy,Q1,485
set_66_1_080.txt,total_greedy,Q3,635
set_66_1_080.txt,total_greedy,Best,980
set_66_1_080.txt,total_greedy,Worst,210
set_66_1_080.txt,total_greedy,Average,563.692
set_66_1_080.txt,total_greedy,RouteDiversity,0.9761082425896772
set_66_1_080.txt,total_greedy,LocalRouteDiversity,0.8217982399608
set_66_1_080.txt,total_lazy,Median,795
set_66_1_080.txt,total_lazy,Q1,795
set_66_1_080.txt,total_lazy,Q3,795
set_66_1_080.txt,total_lazy,Best,795
set_66_1_080.txt,total_lazy,Worst,795
set_66_1_080.txt,total_lazy,Average,795
set_66_1_080.txt,total_lazy,RouteDiversity,0.485756026293419
set_66_1_080.txt,total_lazy,LocalRouteDiversity,0
set_66_1_080.txt,total_smart,Median,1115
set_66_1_080.txt,total_smart,Q1,1115
set_66_1_080.txt,total_smart,Q3,1125
set_66_1_080.txt,total_smart,Best,1125
set_66_1_080.txt,total_smart,Worst,1115
set_66_1_080.txt,total_smart,Average,1119.982
set_66_1_080.txt,total_smart,RouteDiversity,0.6861686686686687
set_66_1_080.txt,total_smart,LocalRouteDiversity,0
set_66_1_080.txt,total_wise,Median,1125
set_66_1_080.txt,total_wise,Q1,1125
set_66_1_080.txt,total_wise,Q3,1125
set_66_1_080.txt,total_wise,Best,1125
set_66_1_080.txt,total_wise,Worst,1125
set_66_1_080.txt,total_wise,Average,1125
set_66_1_080.txt,total_wise,RouteDiversity,0.5004024024024024
set_66_1_080.txt,total_wise,LocalRouteDiversity,0
set_66_1_080.txt,total_envy,Median,1115
set_66_1_080.txt,total_envy,Q1,1115
set_66_1_080.txt,total_envy,Q3,1115
set_66_1_080.txt,total_envy,Best,1115
set_66_1_080.txt,total_envy,Worst,1115
set_66_1_080.txt,total_envy,Average,1115
set_66_1_080.txt,total_envy,RouteDiversity,0.6875915915915916
set_66_1_080.txt,total_envy,LocalRouteDiversity,0
set_66_1_080.txt,selected_random,Median,1115
set_66_1_080.txt,selected_random,Q1,1115
set_66_1_080.txt,selected_random,Q3,1125
set_66_1_080.txt,selected_random,Best,1125
set_66_1_080.txt,selected_random,Worst,1095
set_66_1_080.txt,selected_random,Average,1117.25
set_66_1_080.txt,selected_random,RouteDiversity,0.7569426312343434
set_66_1_080.txt,selected_random,LocalRouteDiversity,0.006456828360251112
set_66_1_080.txt,selected_random_random_tie,Median,1125
set_66_1_080.txt,selected_random_random_tie,Q1,1115
set_66_1_080.txt,selected_random_random_tie,Q3,1125
set_66_1_080.txt,selected_random_random_tie,Best,1125
set_66_1_080.txt,selected_random_random_tie,Worst,1095
set_66_1_080.txt,selected_random_random_tie,Average,1120.862
set_66_1_080.txt,selected_random_random_tie,RouteDiversity,0.7679708542436559
set_66_1_080.txt,selected_random_random_tie,LocalRouteDiversity,0.0165578792401846
set_66_1_080.txt,selected_random_tie_marginal_envy,Median,1125
set_66_1_080.txt,selected_random_tie_marginal_envy,Q1,1115
set_66_1_080.txt,selected_random_tie_marginal_envy,Q3,1125
set_66_1_080.txt,selected_random_tie_marginal_envy,Best,1125
set_66_1_080.txt,selected_random_tie_marginal_envy,Worst,1095
set_66_1_080.txt,selected_random_tie_marginal_envy,Average,1120.78
set_66_1_080.txt,selected_random_tie_marginal_envy,RouteDiversity,0.7680354815443959
set_66_1_080.txt,selected_random_tie_marginal_envy,LocalRouteDiversity,0.016402462294474427
set_66_1_080.txt,selected_random_tie_total_envy,Median,1125
set_66_1_080.txt,selected_random_tie_total_envy,Q1,1115
set_66_1_080.txt,selected_random_tie_total_envy,Q3,1125
set_66_1_080.txt,selected_random_tie_total_envy,Best,1125
set_66_1_080.txt,selected_random_tie_total_envy,Worst,1095
set_66_1_080.txt,selected_random_tie_total_envy,Average,1120.928
set_66_1_080.txt,selected_random_tie_total_envy,RouteDiversity,0.7694722125687752
set_66_1_080.txt,selected_random_tie_total_envy,LocalRouteDiversity,0.0160166847396077
set_66_1_080.txt,selected_random_tie_marginal_wise,Median,1125
set_66_1_080.txt,selected_random_tie_marginal_wise,Q1,1115
set_66_1_080.txt,selected_random_tie_marginal_wise,Q3,1125
set_66_1_080.txt,selected_random_tie_marginal_wise,Best,1125
set_66_1_080.txt,selected_random_tie_marginal_wise,Worst,1095
set_66_1_080.txt,selected_random_tie_marginal_wise,Average,1120.94
set_66_1_080.txt,selected_random_tie_marginal_wise,RouteDiversity,0.7682959604458246
set_66_1_080.txt,selected_random_tie_marginal_wise,LocalRouteDiversity,0.01537494396545661
set_66_1_055.txt,marginal_greedy,Median,425
set_66_1_055.txt,marginal_greedy,Q1,365
set_66_1_055.txt,marginal_greedy,Q3,490
set_66_1_055.txt,marginal_greedy,Best,820
set_66_1_055.txt,marginal_greedy,Worst,155
set_66_1_055.txt,marginal_greedy,Average,428.511
set_66_1_055.txt,marginal_greedy,RouteDiversity,0.9774992809915737
set_66_1_055.txt,marginal_greedy,LocalRouteDiversity,0.7848537272539506
set_66_1_055.txt,marginal_lazy,Median,435
set_66_1_055.txt,marginal_lazy,Q1,435
set_66_1_055.txt,marginal_lazy,Q3,435
set_66_1_055.txt,marginal_lazy,Best,435
set_66_1_055.txt,marginal_lazy,Worst,435
set_66_1_055.txt,marginal_lazy,Average,435
set_66_1_055.txt,marginal_lazy,RouteDiversity,0.5003723723723724
set_66_1_055.txt,marginal_lazy,LocalRouteDiversity,0
set_66_1_055.txt,marginal_smart,Median,725
set_66_1_055.txt,marginal_smart,Q1,725
set_66_1_055.txt,marginal_smart,Q3,725
set_66_1_055.txt,marginal_smart,Best,725
set_66_1_055.txt,marginal_smart,Worst,725
set_66_1_055.txt,marginal_smart,Average,725
set_66_1_055.txt,marginal_smart,RouteDiversity,0.7366310768667114
set_66_1_055.txt,marginal_smart,LocalRouteDiversity,0
set_66_1_055.txt,marginal_wise,Median,725
set_66_1_055.txt,marginal_wise,Q1,725
set_66_1_055.txt,marginal_wise,Q3,725
set_66_1_055.txt,marginal_wise,Best,725
set_66_1_055.txt,marginal_wise,Worst,725
set_66_1_055.txt,marginal_wise,Average,725
set_66_1_055.txt,marginal_wise,RouteDiversity,0.5002122122122122
set_66_1_055.txt,marginal_wise,LocalRouteDiversity,0
set_66_1_055.txt,marginal_envy,Median,725
set_66_1_055.txt,marginal_envy,Q1,725
set_66_1_055.txt,marginal_envy,Q3,725
set_66_1_055.txt,marginal_envy,Best,725
set_66_1_055.txt,marginal_envy,Worst,725
set_66_1_055.txt,marginal_envy,Average,725
set_66_1_055.txt,marginal_envy,RouteDiversity,0.7366473948682211
set_66_1_055.txt,marginal_envy,LocalRouteDiversity,0
set_66_1_055.txt,total_greedy,Median,425
set_66_1_055.txt,total_greedy,Q1,365
set_66_1_055.txt,total_greedy,Q3,485
set_66_1_055.txt,total_greedy,Best,815
set_66_1_055.txt,total_greedy,Worst,165
set_66_1_055.txt,total_greedy,Average,427.297
set_66_1_055.txt,total_greedy,RouteDiversity,0.9770051328249829
set_66_1_055.txt,total_greedy,LocalRouteDiversity,0.7790539013720218
set_66_1_055.txt,total_lazy,Median,525
set_66_1_055.txt,total_lazy,Q1,525
set_66_1_055.txt,total_lazy,Q3,525
set_66_1_055.txt,total_lazy,Best,525
set_66_1_055.txt,total_lazy,Worst,525
set_66_1_055.txt,total_lazy,Average,525
set_66_1_055.txt,total_lazy,RouteDiversity,0.49977777777777777
set_66_1_055.txt,total_lazy,LocalRouteDiversity,0
set_66_1_055.txt,total_smart,Median,725
set_66_1_055.txt,total_smart,Q1,715
set_66_1_055.txt,total_smart,Q3,725
set_66_1_055.txt,total_smart,Best,725
set_66_1_055.txt,total_smart,Worst,715
set_66_1_055.txt,total_smart,Average,720.012
set_66_1_055.txt,total_smart,RouteDiversity,0.7356674465697581
set_66_1_055.txt,total_smart,LocalRouteDiversity,0
set_66_1_055.txt,total_wise,Median,725
set_66_1_055.txt,total_wise,Q1,725
set_66_1_055.txt,total_wise,Q3,725
set_66_1_055.txt,total_wise,Best,725
set_66_1_055.txt,total_wise,Worst,725
set_66_1_055.txt,total_wise,Average,725
set_66_1_055.txt,total_wise,RouteDiversity,0.5004504504504504
set_66_1_055.txt,total_wise,LocalRouteDiversity,0
set_66_1_055.txt,total_envy,Median,725
set_66_1_055.txt,total_envy,Q1,725
set_66_1_055.txt,total_envy,Q3,725
set_66_1_055.txt,total_envy,Best,725
set_66_1_055.txt,total_envy,Worst,725
set_66_1_055.txt,total_envy,Average,725
set_66_1_055.txt,total_envy,RouteDiversity,0.7502462462462463
set_66_1_055.txt,total_envy,LocalRouteDiversity,0
set_66_1_055.txt,selected_random,Median,715
set_66_1_055.txt,selected_random,Q1,715
set_66_1_055.txt,selected_random,Q3,725
set_66_1_055.txt,selected_random,Best,730
set_66_1_055.txt,selected_random,Worst,695
set_66_1_055.txt,selected_random,Average,717.191
set_66_1_055.txt,selected_random,RouteDiversity,0.8160525408910297
set_66_1_055.txt,selected_random,LocalRouteDiversity,0.009077517209229734
set_66_1_055.txt,selected_random_random_tie,Median,725
set_66_1_055.txt,selected_random_random_tie,Q1,725
set_66_1_055.txt,selected_random_random_tie,Q3,725
set_66_1_055.txt,selected_random_random_tie,Best,730
set_66_1_055.txt,selected_random_random_tie,Worst,705
set_66_1_055.txt,selected_random_random_tie,Average,723.565
set_66_1_055.txt,selected_random_random_tie,RouteDiversity,0.8274614529366701
set_66_1_055.txt,selected_random_random_tie,LocalRouteDiversity,0.017329193835892112
set_66_1_055.txt,selected_random_tie_marginal_envy,Median,725
set_66_1_055.txt,selected_random_tie_marginal_envy,Q1,725
set_66_1_055.txt,selected_random_tie_marginal_envy,Q3,725
set_66_1_055.txt,selected_random_tie_marginal_envy,Best,730
set_66_1_055.txt,selected_random_tie_marginal_envy,Worst,705
set_66_1_055.txt,selected_random_tie_marginal_envy,Average,723.632
set_66_1_055.txt,selected_random_tie_marginal_envy,RouteDiversity,0.8268906528816059
set_66_1_055.txt,selected_random_tie_marginal_envy,LocalRouteDiversity,0.018689672860346486
set_66_1_055.txt,selected_random_tie_total_envy,Median,725
set_66_1_055.txt,selected_random_tie_total_envy,Q1,725
set_66_1_055.txt,selected_random_tie_total_envy,Q3,725
set_66_1_055.txt,selected_random_tie_total_envy,Best,730
set_66_1_055.txt,selected_random_tie_total_envy,Worst,705
set_66_1_055.txt,selected_random_tie_total_envy,Average,723.653
set_66_1_055.txt,selected_random_tie_total_envy,RouteDiversity,0.8263331007495647
set_66_1_055.txt,selected_random_tie_total_envy,LocalRouteDiversity,0.018707531132687676
set_66_1_055.txt,selected_random_tie_marginal_wise,Median,725
set_66_1_055.txt,selected_random_tie_marginal_wise,Q1,725
set_66_1_055.txt,selected_random_tie_marginal_wise,Q3,725
set_66_1_055.txt,selected_random_tie_marginal_wise,Best,750
set_66_1_055.txt,selected_random_tie_marginal_wise,Worst,705
set_66_1_055.txt,selected_random_tie_marginal_wise,Average,723.563
set_66_1_055.txt,selected_random_tie_marginal_wise,RouteDiversity,0.8280952331046048
set_66_1_055.txt,selected_random_tie_marginal_wise,LocalRouteDiversity,0.018827860425206257
tsiligirides_problem_3_budget_075.txt,marginal_greedy,Median,430
tsiligirides_problem_3_budget_075.txt,marginal_greedy,Q1,400
tsiligirides_problem_3_budget_075.txt,marginal_greedy,Q3,450
tsiligirides_problem_3_budget_075.txt,marginal_greedy,Best,570
tsiligirides_problem_3_budget_075.txt,marginal_greedy,Worst,300
tsiligirides_problem_3_budget_075.txt,marginal_greedy,Average,425.322
tsiligirides_problem_3_budget_075.txt,marginal_greedy,RouteDiversity,0.904225023721693
tsiligirides_problem_3_budget_075.txt,marginal_greedy,LocalRouteDiversity,0.10966055592808109
tsiligirides_problem_3_budget_075.txt,marginal_lazy,Median,610
tsiligirides_problem_3_budget_075.txt,marginal_lazy,Q1,610
tsiligirides_problem_3_budget_075.txt,marginal_lazy,Q3,610
tsiligirides_problem_3_budget_075.txt,marginal_lazy,Best,610
tsiligirides_problem_3_budget_075.txt,marginal_lazy,Worst,610
tsiligirides_problem_3_budget_075.txt,marginal_lazy,Average,610
tsiligirides_problem_3_budget_075.txt,marginal_lazy,RouteDiversity,0
tsiligirides_problem_3_budget_075.txt,marginal_lazy,LocalRouteDiversity,0
tsiligirides_problem_3_budget_075.txt,marginal_smart,Median,620
tsiligirides_problem_3_budget_075.txt,marginal_smart,Q1,620
tsiligirides_problem_3_budget_075.txt,marginal_smart,Q3,620
tsiligirides_problem_3_budget_075.txt,marginal_smart,Best,620
tsiligirides_problem_3_budget_075.txt,marginal_smart,Worst,620
tsiligirides_problem_3_budget_075.txt,marginal_smart,Average,620
tsiligirides_problem_3_budget_075.txt,marginal_smart,RouteDiversity,0
tsiligirides_problem_3_budget_075.txt,marginal_smart,LocalRouteDiversity,0
tsiligirides_problem_3_budget_075.txt,marginal_wise,Median,650
tsiligirides_problem_3_budget_075.txt,marginal_wise,Q1,650
tsiligirides_problem_3_budget_075.txt,marginal_wise,Q3,650
tsiligirides_problem_3_budget_075.txt,marginal_wise,Best,650
tsiligirides_problem_3_budget_075.txt,marginal_wise,Worst,650
tsiligirides_problem_3_budget_075.txt,marginal_wise,Average,650
tsiligirides_problem_3_budget_075.txt,marginal_wise,RouteDiversity,0
tsiligirides_problem_3_budget_075.txt,marginal_wise,LocalRouteDiversity,0
tsiligirides_problem_3_budget_075.txt,marginal_envy,Median,610
tsiligirides_problem_3_budget_075.txt,marginal_envy,Q1,610
tsiligirides_problem_3_budget_075.txt,marginal_envy,Q3,610
tsiligirides_problem_3_budget_075.txt,marginal_envy,Best,610
tsiligirides_problem_3_budget_075.txt,marginal_envy,Worst,610
tsiligirides_problem_3_budget_075.txt,marginal_envy,Average,610
tsiligirides_problem_3_budget_075.txt,marginal_envy,RouteDiversity,0
tsiligirides_problem_3_budget_075.txt,marginal_envy,LocalRouteDiversity,0
tsiligirides_problem_3_budget_075.txt,total_greedy,Median,430
tsiligirides_problem_3_budget_075.txt,total_greedy,Q1,400
tsiligirides_problem_3_budget_075.txt,total_greedy,Q3,450
tsiligirides_problem_3_budget_075.txt,total_greedy,Best,570
tsiligirides_problem_3_budget_075.txt,total_greedy,Worst,300
tsiligirides_problem_3_budget_075.txt,total_greedy,Average,424.58
tsiligirides_problem_3_budget_075.txt,total_greedy,RouteDiversity,0.9045910065368209
tsiligirides_problem_3_budget_075.txt,total_greedy,LocalRouteDiversity,0.10909411194198014
tsiligirides_problem_3_budget_075.txt,total_lazy,Median,610
tsiligirides_problem_3_budget_075.txt,total_lazy,Q1,610
tsiligirides_problem_3_budget_075.txt,total_lazy,Q3,610
tsiligirides_problem_3_budget_075.txt,total_lazy,Best,610
tsiligirides_problem_3_budget_075.txt,total_lazy,Worst,610
tsiligirides_problem_3_budget_075.txt,total_lazy,Average,610
tsiligirides_problem_3_budget_075.txt,total_lazy,RouteDiversity,0
tsiligirides_problem_3_budget_075.txt,total_lazy,LocalRouteDiversity,0
tsiligirides_problem_3_budget_075.txt,total_smart,Median,600
tsiligirides_problem_3_budget_075.txt,total_smart,Q1,600
tsiligirides_problem_3_budget_075.txt,total_smart,Q3,600
tsiligirides_problem_3_budget_075.txt,total_smart,Best,600
tsiligirides_problem_3_budget_075.txt,total_smart,Worst,600
tsiligirides_problem_3_budget_075.txt,total_smart,Average,600
tsiligirides_problem_3_budget_075.txt,total_smart,RouteDiversity,0
tsiligirides_problem_3_budget_075.txt,total_smart,LocalRouteDiversity,0
tsiligirides_problem_3_budget_075.txt,total_wise,Median,580
tsiligirides_problem_3_budget_075.txt,total_wise,Q1,580
tsiligirides_problem_3_budget_075.txt,total_wise,Q3,580
tsiligirides_problem_3_budget_075.txt,total_wise,Best,580
tsiligirides_problem_3_budget_075.txt,total_wise,Worst,580
tsiligirides_problem_3_budget_075.txt,total_wise,Average,580
tsiligirides_problem_3_budget_075.txt,total_wise,RouteDiversity,0
tsiligirides_problem_3_budget_075.txt,total_wise,LocalRouteDiversity,0
tsiligirides_problem_3_budget_075.txt,total_envy,Median,610
tsiligirides_problem_3_budget_075.txt,total_envy,Q1,610
tsiligirides_problem_3_budget_075.txt,total_envy,Q3,610
tsiligirides_problem_3_budget_075.txt,total_envy,Best,610
tsiligirides_problem_3_budget_075.txt,total_envy,Worst,610
tsiligirides_problem_3_budget_075.txt,total_envy,Average,610
tsiligirides_problem_3_budget_075.txt,total_envy,RouteDiversity,0
tsiligirides_problem_3_budget_075.txt,total_envy,LocalRouteDiversity,0
tsiligirides_problem_3_budget_075.txt,selected_random,Median,610
tsiligirides_problem_3_budget_075.txt,selected_random,Q1,600
tsiligirides_problem_3_budget_075.txt,selected_random,Q3,620
tsiligirides_problem_3_budget_075.txt,selected_random,Best,650
tsiligirides_problem_3_budget_075.txt,selected_random,Worst,570
tsiligirides_problem_3_budget_075.txt,selected_random,Average,609.66
tsiligirides_problem_3_budget_075.txt,selected_random,RouteDiversity,0.677753381297864
tsiligirides_problem_3_budget_075.txt,selected_random,LocalRouteDiversity,0.02008821807973119
tsiligirides_problem_3_budget_075.txt,selected_random_random_tie,Median,610
tsiligirides_problem_3_budget_075.txt,selected_random_random_tie,Q1,600
tsiligirides_problem_3_budget_075.txt,selected_random_random_tie,Q3,620
tsiligirides_problem_3_budget_075.txt,selected_random_random_tie,Best,650
tsiligirides_problem_3_budget_075.txt,selected_random_random_tie,Worst,570
tsiligirides_problem_3_budget_075.txt,selected_random_random_tie,Average,609.376
tsiligirides_problem_3_budget_075.txt,selected_random_random_tie,RouteDiversity,0.6851438260712759
tsiligirides_problem_3_budget_075.txt,selected_random_random_tie,LocalRouteDiversity,0.01748421250656944
tsiligirides_problem_3_budget_075.txt,selected_random_tie_marginal_envy,Median,610
tsiligirides_problem_3_budget_075.txt,selected_random_tie_marginal_envy,Q1,600
tsiligirides_problem_3_budget_075.txt,selected_random_tie_marginal_envy,Q3,620
tsiligirides_problem_3_budget_075.txt,selected_random_tie_marginal_envy,Best,650
tsiligirides_problem_3_budget_075.txt,selected_random_tie_marginal_envy,Worst,570
tsiligirides_problem_3_budget_075.txt,selected_random_tie_marginal_envy,Average,609.554
tsiligirides_problem_3_budget_075.txt,selected_random_tie_marginal_envy,RouteDiversity,0.6902175518569879
tsiligirides_problem_3_budget_075.txt,selected_random_tie_marginal_envy,LocalRouteDiversity,0.01859580401024414
tsiligirides_problem_3_budget_075.txt,selected_random_tie_total_envy,Median,610
tsiligirides_problem_3_budget_075.txt,selected_random_tie_total_envy,Q1,600
tsiligirides_problem_3_budget_075.txt,selected_random_tie_total_envy,Q3,620
tsiligirides_problem_3_budget_075.txt,selected_random_tie_total_envy,Best,650
tsiligirides_problem_3_budget_075.txt,selected_random_tie_total_envy,Worst,570
tsiligirides_problem_3_budget_075.txt,selected_random_tie_total_envy,Average,609.576
tsiligirides_problem_3_budget_075.txt,selected_random_tie_total_envy,RouteDiversity,0.6832465533635137
tsiligirides_problem_3_budget_075.txt,selected_random_tie_total_envy,LocalRouteDiversity,0.020536578227911086
tsiligirides_problem_3_budget_075.txt,selected_random_tie_marginal_wise,Median,610
tsiligirides_problem_3_budget_075.txt,selected_random_tie_marginal_wise,Q1,600
tsiligirides_problem_3_budget_075.txt,selected_random_tie_marginal_wise,Q3,620
tsiligirides_problem_3_budget_075.txt,selected_random_tie_marginal_wise,Best,650
tsiligirides_problem_3_budget_075.txt,selected_random_tie_marginal_wise,Worst,570
tsiligirides_problem_3_budget_075.txt,selected_random_tie_marginal_wise,Average,609.332
tsiligirides_problem_3_budget_075.txt,selected_random_tie_marginal_wise,RouteDiversity,0.6824438368577024
tsiligirides_problem_3_budget_075.txt,selected_random_tie_marginal_wise,LocalRouteDiversity,0.014874235117612714
set_64_1_50.txt,marginal_greedy,Median,546
set_64_1_50.txt,marginal_greedy,Q1,516
set_64_1_50.txt,marginal_greedy,Q3,678
set_64_1_50.txt,marginal_greedy,Best,714
set_64_1_50.txt,marginal_greedy,Worst,438
set_64_1_50.txt,marginal_greedy,Average,585.4152
set_64_1_50.txt,marginal_greedy,RouteDiversity,0.7815886883861277
set_64_1_50.txt,marginal_greedy,LocalRouteDiversity,0.04338666201568263
set_64_1_50.txt,marginal_lazy,Median,648
set_64_1_50.txt,marginal_lazy,Q1,630
set_64_1_50.txt,marginal_lazy,Q3,648
set_64_1_50.txt,marginal_lazy,Best,648
set_64_1_50.txt,marginal_lazy,Worst,630
set_64_1_50.txt,marginal_lazy,Average,639.0864
set_64_1_50.txt,marginal_lazy,RouteDiversity,0.651374752946041
set_64_1_50.txt,marginal_lazy,LocalRouteDiversity,0.025627301587301574
set_64_1_50.txt,marginal_smart,Median,708
set_64_1_50.txt,marginal_smart,Q1,708
set_64_1_50.txt,marginal_smart,Q3,726
set_64_1_50.txt,marginal_smart,Best,726
set_64_1_50.txt,marginal_smart,Worst,708
set_64_1_50.txt,marginal_smart,Average,716.9892
set_64_1_50.txt,marginal_smart,RouteDiversity,0.6493062439325852
set_64_1_50.txt,marginal_smart,LocalRouteDiversity,0
set_64_1_50.txt,marginal_wise,Median,696
set_64_1_50.txt,marginal_wise,Q1,696
set_64_1_50.txt,marginal_wise,Q3,708
set_64_1_50.txt,marginal_wise,Best,708
set_64_1_50.txt,marginal_wise,Worst,696
set_64_1_50.txt,marginal_wise,Average,701.964
set_64_1_50.txt,marginal_wise,RouteDiversity,0.6887037791139354
set_64_1_50.txt,marginal_wise,LocalRouteDiversity,0.003337142857142854
set_64_1_50.txt,marginal_envy,Median,750
set_64_1_50.txt,marginal_envy,Q1,708
set_64_1_50.txt,marginal_envy,Q3,756
set_64_1_50.txt,marginal_envy,Best,756
set_64_1_50.txt,marginal_envy,Worst,708
set_64_1_50.txt,marginal_envy,Average,740.7876
set_64_1_50.txt,marginal_envy,RouteDiversity,0.61680702212078
set_64_1_50.txt,marginal_envy,LocalRouteDiversity,0
set_64_1_50.txt,total_greedy,Median,546
set_64_1_50.txt,total_greedy,Q1,516
set_64_1_50.txt,total_greedy,Q3,684
set_64_1_50.txt,total_greedy,Best,714
set_64_1_50.txt,total_greedy,Worst,438
set_64_1_50.txt,total_greedy,Average,586.2684
set_64_1_50.txt,total_greedy,RouteDiversity,0.7799842447067338
set_64_1_50.txt,total_greedy,LocalRouteDiversity,0.04844804777038165
set_64_1_50.txt,total_lazy,Median,564
set_64_1_50.txt,total_lazy,Q1,558
set_64_1_50.txt,total_lazy,Q3,582
set_64_1_50.txt,total_lazy,Best,636
set_64_1_50.txt,total_lazy,Worst,540
set_64_1_50.txt,total_lazy,Average,572.604
set_64_1_50.txt,total_lazy,RouteDiversity,0.783851151219387
set_64_1_50.txt,total_lazy,LocalRouteDiversity,0.01438862695955578
set_64_1_50.txt,total_smart,Median,768
set_64_1_50.txt,total_smart,Q1,768
set_64_1_50.txt,total_smart,Q3,768
set_64_1_50.txt,total_smart,Best,768
set_64_1_50.txt,total_smart,Worst,768
set_64_1_50.txt,total_smart,Average,768
set_64_1_50.txt,total_smart,RouteDiversity,0.49924924924924924
set_64_1_50.txt,total_smart,LocalRouteDiversity,0
set_64_1_50.txt,total_wise,Median,720
set_64_1_50.txt,total_wise,Q1,690
set_64_1_50.txt,total_wise,Q3,726
set_64_1_50.txt,total_wise,Best,732
set_64_1_50.txt,total_wise,Worst,666
set_64_1_50.txt,total_wise,Average,705.3972
set_64_1_50.txt,total_wise,RouteDiversity,0.689514388528897
set_64_1_50.txt,total_wise,LocalRouteDiversity,0.002274957983193277
set_64_1_50.txt,total_envy,Median,798
set_64_1_50.txt,total_envy,Q1,714
set_64_1_50.txt,total_envy,Q3,798
set_64_1_50.txt,total_envy,Best,798
set_64_1_50.txt,total_envy,Worst,714
set_64_1_50.txt,total_envy,Average,763.9152
set_64_1_50.txt,total_envy,RouteDiversity,0.7237338304213737
set_64_1_50.txt,total_envy,LocalRouteDiversity,0
set_64_1_50.txt,selected_random,Median,780
set_64_1_50.txt,selected_random,Q1,738
set_64_1_50.txt,selected_random,Q3,804
set_64_1_50.txt,selected_random,Best,876
set_64_1_50.txt,selected_random,Worst,660
set_64_1_50.txt,selected_random,Average,769.8108
set_64_1_50.txt,selected_random,RouteDiversity,0.8053849401156296
set_64_1_50.txt,selected_random,LocalRouteDiversity,0.18414769603815567
set_64_1_50.txt,selected_random_random_tie,Median,744
set_64_1_50.txt,selected_random_random_tie,Q1,726
set_64_1_50.txt,selected_random_random_tie,Q3,768
set_64_1_50.txt,selected_random_random_tie,Best,870
set_64_1_50.txt,selected_random_random_tie,Worst,630
set_64_1_50.txt,selected_random_random_tie,Average,747.7224
set_64_1_50.txt,selected_random_random_tie,RouteDiversity,0.8784264131187999
set_64_1_50.txt,selected_random_random_tie,LocalRouteDiversity,0.4924710450322232
set_64_1_50.txt,selected_random_tie_marginal_envy,Median,744
set_64_1_50.txt,selected_random_tie_marginal_envy,Q1,726
set_64_1_50.txt,selected_random_tie_marginal_envy,Q3,768
set_64_1_50.txt,selected_random_tie_marginal_envy,Best,876
set_64_1_50.txt,selected_random_tie_marginal_envy,Worst,618
set_64_1_50.txt,selected_random_tie_marginal_envy,Average,747.4044
set_64_1_50.txt,selected_random_tie_marginal_envy,RouteDiversity,0.8775966529601457
set_64_1_50.txt,selected_random_tie_marginal_envy,LocalRouteDiversity,0.4907706637367884
set_64_1_50.txt,selected_random_tie_total_envy,Median,762
set_64_1_50.txt,selected_random_tie_total_envy,Q1,732
set_64_1_50.txt,selected_random_tie_total_envy,Q3,774
set_64_1_50.txt,selected_random_tie_total_envy,Best,876
set_64_1_50.txt,selected_random_tie_total_envy,Worst,636
set_64_1_50.txt,selected_random_tie_total_envy,Average,756.3192
set_64_1_50.txt,selected_random_tie_total_envy,RouteDiversity,0.8682383283035395
set_64_1_50.txt,selected_random_tie_total_envy,LocalRouteDiversity,0.43653083804943577
set_64_1_50.txt,selected_random_tie_marginal_wise,Median,744
set_64_1_50.txt,selected_random_tie_marginal_wise,Q1,726
set_64_1_50.txt,selected_random_tie_marginal_wise,Q3,768
set_64_1_50.txt,selected_random_tie_marginal_wise,Best,864
set_64_1_50.txt,selected_random_tie_marginal_wise,Worst,630
set_64_1_50.txt,selected_random_tie_marginal_wise,Average,747.5088
set_64_1_50.txt,selected_random_tie_marginal_wise,RouteDiversity,0.8774603149006246
set_64_1_50.txt,selected_random_tie_marginal_wise,LocalRouteDiversity,0.4898066305935969
set_66_1_075.txt,marginal_greedy,Median,535
set_66_1_075.txt,marginal_greedy,Q1,465
set_66_1_075.txt,marginal_greedy,Q3,605
set_66_1_075.txt,marginal_greedy,Best,935
set_66_1_075.txt,marginal_greedy,Worst,235
set_66_1_075.txt,marginal_greedy,Average,537.611
set_66_1_075.txt,marginal_greedy,RouteDiversity,0.9755309150566261
set_66_1_075.txt,marginal_greedy,LocalRouteDiversity,0.8170072254531187
set_66_1_075.txt,marginal_lazy,Median,715
set_66_1_075.txt,marginal_lazy,Q1,705
set_66_1_075.txt,marginal_lazy,Q3,715
set_66_1_075.txt,marginal_lazy,Best,715
set_66_1_075.txt,marginal_lazy,Worst,705
set_66_1_075.txt,marginal_lazy,Average,710.024
set_66_1_075.txt,marginal_lazy,RouteDiversity,0.5122412818796858
set_66_1_075.txt,marginal_lazy,LocalRouteDiversity,0
set_66_1_075.txt,marginal_smart,Median,1025
set_66_1_075.txt,marginal_smart,Q1,1025
set_66_1_075.txt,marginal_smart,Q3,1025
set_66_1_075.txt,marginal_smart,Best,1025
set_66_1_075.txt,marginal_smart,Worst,1025
set_66_1_075.txt,marginal_smart,Average,1025
set_66_1_075.txt,marginal_smart,RouteDiversity,0.7003605851152647
set_66_1_075.txt,marginal_smart,LocalRouteDiversity,0
set_66_1_075.txt,marginal_wise,Median,1025
set_66_1_075.txt,marginal_wise,Q1,1025
set_66_1_075.txt,marginal_wise,Q3,1025
set_66_1_075.txt,marginal_wise,Best,1025
set_66_1_075.txt,marginal_wise,Worst,1025
set_66_1_075.txt,marginal_wise,Average,1025
set_66_1_075.txt,marginal_wise,RouteDiversity,0.49893093093093094
set_66_1_075.txt,marginal_wise,LocalRouteDiversity,0
set_66_1_075.txt,marginal_envy,Median,1025
set_66_1_075.txt,marginal_envy,Q1,1025
set_66_1_075.txt,marginal_envy,Q3,1025
set_66_1_075.txt,marginal_envy,Best,1025
set_66_1_075.txt,marginal_envy,Worst,1025
set_66_1_075.txt,marginal_envy,Average,1025
set_66_1_075.txt,marginal_envy,RouteDiversity,0.7015704269737586
set_66_1_075.txt,marginal_envy,LocalRouteDiversity,0
set_66_1_075.txt,total_greedy,Median,535
set_66_1_075.txt,total_greedy,Q1,465
set_66_1_075.txt,total_greedy,Q3,610
set_66_1_075.txt,total_greedy,Best,970
set_66_1_075.txt,total_greedy,Worst,230
set_66_1_075.txt,total_greedy,Average,541.133
set_66_1_075.txt,total_greedy,RouteDiversity,0.9753363599206457
set_66_1_075.txt,total_greedy,LocalRouteDiversity,0.8128908404397338
set_66_1_075.txt,total_lazy,Median,745
set_66_1_075.txt,total_lazy,Q1,745
set_66_1_075.txt,total_lazy,Q3,745
set_66_1_075.txt,total_lazy,Best,745
set_66_1_075.txt,total_lazy,Worst,745
set_66_1_075.txt,total_lazy,Average,745
set_66_1_075.txt,total_lazy,RouteDiversity,0.4858718146686713
set_66_1_075.txt,total_lazy,LocalRouteDiversity,0
set_66_1_075.txt,total_smart,Median,1035
set_66_1_075.txt,total_smart,Q1,1025
set_66_1_075.txt,total_smart,Q3,1035
set_66_1_075.txt,total_smart,Best,1035
set_66_1_075.txt,total_smart,Worst,1025
set_66_1_075.txt,total_smart,Average,1030.03
set_66_1_075.txt,total_smart,RouteDiversity,0.696433102018775
set_66_1_075.txt,total_smart,LocalRouteDiversity,0
set_66_1_075.txt,total_wise,Median,1025
set_66_1_075.txt,total_wise,Q1,1025
set_66_1_075.txt,total_wise,Q3,1025
set_66_1_075.txt,total_wise,Best,1025
set_66_1_075.txt,total_wise,Worst,1025
set_66_1_075.txt,total_wise,Average,1025
set_66_1_075.txt,total_wise,RouteDiversity,0.4998518518518518
set_66_1_075.txt,total_wise,LocalRouteDiversity,0
set_66_1_075.txt,total_envy,Median,1025
set_66_1_075.txt,total_envy,Q1,1025
set_66_1_075.txt,total_envy,Q3,1025
set_66_1_075.txt,total_envy,Best,1025
set_66_1_075.txt,total_envy,Worst,1025
set_66_1_075.txt,total_envy,Average,1025
set_66_1_075.txt,total_envy,RouteDiversity,0.7013428280650723
set_66_1_075.txt,total_envy,LocalRouteDiversity,0
set_66_1_075.txt,selected_random,Median,1025
set_66_1_075.txt,selected_random,Q1,1025
set_66_1_075.txt,selected_random,Q3,1025
set_66_1_075.txt,selected_random,Best,1040
set_66_1_075.txt,selected_random,Worst,1005
set_66_1_075.txt,selected_random,Average,1024.75
set_66_1_075.txt,selected_random,RouteDiversity,0.7618424001851429
set_66_1_075.txt,selected_random,LocalRouteDiversity,0.0061556359723971745
set_66_1_075.txt,selected_random_random_tie,Median,1025
set_66_1_075.txt,selected_random_random_tie,Q1,1025
set_66_1_075.txt,selected_random_random_tie,Q3,1035
set_66_1_075.txt,selected_random_random_tie,Best,1040
set_66_1_075.txt,selected_random_random_tie,Worst,1005
set_66_1_075.txt,selected_random_random_tie,Average,1028.663
set_66_1_075.txt,selected_random_random_tie,RouteDiversity,0.7792181350837142
set_66_1_075.txt,selected_random_random_tie,LocalRouteDiversity,0.01304772925934976
set_66_1_075.txt,selected_random_tie_marginal_envy,Median,1025
set_66_1_075.txt,selected_random_tie_marginal_envy,Q1,1025
set_66_1_075.txt,selected_random_tie_marginal_envy,Q3,1035
set_66_1_075.txt,selected_random_tie_marginal_envy,Best,1040
set_66_1_075.txt,selected_random_tie_marginal_envy,Worst,1005
set_66_1_075.txt,selected_random_tie_marginal_envy,Average,1028.683
set_66_1_075.txt,selected_random_tie_marginal_envy,RouteDiversity,0.7793319011045913
set_66_1_075.txt,selected_random_tie_marginal_envy,LocalRouteDiversity,0.013064193250664918
set_66_1_075.txt,selected_random_tie_total_envy,Median,1025
set_66_1_075.txt,selected_random_tie_total_envy,Q1,1025
set_66_1_075.txt,selected_random_tie_total_envy,Q3,1035
set_66_1_075.txt,selected_random_tie_total_envy,Best,1040
set_66_1_075.txt,selected_random_tie_total_envy,Worst,1005
set_66_1_075.txt,selected_random_tie_total_envy,Average,1028.655
set_66_1_075.txt,selected_random_tie_total_envy,RouteDiversity,0.7780892770214287
set_66_1_075.txt,selected_random_tie_total_envy,LocalRouteDiversity,0.01236921320816952
set_66_1_075.txt,selected_random_tie_marginal_wise,Median,1025
set_66_1_075.txt,selected_random_tie_marginal_wise,Q1,1025
set_66_1_075.txt,selected_random_tie_marginal_wise,Q3,1035
set_66_1_075.txt,selected_random_tie_marginal_wise,Best,1035
set_66_1_075.txt,selected_random_tie_marginal_wise,Worst,1005
set_66_1_075.txt,selected_random_tie_marginal_wise,Average,1028.542
set_66_1_075.txt,selected_random_tie_marginal_wise,RouteDiversity,0.7794364764472883
set_66_1_075.txt,selected_random_tie_marginal_wise,LocalRouteDiversity,0.014046361663797849
set_66_1_085.txt,marginal_greedy,Median,585
set_66_1_085.txt,marginal_greedy,Q1,510
set_66_1_085.txt,marginal_greedy,Q3,665
set_66_1_085.txt,marginal_greedy,Best,1055
set_66_1_085.txt,marginal_greedy,Worst,260
set_66_1_085.txt,marginal_greedy,Average,590.337
set_66_1_085.txt,marginal_greedy,RouteDiversity,0.9736890945559558
set_66_1_085.txt,marginal_greedy,LocalRouteDiversity,0.821110026185043
set_66_1_085.txt,marginal_lazy,Median,825
set_66_1_085.txt,marginal_lazy,Q1,825
set_66_1_085.txt,marginal_lazy,Q3,825
set_66_1_085.txt,marginal_lazy,Best,825
set_66_1_085.txt,marginal_lazy,Worst,825
set_66_1_085.txt,marginal_lazy,Average,825
set_66_1_085.txt,marginal_lazy,RouteDiversity,0.48728482328164774
set_66_1_085.txt,marginal_lazy,LocalRouteDiversity,0
set_66_1_085.txt,marginal_smart,Median,1210
set_66_1_085.txt,marginal_smart,Q1,1210
set_66_1_085.txt,marginal_smart,Q3,1210
set_66_1_085.txt,marginal_smart,Best,1210
set_66_1_085.txt,marginal_smart,Worst,1210
set_66_1_085.txt,marginal_smart,Average,1210
set_66_1_085.txt,marginal_smart,RouteDiversity,0.6642511261261261
set_66_1_085.txt,marginal_smart,LocalRouteDiversity,0
set_66_1_085.txt,marginal_wise,Median,1210
set_66_1_085.txt,marginal_wise,Q1,1210
set_66_1_085.txt,marginal_wise,Q3,1210
set_66_1_085.txt,marginal_wise,Best,1210
set_66_1_085.txt,marginal_wise,Worst,1210
set_66_1_085.txt,marginal_wise,Average,1210
set_66_1_085.txt,marginal_wise,RouteDiversity,0.5003003003003003
set_66_1_085.txt,marginal_wise,LocalRouteDiversity,0
set_66_1_085.txt,marginal_envy,Median,1210
set_66_1_085.txt,marginal_envy,Q1,1210
set_66_1_085.txt,marginal_envy,Q3,1210
set_66_1_085.txt,marginal_envy,Best,1210
set_66_1_085.txt,marginal_envy,Worst,1210
set_66_1_085.txt,marginal_envy,Average,1210
set_66_1_085.txt,marginal_envy,RouteDiversity,0.6638462837837837
set_66_1_085.txt,marginal_envy,LocalRouteDiversity,0
set_66_1_085.txt,total_greedy,Median,585
set_66_1_085.txt,total_greedy,Q1,510
set_66_1_085.txt,total_greedy,Q3,665
set_66_1_085.txt,total_greedy,Best,1075
set_66_1_085.txt,total_greedy,Worst,250
set_66_1_085.txt,total_greedy,Average,590.105
set_66_1_085.txt,total_greedy,RouteDiversity,0.97468990510652
set_66_1_085.txt,total_greedy,LocalRouteDiversity,0.8223582283030438
set_66_1_085.txt,total_lazy,Median,855
set_66_1_085.txt,total_lazy,Q1,855
set_66_1_085.txt,total_lazy,Q3,855
set_66_1_085.txt,total_lazy,Best,855
set_66_1_085.txt,total_lazy,Worst,855
set_66_1_085.txt,total_lazy,Average,855
set_66_1_085.txt,total_lazy,RouteDiversity,0.5111800005096556
set_66_1_085.txt,total_lazy,LocalRouteDiversity,0
set_66_1_085.txt,total_smart,Median,1210
set_66_1_085.txt,total_smart,Q1,1210
set_66_1_085.txt,total_smart,Q3,1210
set_66_1_085.txt,total_smart,Best,1210
set_66_1_085.txt,total_smart,Worst,1210
set_66_1_085.txt,total_smart,Average,1210
set_66_1_085.txt,total_smart,RouteDiversity,0.6642481231231231
set_66_1_085.txt,total_smart,LocalRouteDiversity,0
set_66_1_085.txt,total_wise,Median,1210
set_66_1_085.txt,total_wise,Q1,1210
set_66_1_085.txt,total_wise,Q3,1210
set_66_1_085.txt,total_wise,Best,1210
set_66_1_085.txt,total_wise,Worst,1210
set_66_1_085.txt,total_wise,Average,1210
set_66_1_085.txt,total_wise,RouteDiversity,0.49881681681681683
set_66_1_085.txt,total_wise,LocalRouteDiversity,0
set_66_1_085.txt,total_envy,Median,1210
set_66_1_085.txt,total_envy,Q1,1210
set_66_1_085.txt,total_envy,Q3,1210
set_66_1_085.txt,total_envy,Best,1210
set_66_1_085.txt,total_envy,Worst,1210
set_66_1_085.txt,total_envy,Average,1210
set_66_1_085.txt,total_envy,RouteDiversity,0.6636274399399399
set_66_1_085.txt,total_envy,LocalRouteDiversity,0
set_66_1_085.txt,selected_random,Median,1210
set_66_1_085.txt,selected_random,Q1,1210
set_66_1_085.txt,selected_random,Q3,1210
set_66_1_085.txt,selected_random,Best,1210
set_66_1_085.txt,selected_random,Worst,1190
set_66_1_085.txt,selected_random,Average,1209.426
set_66_1_085.txt,selected_random,RouteDiversity,0.7296716241012722
set_66_1_085.txt,selected_random,LocalRouteDiversity,0.00416169130371853
set_66_1_085.txt,selected_random_random_tie,Median,1210
set_66_1_085.txt,selected_random_random_tie,Q1,1210
set_66_1_085.txt,selected_random_random_tie,Q3,1210
set_66_1_085.txt,selected_random_random_tie,Best,1210
set_66_1_085.txt,selected_random_random_tie,Worst,1190
set_66_1_085.txt,selected_random_random_tie,Average,1209.396
set_66_1_085.txt,selected_random_random_tie,RouteDiversity,0.7424248361854995
set_66_1_085.txt,selected_random_random_tie,LocalRouteDiversity,0.011746902206704449
set_66_1_085.txt,selected_random_tie_marginal_envy,Median,1210
set_66_1_085.txt,selected_random_tie_marginal_envy,Q1,1210
set_66_1_085.txt,selected_random_tie_marginal_envy,Q3,1210
set_66_1_085.txt,selected_random_tie_marginal_envy,Best,1210
set_66_1_085.txt,selected_random_tie_marginal_envy,Worst,1190
set_66_1_085.txt,selected_random_tie_marginal_envy,Average,1209.456
set_66_1_085.txt,selected_random_tie_marginal_envy,RouteDiversity,0.7421484880546456
set_66_1_085.txt,selected_random_tie_marginal_envy,LocalRouteDiversity,0.00800442323633123
set_66_1_085.txt,selected_random_tie_total_envy,Median,1210
set_66_1_085.txt,selected_random_tie_total_envy,Q1,1210
set_66_1_085.txt,selected_random_tie_total_envy,Q3,1210
set_66_1_085.txt,selected_random_tie_total_envy,Best,1210
set_66_1_085.txt,selected_random_tie_total_envy,Worst,1190
set_66_1_085.txt,selected_random_tie_total_envy,Average,1209.422
set_66_1_085.txt,selected_random_tie_total_envy,RouteDiversity,0.743711105103619
set_66_1_085.txt,selected_random_tie_total_envy,LocalRouteDiversity,0.011850907780195017
set_66_1_085.txt,selected_random_tie_marginal_wise,Median,1210
set_66_1_085.txt,selected_random_tie_marginal_wise,Q1,1210
set_66_1_085.txt,selected_random_tie_marginal_wise,Q3,1210
set_66_1_085.txt,selected_random_tie_marginal_wise,Best,1210
set_66_1_085.txt,selected_random_tie_marginal_wise,Worst,1190
set_66_1_085.txt,selected_random_tie_marginal_wise,Average,1209.394
set_66_1_085.txt,selected_random_tie_marginal_wise,RouteDiversity,0.7418863259326957
set_66_1_085.txt,selected_random_tie_marginal_wise,LocalRouteDiversity,0.012021509822306964
set_66_1_110.txt,marginal_greedy,Median,705
set_66_1_110.txt,marginal_greedy,Q1,630
set_66_1_110.txt,marginal_greedy,Q3,785
set_66_1_110.txt,marginal_greedy,Best,1150
set_66_1_110.txt,marginal_greedy,Worst,320
set_66_1_110.txt,marginal_greedy,Average,709.316
set_66_1_110.txt,marginal_greedy,RouteDiversity,0.9756055772764275
set_66_1_110.txt,marginal_greedy,LocalRouteDiversity,0.8446114603521114
set_66_1_110.txt,marginal_lazy,Median,1175
set_66_1_110.txt,marginal_lazy,Q1,1175
set_66_1_110.txt,marginal_lazy,Q3,1175
set_66_1_110.txt,marginal_lazy,Best,1175
set_66_1_110.txt,marginal_lazy,Worst,1175
set_66_1_110.txt,marginal_lazy,Average,1175
set_66_1_110.txt,marginal_lazy,RouteDiversity,0.4890604890626604
set_66_1_110.txt,marginal_lazy,LocalRouteDiversity,0
set_66_1_110.txt,marginal_smart,Median,1550
set_66_1_110.txt,marginal_smart,Q1,1550
set_66_1_110.txt,marginal_smart,Q3,1550
set_66_1_110.txt,marginal_smart,Best,1550
set_66_1_110.txt,marginal_smart,Worst,1550
set_66_1_110.txt,marginal_smart,Average,1550
set_66_1_110.txt,marginal_smart,RouteDiversity,0.5959049049053694
set_66_1_110.txt,marginal_smart,LocalRouteDiversity,0
set_66_1_110.txt,marginal_wise,Median,1550
set_66_1_110.txt,marginal_wise,Q1,1550
set_66_1_110.txt,marginal_wise,Q3,1550
set_66_1_110.txt,marginal_wise,Best,1550
set_66_1_110.txt,marginal_wise,Worst,1550
set_66_1_110.txt,marginal_wise,Average,1550
set_66_1_110.txt,marginal_wise,RouteDiversity,0.4983203203203203
set_66_1_110.txt,marginal_wise,LocalRouteDiversity,0
set_66_1_110.txt,marginal_envy,Median,1540
set_66_1_110.txt,marginal_envy,Q1,1540
set_66_1_110.txt,marginal_envy,Q3,1550
set_66_1_110.txt,marginal_envy,Best,1550
set_66_1_110.txt,marginal_envy,Worst,1540
set_66_1_110.txt,marginal_envy,Average,1544.94
set_66_1_110.txt,marginal_envy,RouteDiversity,0.5936748912955679
set_66_1_110.txt,marginal_envy,LocalRouteDiversity,0
set_66_1_110.txt,total_greedy,Median,710
set_66_1_110.txt,total_greedy,Q1,630
set_66_1_110.txt,total_greedy,Q3,790
set_66_1_110.txt,total_greedy,Best,1215
set_66_1_110.txt,total_greedy,Worst,350
set_66_1_110.txt,total_greedy,Average,712.993
set_66_1_110.txt,total_greedy,RouteDiversity,0.9746516058587937
set_66_1_110.txt,total_greedy,LocalRouteDiversity,0.8441855498294271
set_66_1_110.txt,total_lazy,Median,1235
set_66_1_110.txt,total_lazy,Q1,1235
set_66_1_110.txt,total_lazy,Q3,1235
set_66_1_110.txt,total_lazy,Best,1235
set_66_1_110.txt,total_lazy,Worst,1235
set_66_1_110.txt,total_lazy,Average,1235
set_66_1_110.txt,total_lazy,RouteDiversity,0.4898211937442673
set_66_1_110.txt,total_lazy,LocalRouteDiversity,0
set_66_1_110.txt,total_smart,Median,1530
set_66_1_110.txt,total_smart,Q1,1530
set_66_1_110.txt,total_smart,Q3,1530
set_66_1_110.txt,total_smart,Best,1530
set_66_1_110.txt,total_smart,Worst,1530
set_66_1_110.txt,total_smart,Average,1530
set_66_1_110.txt,total_smart,RouteDiversity,0.5770107030099024
set_66_1_110.txt,total_smart,LocalRouteDiversity,0
set_66_1_110.txt,total_wise,Median,1530
set_66_1_110.txt,total_wise,Q1,1530
set_66_1_110.txt,total_wise,Q3,1530
set_66_1_110.txt,total_wise,Best,1530
set_66_1_110.txt,total_wise,Worst,1530
set_66_1_110.txt,total_wise,Average,1530
set_66_1_110.txt,total_wise,RouteDiversity,0.5003003003003003
set_66_1_110.txt,total_wise,LocalRouteDiversity,0
set_66_1_110.txt,total_envy,Median,1530
set_66_1_110.txt,total_envy,Q1,1530
set_66_1_110.txt,total_envy,Q3,1530
set_66_1_110.txt,total_envy,Best,1530
set_66_1_110.txt,total_envy,Worst,1530
set_66_1_110.txt,total_envy,Average,1530
set_66_1_110.txt,total_envy,RouteDiversity,0.5768135828127793
set_66_1_110.txt,total_envy,LocalRouteDiversity,0
set_66_1_110.txt,selected_random,Median,1550
set_66_1_110.txt,selected_random,Q1,1540
set_66_1_110.txt,selected_random,Q3,1550
set_66_1_110.txt,selected_random,Best,1550
set_66_1_110.txt,selected_random,Worst,1525
set_66_1_110.txt,selected_random,Average,1543.877
set_66_1_110.txt,selected_random,RouteDiversity,0.6433203198258546
set_66_1_110.txt,selected_random,LocalRouteDiversity,0.007295044682876385
set_66_1_110.txt,selected_random_random_tie,Median,1540
set_66_1_110.txt,selected_random_random_tie,Q1,1540
set_66_1_110.txt,selected_random_random_tie,Q3,1550
set_66_1_110.txt,selected_random_random_tie,Best,1550
set_66_1_110.txt,selected_random_random_tie,Worst,1530
set_66_1_110.txt,selected_random_random_tie,Average,1543.902
set_66_1_110.txt,selected_random_random_tie,RouteDiversity,0.6650764825066654
set_66_1_110.txt,selected_random_random_tie,LocalRouteDiversity,0.10580090691750509
set_66_1_110.txt,selected_random_tie_marginal_envy,Median,1540
set_66_1_110.txt,selected_random_tie_marginal_envy,Q1,1540
set_66_1_110.txt,selected_random_tie_marginal_envy,Q3,1550
set_66_1_110.txt,selected_random_tie_marginal_envy,Best,1550
set_66_1_110.txt,selected_random_tie_marginal_envy,Worst,1530
set_66_1_110.txt,selected_random_tie_marginal_envy,Average,1543.93
set_66_1_110.txt,selected_random_tie_marginal_envy,RouteDiversity,0.6642822947685284
set_66_1_110.txt,selected_random_tie_marginal_envy,LocalRouteDiversity,0.10663586277905764
set_66_1_110.txt,selected_random_tie_total_envy,Median,1540
set_66_1_110.txt,selected_random_tie_total_envy,Q1,1540
set_66_1_110.txt,selected_random_tie_total_envy,Q3,1550
set_66_1_110.txt,selected_random_tie_total_envy,Best,1550
set_66_1_110.txt,selected_random_tie_total_envy,Worst,1530
set_66_1_110.txt,selected_random_tie_total_envy,Average,1544.148
set_66_1_110.txt,selected_random_tie_total_envy,RouteDiversity,0.6638752582518733
set_66_1_110.txt,selected_random_tie_total_envy,LocalRouteDiversity,0.09439070443414631
set_66_1_110.txt,selected_random_tie_marginal_wise,Median,1540
set_66_1_110.txt,selected_random_tie_marginal_wise,Q1,1540
set_66_1_110.txt,selected_random_tie_marginal_wise,Q3,1550
set_66_1_110.txt,selected_random_tie_marginal_wise,Best,1550
set_66_1_110.txt,selected_random_tie_marginal_wise,Worst,1530
set_66_1_110.txt,selected_random_tie_marginal_wise,Average,1543.751
set_66_1_110.txt,selected_random_tie_marginal_wise,RouteDiversity,0.6642092660724871
set_66_1_110.txt,selected_random_tie_marginal_wise,LocalRouteDiversity,0.10453115677452
set_66_1_105.txt,marginal_greedy,Median,685
set_66_1_105.txt,marginal_greedy,Q1,605
set_66_1_105.txt,marginal_greedy,Q3,765
set_66_1_105.txt,marginal_greedy,Best,1185
set_66_1_105.txt,marginal_greedy,Worst,305
set_66_1_105.txt,marginal_greedy,Average,687.257
set_66_1_105.txt,marginal_greedy,RouteDiversity,0.9755606451060403
set_66_1_105.txt,marginal_greedy,LocalRouteDiversity,0.841923191180047
set_66_1_105.txt,marginal_lazy,Median,1140
set_66_1_105.txt,marginal_lazy,Q1,1140
set_66_1_105.txt,marginal_lazy,Q3,1140
set_66_1_105.txt,marginal_lazy,Best,1140
set_66_1_105.txt,marginal_lazy,Worst,1140
set_66_1_105.txt,marginal_lazy,Average,1140
set_66_1_105.txt,marginal_lazy,RouteDiversity,0.4900734067383377
set_66_1_105.txt,marginal_lazy,LocalRouteDiversity,0
set_66_1_105.txt,marginal_smart,Median,1520
set_66_1_105.txt,marginal_smart,Q1,1520
set_66_1_105.txt,marginal_smart,Q3,1520
set_66_1_105.txt,marginal_smart,Best,1520
set_66_1_105.txt,marginal_smart,Worst,1520
set_66_1_105.txt,marginal_smart,Average,1520
set_66_1_105.txt,marginal_smart,RouteDiversity,0.5835960960960961
set_66_1_105.txt,marginal_smart,LocalRouteDiversity,0
set_66_1_105.txt,marginal_wise,Median,1520
set_66_1_105.txt,marginal_wise,Q1,1520
set_66_1_105.txt,marginal_wise,Q3,1520
set_66_1_105.txt,marginal_wise,Best,1520
set_66_1_105.txt,marginal_wise,Worst,1520
set_66_1_105.txt,marginal_wise,Average,1520
set_66_1_105.txt,marginal_wise,RouteDiversity,0.5000500500500501
set_66_1_105.txt,marginal_wise,LocalRouteDiversity,0
set_66_1_105.txt,marginal_envy,Median,1520
set_66_1_105.txt,marginal_envy,Q1,1520
set_66_1_105.txt,marginal_envy,Q3,1520
set_66_1_105.txt,marginal_envy,Best,1520
set_66_1_105.txt,marginal_envy,Worst,1520
set_66_1_105.txt,marginal_envy,Average,1520
set_66_1_105.txt,marginal_envy,RouteDiversity,0.5864963713713713
set_66_1_105.txt,marginal_envy,LocalRouteDiversity,0
set_66_1_105.txt,total_greedy,Median,685
set_66_1_105.txt,total_greedy,Q1,605
set_66_1_105.txt,total_greedy,Q3,770
set_66_1_105.txt,total_greedy,Best,1140
set_66_1_105.txt,total_greedy,Worst,320
set_66_1_105.txt,total_greedy,Average,689.506
set_66_1_105.txt,total_greedy,RouteDiversity,0.9746422750545232
set_66_1_105.txt,total_greedy,LocalRouteDiversity,0.8385867190040661
set_66_1_105.txt,total_lazy,Median,1130
set_66_1_105.txt,total_lazy,Q1,1130
set_66_1_105.txt,total_lazy,Q3,1130
set_66_1_105.txt,total_lazy,Best,1130
set_66_1_105.txt,total_lazy,Worst,1130
set_66_1_105.txt,total_lazy,Average,1130
set_66_1_105.txt,total_lazy,RouteDiversity,0.4900243993976642
set_66_1_105.txt,total_lazy,LocalRouteDiversity,0
set_66_1_105.txt,total_smart,Median,1520
set_66_1_105.txt,total_smart,Q1,1485
set_66_1_105.txt,total_smart,Q3,1520
set_66_1_105.txt,total_smart,Best,1520
set_66_1_105.txt,total_smart,Worst,1485
set_66_1_105.txt,total_smart,Average,1502.962
set_66_1_105.txt,total_smart,RouteDiversity,0.590271021021021
set_66_1_105.txt,total_smart,LocalRouteDiversity,0
set_66_1_105.txt,total_wise,Median,1520
set_66_1_105.txt,total_wise,Q1,1520
set_66_1_105.txt,total_wise,Q3,1520
set_66_1_105.txt,total_wise,Best,1520
set_66_1_105.txt,total_wise,Worst,1520
set_66_1_105.txt,total_wise,Average,1520
set_66_1_105.txt,total_wise,RouteDiversity,0.49977777777777777
set_66_1_105.txt,total_wise,LocalRouteDiversity,0
set_66_1_105.txt,total_envy,Median,1485
set_66_1_105.txt,total_envy,Q1,1485
set_66_1_105.txt,total_envy,Q3,1485
set_66_1_105.txt,total_envy,Best,1485
set_66_1_105.txt,total_envy,Worst,1485
set_66_1_105.txt,total_envy,Average,1485
set_66_1_105.txt,total_envy,RouteDiversity,0.5929059059059059
set_66_1_105.txt,total_envy,LocalRouteDiversity,0
set_66_1_105.txt,selected_random,Median,1520
set_66_1_105.txt,selected_random,Q1,1520
set_66_1_105.txt,selected_random,Q3,1520
set_66_1_105.txt,selected_random,Best,1520
set_66_1_105.txt,selected_random,Worst,1465
set_66_1_105.txt,selected_random,Average,1512.574
set_66_1_105.txt,selected_random,RouteDiversity,0.6323538375140736
set_66_1_105.txt,selected_random,LocalRouteDiversity,0.004089291157185895
set_66_1_105.txt,selected_random_random_tie,Median,1520
set_66_1_105.txt,selected_random_random_tie,Q1,1520
set_66_1_105.txt,selected_random_random_tie,Q3,1520
set_66_1_105.txt,selected_random_random_tie,Best,1520
set_66_1_105.txt,selected_random_random_tie,Worst,1465
set_66_1_105.txt,selected_random_random_tie,Average,1515.897
set_66_1_105.txt,selected_random_random_tie,RouteDiversity,0.6342467628755604
set_66_1_105.txt,selected_random_random_tie,LocalRouteDiversity,0.010461051675540747
set_66_1_105.txt,selected_random_tie_marginal_envy,Median,1520
set_66_1_105.txt,selected_random_tie_marginal_envy,Q1,1520
set_66_1_105.txt,selected_random_tie_marginal_envy,Q3,1520
set_66_1_105.txt,selected_random_tie_marginal_envy,Best,1520
set_66_1_105.txt,selected_random_tie_marginal_envy,Worst,1465
set_66_1_105.txt,selected_random_tie_marginal_envy,Average,1515.852
set_66_1_105.txt,selected_random_tie_marginal_envy,RouteDiversity,0.6325993443029378
set_66_1_105.txt,selected_random_tie_marginal_envy,LocalRouteDiversity,0.011384209784152576
set_66_1_105.txt,selected_random_tie_total_envy,Median,1520
set_66_1_105.txt,selected_random_tie_total_envy,Q1,1520
set_66_1_105.txt,selected_random_tie_total_envy,Q3,1520
set_66_1_105.txt,selected_random_tie_total_envy,Best,1520
set_66_1_105.txt,selected_random_tie_total_envy,Worst,1475
set_66_1_105.txt,selected_random_tie_total_envy,Average,1516.887
set_66_1_105.txt,selected_random_tie_total_envy,RouteDiversity,0.6336829288206272
set_66_1_105.txt,selected_random_tie_total_envy,LocalRouteDiversity,0.009405368253000606
set_66_1_105.txt,selected_random_tie_marginal_wise,Median,1520
set_66_1_105.txt,selected_random_tie_marginal_wise,Q1,1520
set_66_1_105.txt,selected_random_tie_marginal_wise,Q3,1520
set_66_1_105.txt,selected_random_tie_marginal_wise,Best,1520
set_66_1_105.txt,selected_random_tie_marginal_wise,Worst,1465
set_66_1_105.txt,selected_random_tie_marginal_wise,Average,1515.811
set_66_1_105.txt,selected_random_tie_marginal_wise,RouteDiversity,0.6346709425735428
set_66_1_105.txt,selected_random_tie_marginal_wise,LocalRouteDiversity,0.011727140984201651
set_66_1_125.txt,marginal_greedy,Median,770
set_66_1_125.txt,marginal_greedy,Q1,685
set_66_1_125.txt,marginal_greedy,Q3,855
set_66_1_125.txt,marginal_greedy,Best,1245
set_66_1_125.txt,marginal_greedy,Worst,340
set_66_1_125.txt,marginal_greedy,Average,773.518
set_66_1_125.txt,marginal_greedy,RouteDiversity,0.975529761420141
set_66_1_125.txt,marginal_greedy,LocalRouteDiversity,0.8516418601586534
set_66_1_125.txt,marginal_lazy,Median,1375
set_66_1_125.txt,marginal_lazy,Q1,1375
set_66_1_125.txt,marginal_lazy,Q3,1375
set_66_1_125.txt,marginal_lazy,Best,1375
set_66_1_125.txt,marginal_lazy,Worst,1375
set_66_1_125.txt,marginal_lazy,Average,1375
set_66_1_125.txt,marginal_lazy,RouteDiversity,0.4913926289903776
set_66_1_125.txt,marginal_lazy,LocalRouteDiversity,0
set_66_1_125.txt,marginal_smart,Median,1630
set_66_1_125.txt,marginal_smart,Q1,1630
set_66_1_125.txt,marginal_smart,Q3,1630
set_66_1_125.txt,marginal_smart,Best,1630
set_66_1_125.txt,marginal_smart,Worst,1630
set_66_1_125.txt,marginal_smart,Average,1630
set_66_1_125.txt,marginal_smart,RouteDiversity,0.6372459602479321
set_66_1_125.txt,marginal_smart,LocalRouteDiversity,0
set_66_1_125.txt,marginal_wise,Median,1650
set_66_1_125.txt,marginal_wise,Q1,1650
set_66_1_125.txt,marginal_wise,Q3,1650
set_66_1_125.txt,marginal_wise,Best,1650
set_66_1_125.txt,marginal_wise,Worst,1650
set_66_1_125.txt,marginal_wise,Average,1650
set_66_1_125.txt,marginal_wise,RouteDiversity,0.5002582582582582
set_66_1_125.txt,marginal_wise,LocalRouteDiversity,0
set_66_1_125.txt,marginal_envy,Median,1625
set_66_1_125.txt,marginal_envy,Q1,1625
set_66_1_125.txt,marginal_envy,Q3,1630
set_66_1_125.txt,marginal_envy,Best,1630
set_66_1_125.txt,marginal_envy,Worst,1625
set_66_1_125.txt,marginal_envy,Average,1627.462
set_66_1_125.txt,marginal_envy,RouteDiversity,0.6291847320660658
set_66_1_125.txt,marginal_envy,LocalRouteDiversity,0
set_66_1_125.txt,total_greedy,Median,775
set_66_1_125.txt,total_greedy,Q1,690
set_66_1_125.txt,total_greedy,Q3,860
set_66_1_125.txt,total_greedy,Best,1235
set_66_1_125.txt,total_greedy,Worst,405
set_66_1_125.txt,total_greedy,Average,776.486
set_66_1_125.txt,total_greedy,RouteDiversity,0.9757786477911237
set_66_1_125.txt,total_greedy,LocalRouteDiversity,0.8529805269621566
set_66_1_125.txt,total_lazy,Median,1410
set_66_1_125.txt,total_lazy,Q1,1410
set_66_1_125.txt,total_lazy,Q3,1410
set_66_1_125.txt,total_lazy,Best,1410
set_66_1_125.txt,total_lazy,Worst,1410
set_66_1_125.txt,total_lazy,Average,1410
set_66_1_125.txt,total_lazy,RouteDiversity,0.490925925923394
set_66_1_125.txt,total_lazy,LocalRouteDiversity,0
set_66_1_125.txt,total_smart,Median,1620
set_66_1_125.txt,total_smart,Q1,1620
set_66_1_125.txt,total_smart,Q3,1635
set_66_1_125.txt,total_smart,Best,1635
set_66_1_125.txt,total_smart,Worst,1620
set_66_1_125.txt,total_smart,Average,1627.218
set_66_1_125.txt,total_smart,RouteDiversity,0.5951679310879638
set_66_1_125.txt,total_smart,LocalRouteDiversity,0
set_66_1_125.txt,total_wise,Median,1635
set_66_1_125.txt,total_wise,Q1,1635
set_66_1_125.txt,total_wise,Q3,1635
set_66_1_125.txt,total_wise,Best,1635
set_66_1_125.txt,total_wise,Worst,1635
set_66_1_125.txt,total_wise,Average,1635
set_66_1_125.txt,total_wise,RouteDiversity,0.49857657657657656
set_66_1_125.txt,total_wise,LocalRouteDiversity,0
set_66_1_125.txt,total_envy,Median,1635
set_66_1_125.txt,total_envy,Q1,1620
set_66_1_125.txt,total_envy,Q3,1635
set_66_1_125.txt,total_envy,Best,1635
set_66_1_125.txt,total_envy,Worst,1620
set_66_1_125.txt,total_envy,Average,1627.56
set_66_1_125.txt,total_envy,RouteDiversity,0.6047774812184172
set_66_1_125.txt,total_envy,LocalRouteDiversity,0
set_66_1_125.txt,selected_random,Median,1635
set_66_1_125.txt,selected_random,Q1,1630
set_66_1_125.txt,selected_random,Q3,1635
set_66_1_125.txt,selected_random,Best,1650
set_66_1_125.txt,selected_random,Worst,1615
set_66_1_125.txt,selected_random,Average,1634.226
set_66_1_125.txt,selected_random,RouteDiversity,0.6693459203168508
set_66_1_125.txt,selected_random,LocalRouteDiversity,0.01739584815143723
set_66_1_125.txt,selected_random_random_tie,Median,1640
set_66_1_125.txt,selected_random_random_tie,Q1,1635
set_66_1_125.txt,selected_random_random_tie,Q3,1645
set_66_1_125.txt,selected_random_random_tie,Best,1670
set_66_1_125.txt,selected_random_random_tie,Worst,1615
set_66_1_125.txt,selected_random_random_tie,Average,1640.338
set_66_1_125.txt,selected_random_random_tie,RouteDiversity,0.7328153429560801
set_66_1_125.txt,selected_random_random_tie,LocalRouteDiversity,0.2800656028253936
set_66_1_125.txt,selected_random_tie_marginal_envy,Median,1640
set_66_1_125.txt,selected_random_tie_marginal_envy,Q1,1635
set_66_1_125.txt,selected_random_tie_marginal_envy,Q3,1645
set_66_1_125.txt,selected_random_tie_marginal_envy,Best,1670
set_66_1_125.txt,selected_random_tie_marginal_envy,Worst,1605
set_66_1_125.txt,selected_random_tie_marginal_envy,Average,1640.401
set_66_1_125.txt,selected_random_tie_marginal_envy,RouteDiversity,0.7334195327848826
set_66_1_125.txt,selected_random_tie_marginal_envy,LocalRouteDiversity,0.2812767868164855
set_66_1_125.txt,selected_random_tie_total_envy,Median,1640
set_66_1_125.txt,selected_random_tie_total_envy,Q1,1635
set_66_1_125.txt,selected_random_tie_total_envy,Q3,1645
set_66_1_125.txt,selected_random_tie_total_envy,Best,1660
set_66_1_125.txt,selected_random_tie_total_envy,Worst,1615
set_66_1_125.txt,selected_random_tie_total_envy,Average,1640.386
set_66_1_125.txt,selected_random_tie_total_envy,RouteDiversity,0.733788073642246
set_66_1_125.txt,selected_random_tie_total_envy,LocalRouteDiversity,0.278667886460455
set_66_1_125.txt,selected_random_tie_marginal_wise,Median,1640
set_66_1_125.txt,selected_random_tie_marginal_wise,Q1,1635
set_66_1_125.txt,selected_random_tie_marginal_wise,Q3,1645
set_66_1_125.txt,selected_random_tie_marginal_wise,Best,1670
set_66_1_125.txt,selected_random_tie_marginal_wise,Worst,1605
set_66_1_125.txt,selected_random_tie_marginal_wise,Average,1640.268
set_66_1_125.txt,selected_random_tie_marginal_wise,RouteDiversity,0.7335865165780708
set_66_1_125.txt,selected_random_tie_marginal_wise,LocalRouteDiversity,0.2797737609887103
